/* generated by tools/gen_lift.py - stock bd1860 driver+algorithm lift */
/* SPDX-License-Identifier: GPL-2.0 */
#define BD_LIFT_BLOB_OFF  0x0056c000	/* span start (page aligned) */
#define BD_LIFT_BLOB_LEN  94720
static u8 bd_blob[BD_LIFT_BLOB_LEN] __aligned(4096) = {
	0x60,0x76,0x00,0xd0,0x00,0xa4,0x44,0xf9,0x01,0x20,0x40,0xf9,0x00,0x34,0x00,0xf0,
	0x00,0xd0,0x19,0x91,0x2a,0x00,0x00,0x14,0x78,0x76,0x00,0xd0,0x19,0x17,0x80,0x52,
	0xa1,0xa2,0x06,0x91,0x00,0x23,0x25,0x91,0x77,0x76,0x00,0xd0,0x23,0x04,0x40,0xb9,
	0x00,0x04,0x40,0xf9,0x63,0x7c,0x39,0x9b,0x63,0x48,0x36,0x8b,0x03,0x00,0x03,0x8b,
	0x61,0x34,0xc0,0x79,0x41,0x01,0xf8,0x37,0x62,0x70,0x40,0x39,0xe0,0x03,0x14,0xaa,
	0x63,0x74,0x40,0x39,0xa8,0xfb,0xff,0x97,0xf3,0x03,0x00,0x2a,0xf3,0x08,0xf8,0x37,
	0xd6,0x06,0x00,0x11,0xdf,0x2e,0x00,0x71,0xc1,0xfd,0xff,0x54,0xe0,0xa6,0x44,0xf9,
	0xb6,0xa2,0x06,0x91,0x01,0x28,0x40,0xf9,0x40,0x01,0x80,0x52,0x20,0x00,0x3f,0xd6,
	0xc0,0xc2,0x40,0xb9,0x00,0x02,0xf8,0x36,0xe0,0x03,0x14,0xaa,0x30,0xfe,0xff,0x97,
	0xc0,0xc2,0x00,0xb9,0x80,0x01,0xf8,0x36,0xa0,0x55,0x00,0x90,0x13,0x00,0x80,0x12,
	0x00,0xa8,0x41,0xb9,0xa0,0x06,0x00,0x36,0x60,0x76,0x00,0xd0,0x00,0xa4,0x44,0xf9,
	0x01,0x20,0x40,0xf9,0x00,0x34,0x00,0xf0,0x00,0x74,0x1b,0x91,0x20,0x00,0x3f,0xd6,
	0x2e,0x00,0x00,0x14,0xe0,0x22,0x25,0x91,0x00,0x20,0x40,0xb9,0x00,0x08,0x00,0x51,
	0x1f,0x04,0x00,0x71,0x08,0x02,0x00,0x54,0x60,0x76,0x00,0xd0,0x00,0xa4,0x44,0xf9,
	0x01,0x18,0x40,0xf9,0xe0,0x03,0x14,0xaa,0x20,0x00,0x3f,0xd6,0x00,0x1c,0x00,0x53,
	0x1f,0x30,0x01,0x71,0x60,0x00,0x00,0x54,0x1f,0x98,0x00,0x71,0xc1,0x00,0x00,0x54,
	0xe0,0x03,0x14,0xaa,0x81,0x11,0x80,0x52,0xe2,0x07,0x80,0x12,0x03,0x00,0x80,0x52,
	0x79,0xfb,0xff,0x97,0xb5,0xa2,0x06,0x91,0xa0,0xc6,0x40,0xb9,0x1f,0x04,0x00,0x71,
	0x01,0x02,0x00,0x54,0xe0,0x03,0x14,0xaa,0x29,0xff,0xff,0x97,0xf3,0x03,0x00,0x2a,
	0x93,0x01,0xf8,0x36,0xa0,0x55,0x00,0x90,0x00,0xa8,0x41,0xb9,0x13,0x00,0x00,0x12,
	0xc0,0x01,0x00,0x36,0xe0,0xa6,0x44,0xf9,0x13,0x00,0x80,0x52,0x01,0x20,0x40,0xf9,
	0x00,0x34,0x00,0xf0,0x00,0x28,0x1c,0x91,0x20,0x00,0x3f,0xd6,0x07,0x00,0x00,0x14,
	0xe0,0x03,0x14,0xaa,0x21,0x04,0x80,0x52,0x02,0x00,0x80,0x12,0x63,0x06,0x80,0x12,
	0x61,0xfb,0xff,0x97,0x13,0x00,0x13,0x2a,0xe0,0x03,0x13,0x2a,0xf9,0x23,0x40,0xf9,
	0xf3,0x53,0x41,0xa9,0xf5,0x5b,0x42,0xa9,0xf7,0x63,0x43,0xa9,0xfd,0x7b,0xc5,0xa8,
	0xc0,0x03,0x5f,0xd6,0xfd,0x7b,0xbd,0xa9,0xfd,0x03,0x00,0x91,0xf3,0x53,0x01,0xa9,
	0x74,0x76,0x00,0xd0,0xb3,0x55,0x00,0x90,0xf5,0x5b,0x02,0xa9,0xf5,0x03,0x00,0xaa,
	0x80,0x22,0x25,0x91,0x61,0xa2,0x06,0x91,0x22,0x20,0x00,0x91,0x02,0x04,0x00,0xf9,
	0x60,0xaa,0x41,0xb9,0xe0,0x00,0x10,0x36,0x80,0xa6,0x44,0xf9,0x21,0x04,0x40,0xb9,
	0x02,0x20,0x40,0xf9,0x00,0x34,0x00,0xf0,0x00,0xa4,0x1c,0x91,0x40,0x00,0x3f,0xd6,
	0x76,0xa2,0x06,0x91,0xc0,0x06,0x40,0xb9,0xc0,0x01,0xf8,0x37,0x61,0xaa,0x41,0xb9,
	0x60,0xa2,0x06,0x91,0x61,0x03,0x10,0x36,0x81,0xa6,0x44,0xf9,0x03,0x20,0x00,0x91,
	0x04,0x04,0x80,0xb9,0x00,0x34,0x00,0xf0,0x00,0xa8,0x1d,0x91,0x22,0x20,0x40,0xf9,
	0x01,0x17,0x80,0xd2,0x81,0x0c,0x01,0x9b,0x40,0x00,0x3f,0xd6,0x11,0x00,0x00,0x14,
	0xe0,0x03,0x15,0xaa,0x55,0xfd,0xff,0x97,0xe1,0x03,0x00,0x2a,0x41,0x01,0xf8,0x36,
	0xa0,0x55,0x00,0x90,0x00,0xa8,0x41,0xb9,0x80,0x02,0x00,0x36,0x80,0xa6,0x44,0xf9,
	0x02,0x20,0x40,0xf9,0x00,0x34,0x00,0xf0,0x00,0x00,0x1d,0x91,0x40,0x00,0x3f,0xd6,
	0x0e,0x00,0x00,0x14,0xc0,0x06,0x40,0xb9,0xa0,0xfc,0xff,0x36,0x0b,0x00,0x00,0x14,
	0xe0,0x03,0x15,0xaa,0x59,0xff,0xff,0x97,0x20,0x01,0xf8,0x36,0x60,0xaa,0x41,0xb9,
	0xc0,0x00,0x00,0x36,0x80,0xa6,0x44,0xf9,0x01,0x20,0x40,0xf9,0x00,0x34,0x00,0xf0,
	0x00,0x28,0x1e,0x91,0x20,0x00,0x3f,0xd6,0x00,0x00,0x80,0x52,0xf3,0x53,0x41,0xa9,
	0xf5,0x5b,0x42,0xa9,0xfd,0x7b,0xc3,0xa8,0xc0,0x03,0x5f,0xd6,0xfd,0x7b,0xbc,0xa9,
	0xfd,0x03,0x00,0x91,0xf3,0x53,0x01,0xa9,0x94,0x50,0x00,0xb0,0xa2,0x03,0x01,0x91,
	0xf5,0x13,0x00,0xf9,0xf5,0x03,0x00,0xaa,0x81,0x86,0x47,0xf9,0xa1,0x1f,0x00,0xf9,
	0xe1,0x05,0x80,0x52,0x5f,0x7c,0x1f,0x38,0xec,0xf9,0xff,0x97,0xa1,0xdf,0x40,0x39,
	0x00,0x34,0x00,0xf0,0x00,0x94,0x1e,0x91,0x33,0x7c,0x04,0x53,0xe2,0x03,0x13,0x2a,
	0x31,0x5b,0xec,0x97,0x7f,0x3a,0x00,0x71,0xe1,0x05,0x80,0x52,0xe0,0x87,0x9f,0x1a,
	0xe2,0x01,0x80,0x12,0x73,0x02,0x00,0x0b,0xe0,0x03,0x15,0xaa,0x63,0x6e,0x1c,0x53,
	0xfd,0xfa,0xff,0x97,0xa2,0x1f,0x40,0xf9,0x81,0x86,0x47,0xf9,0x5f,0x00,0x01,0xeb,
	0x40,0x00,0x00,0x54,0x56,0xed,0xea,0x97,0xf3,0x53,0x41,0xa9,0xf5,0x13,0x40,0xf9,
	0xfd,0x7b,0xc4,0xa8,0xc0,0x03,0x5f,0xd6,0xfd,0x7b,0xbc,0xa9,0xfd,0x03,0x00,0x91,
	0xf3,0x53,0x01,0xa9,0x94,0x50,0x00,0xb0,0xa2,0x03,0x01,0x91,0xf5,0x13,0x00,0xf9,
	0xf5,0x03,0x00,0xaa,0x81,0x86,0x47,0xf9,0xa1,0x1f,0x00,0xf9,0xe1,0x05,0x80,0x52,
	0x5f,0x7c,0x1f,0x38,0xc9,0xf9,0xff,0x97,0xa1,0xdf,0x40,0x39,0x00,0x34,0x00,0xf0,
	0x00,0x94,0x1e,0x91,0x33,0x7c,0x04,0x53,0xe2,0x03,0x13,0x2a,0x0e,0x5b,0xec,0x97,
	0x73,0x00,0x00,0x34,0x73,0x06,0x00,0x51,0x73,0x1e,0x00,0x53,0xe1,0x05,0x80,0x52,
	0xe2,0x01,0x80,0x12,0xe0,0x03,0x15,0xaa,0x63,0x6e,0x1c,0x53,0xda,0xfa,0xff,0x97,
	0xa2,0x1f,0x40,0xf9,0x81,0x86,0x47,0xf9,0x5f,0x00,0x01,0xeb,0x40,0x00,0x00,0x54,
	0x33,0xed,0xea,0x97,0xf3,0x53,0x41,0xa9,0xf5,0x13,0x40,0xf9,0xfd,0x7b,0xc4,0xa8,
	0xc0,0x03,0x5f,0xd6,0xfd,0x7b,0xbe,0xa9,0xfd,0x03,0x00,0x91,0xf3,0x53,0x01,0xa9,
	0xf4,0x03,0x00,0xaa,0xa0,0x55,0x00,0x90,0x00,0xa8,0x41,0xb9,0xe0,0x00,0x10,0x36,
	0x60,0x76,0x00,0xd0,0x00,0xa4,0x44,0xf9,0x01,0x20,0x40,0xf9,0x00,0x34,0x00,0xf0,
	0x00,0x48,0x1f,0x91,0x20,0x00,0x3f,0xd6,0xe0,0x03,0x14,0xaa,0xe1,0x05,0x80,0x52,
	0x02,0x00,0x80,0x12,0x83,0x0e,0x80,0x52,0xbf,0xfa,0xff,0x97,0xf3,0x03,0x00,0x2a,
	0x01,0x06,0x80,0x52,0xe0,0x03,0x14,0xaa,0x02,0x00,0x80,0x12,0xa3,0x03,0x80,0x12,
	0xb9,0xfa,0xff,0x97,0x13,0x00,0x13,0x2a,0x21,0x06,0x80,0x52,0xe0,0x03,0x14,0xaa,
	0x02,0x00,0x80,0x12,0xc3,0x08,0x80,0x52,0xb3,0xfa,0xff,0x97,0x73,0x02,0x00,0x2a,
	0x41,0x06,0x80,0x52,0xe0,0x03,0x14,0xaa,0x02,0x00,0x80,0x12,0x63,0x06,0x80,0x52,
	0xad,0xfa,0xff,0x97,0x73,0x02,0x00,0x2a,0x61,0x06,0x80,0x52,0xe0,0x03,0x14,0xaa,
	0x02,0x00,0x80,0x12,0xa3,0x0b,0x80,0x12,0xa7,0xfa,0xff,0x97,0x60,0x02,0x00,0x2a,
	0xf3,0x53,0x41,0xa9,0xfd,0x7b,0xc2,0xa8,0xc0,0x03,0x5f,0xd6,0xfd,0x7b,0xbe,0xa9,
	0xa1,0x05,0x80,0x52,0xe2,0x01,0x80,0x12,0xfd,0x03,0x00,0x91,0x03,0x04,0x80,0x52,
	0xf3,0x0b,0x00,0xf9,0xf3,0x03,0x00,0xaa,0x9b,0xfa,0xff,0x97,0xe0,0x03,0x13,0xaa,
	0x21,0x03,0x80,0x52,0x02,0x00,0x80,0x12,0x03,0x01,0x80,0x52,0x96,0xfa,0xff,0x97,
	0xe0,0x03,0x13,0xaa,0xa1,0x02,0x80,0x52,0x02,0x00,0x80,0x12,0x03,0x02,0x80,0x52,
	0x91,0xfa,0xff,0x97,0xe0,0x03,0x13,0xaa,0x61,0x05,0x80,0x52,0xe2,0x03,0x80,0x12,
	0x03,0x04,0x80,0x52,0x8c,0xfa,0xff,0x97,0xe0,0x03,0x13,0xaa,0x01,0x04,0x80,0x52,
	0x02,0x00,0x80,0x12,0xa3,0x00,0x80,0x52,0x87,0xfa,0xff,0x97,0xf3,0x0b,0x40,0xf9,
	0x00,0x00,0x80,0x52,0xfd,0x7b,0xc2,0xa8,0xc0,0x03,0x5f,0xd6,0xfd,0x7b,0xbf,0xa9,
	0xc1,0x05,0x80,0x52,0x02,0x00,0x80,0x12,0xfd,0x03,0x00,0x91,0xe3,0x0f,0x80,0x12,
	0x7d,0xfa,0xff,0x97,0xfd,0x7b,0xc1,0xa8,0xc0,0x03,0x5f,0xd6,0xfd,0x7b,0xbd,0xa9,
	0xfd,0x03,0x00,0x91,0xf3,0x53,0x01,0xa9,0x93,0x50,0x00,0xb0,0xa2,0xc3,0x00,0x91,
	0xf4,0x03,0x01,0xaa,0x61,0x86,0x47,0xf9,0xa1,0x17,0x00,0xf9,0x61,0x06,0x80,0x52,
	0x5f,0x7c,0x1f,0x38,0x51,0xf9,0xff,0x97,0x80,0x00,0xf8,0x37,0xa1,0x9f,0x40,0x39,
	0x21,0x7c,0x07,0x53,0x81,0x02,0x00,0x39,0xa2,0x17,0x40,0xf9,0x61,0x86,0x47,0xf9,
	0x5f,0x00,0x01,0xeb,0x40,0x00,0x00,0x54,0xc5,0xec,0xea,0x97,0xf3,0x53,0x41,0xa9,
	0xfd,0x7b,0xc3,0xa8,0xc0,0x03,0x5f,0xd6,0xfd,0x7b,0xbf,0xa9,0x21,0x1c,0x00,0x53,
	0xfd,0x03,0x00,0x91,0xa1,0x00,0x00,0x34,0xe2,0x0f,0x80,0x12,0x61,0x06,0x80,0x52,
	0xe3,0x03,0x02,0x2a,0x04,0x00,0x00,0x14,0x61,0x06,0x80,0x52,0xe2,0x0f,0x80,0x12,
	0x03,0x00,0x80,0x52,0x58,0xfa,0xff,0x97,0xfd,0x7b,0xc1,0xa8,0xc0,0x03,0x5f,0xd6,
	0xfd,0x7b,0xbd,0xa9,0xfd,0x03,0x00,0x91,0xf3,0x53,0x01,0xa9,0x93,0x50,0x00,0xb0,
	0xa2,0xc3,0x00,0x91,0xf4,0x03,0x01,0xaa,0x61,0x86,0x47,0xf9,0xa1,0x17,0x00,0xf9,
	0x61,0x06,0x80,0x52,0x5f,0x7c,0x1f,0x38,0x2c,0xf9,0xff,0x97,0x80,0x00,0xf8,0x37,
	0xa1,0x9f,0x40,0x39,0x21,0x7c,0x07,0x53,0x81,0x02,0x00,0x39,0xa2,0x17,0x40,0xf9,
	0x61,0x86,0x47,0xf9,0x5f,0x00,0x01,0xeb,0x40,0x00,0x00,0x54,0xa0,0xec,0xea,0x97,
	0xf3,0x53,0x41,0xa9,0xfd,0x7b,0xc3,0xa8,0xc0,0x03,0x5f,0xd6,0xfd,0x7b,0xbe,0xa9,
	0x21,0x1c,0x00,0x53,0xfd,0x03,0x00,0x91,0xf3,0x53,0x01,0xa9,0xf4,0x03,0x00,0xaa,
	0x61,0x01,0x00,0x34,0xe2,0x0f,0x80,0x12,0x61,0x06,0x80,0x52,0xe3,0x03,0x02,0x2a,
	0x35,0xfa,0xff,0x97,0xf3,0x03,0x00,0x2a,0x42,0x00,0x80,0x52,0xe0,0x03,0x14,0xaa,
	0xa1,0x02,0x80,0x52,0xe3,0x03,0x02,0x2a,0x0a,0x00,0x00,0x14,0x61,0x06,0x80,0x52,
	0xe2,0x0f,0x80,0x12,0x03,0x00,0x80,0x52,0x2b,0xfa,0xff,0x97,0xf3,0x03,0x00,0x2a,
	0xa1,0x02,0x80,0x52,0xe0,0x03,0x14,0xaa,0x42,0x00,0x80,0x52,0x03,0x00,0x80,0x52,
	0x25,0xfa,0xff,0x97,0x00,0x00,0x13,0x2a,0xf3,0x53,0x41,0xa9,0xfd,0x7b,0xc2,0xa8,
	0xc0,0x03,0x5f,0xd6,0xfd,0x7b,0xbd,0xa9,0xfd,0x03,0x00,0x91,0xf3,0x53,0x01,0xa9,
	0x93,0x50,0x00,0xb0,0xa2,0xc3,0x00,0x91,0xf4,0x03,0x01,0xaa,0x61,0x86,0x47,0xf9,
	0xa1,0x17,0x00,0xf9,0xa1,0x02,0x80,0x52,0x5f,0x7c,0x1f,0x38,0xf7,0xf8,0xff,0x97,
	0x80,0x00,0xf8,0x37,0xa1,0x9f,0x40,0x39,0x21,0x10,0x44,0xd3,0x81,0x02,0x00,0x39,
	0xa2,0x17,0x40,0xf9,0x61,0x86,0x47,0xf9,0x5f,0x00,0x01,0xeb,0x40,0x00,0x00,0x54,
	0x6b,0xec,0xea,0x97,0xf3,0x53,0x41,0xa9,0xfd,0x7b,0xc3,0xa8,0xc0,0x03,0x5f,0xd6,
	0xfd,0x7b,0xbf,0xa9,0x21,0x1c,0x00,0x53,0xfd,0x03,0x00,0x91,0xa1,0x00,0x00,0x34,
	0x02,0x02,0x80,0x52,0xa1,0x02,0x80,0x52,0xe3,0x03,0x02,0x2a,0x04,0x00,0x00,0x14,
	0xa1,0x02,0x80,0x52,0x02,0x02,0x80,0x52,0x03,0x00,0x80,0x52,0xfe,0xf9,0xff,0x97,
	0xfd,0x7b,0xc1,0xa8,0xc0,0x03,0x5f,0xd6,0x31,0x3c,0x00,0x13,0x61,0x76,0x00,0xd0,
	0x23,0x20,0x25,0x91,0x10,0x3c,0x00,0x13,0x42,0x3c,0x00,0x13,0x60,0x28,0x40,0xb9,
	0x00,0x04,0x00,0x11,0x60,0x28,0x00,0xb9,0xa0,0x55,0x00,0x90,0x04,0xa0,0x06,0x91,
	0x84,0x20,0x43,0x39,0xe4,0x02,0x00,0x34,0x62,0xe0,0x00,0x79,0x65,0xc0,0x00,0x91,
	0x70,0x60,0x00,0x79,0x64,0x40,0x01,0x91,0x71,0xa0,0x00,0x79,0x02,0x00,0x80,0xd2,
	0x63,0xc0,0x01,0x91,0xa6,0x00,0x02,0x8b,0xa7,0x00,0xc0,0x79,0xc7,0x04,0x00,0x79,
	0x86,0x00,0x02,0x8b,0x87,0x00,0xc0,0x79,0xc7,0x04,0x00,0x79,0x66,0x00,0x02,0x8b,
	0x67,0x00,0xc0,0x79,0x42,0x08,0x00,0x91,0x5f,0x70,0x00,0xf1,0xc7,0x04,0x00,0x79,
	0xa1,0xfe,0xff,0x54,0x00,0xa0,0x06,0x91,0x1f,0x20,0x03,0x39,0x3f,0x00,0x00,0x14,
	0x65,0x64,0xc0,0x79,0x6e,0xc8,0x00,0x91,0x64,0xa4,0xc0,0x79,0x6d,0x48,0x01,0x91,
	0x66,0xe4,0xc0,0x79,0xeb,0x03,0x05,0x2a,0x65,0x1c,0x01,0x79,0xe9,0x03,0x04,0x2a,
	0x65,0x20,0x01,0x79,0xe7,0x03,0x06,0x2a,0x64,0x24,0x01,0x79,0x6c,0xc8,0x01,0x91,
	0x64,0x28,0x01,0x79,0x0f,0x00,0x80,0x52,0x66,0x2c,0x01,0x79,0x66,0x30,0x01,0x79,
	0xff,0x39,0x00,0x71,0xa1,0x00,0x00,0x54,0x70,0x98,0x00,0x79,0x71,0xd8,0x00,0x79,
	0x62,0x18,0x01,0x79,0x07,0x00,0x00,0x14,0xc0,0x01,0x40,0x79,0xc0,0xe1,0x1f,0x78,
	0xa0,0x01,0x40,0x79,0xa0,0xe1,0x1f,0x78,0x80,0x01,0x40,0x79,0x80,0xe1,0x1f,0x78,
	0xca,0xe1,0xdf,0x78,0xef,0x05,0x00,0x11,0xa8,0xe1,0xdf,0x78,0xce,0x09,0x00,0x91,
	0x80,0xe1,0xdf,0x78,0x5f,0x01,0x05,0x6b,0x45,0xc1,0x85,0x1a,0x1f,0x01,0x04,0x6b,
	0x04,0xc1,0x84,0x1a,0x1f,0x00,0x06,0x6b,0x06,0xc0,0x86,0x1a,0x5f,0x01,0x0b,0x6b,
	0x4b,0xb1,0x8b,0x1a,0x1f,0x01,0x09,0x6b,0x09,0xb1,0x89,0x1a,0x1f,0x00,0x07,0x6b,
	0x07,0xb0,0x87,0x1a,0xff,0x3d,0x00,0x71,0xa5,0x3c,0x00,0x13,0x84,0x3c,0x00,0x13,
	0xc6,0x3c,0x00,0x13,0x6b,0x3d,0x00,0x13,0x29,0x3d,0x00,0x13,0xe7,0x3c,0x00,0x13,
	0xad,0x09,0x00,0x91,0x8c,0x09,0x00,0x91,0x41,0xfb,0xff,0x54,0x20,0x20,0x25,0x91,
	0x05,0x20,0x01,0x79,0x04,0x28,0x01,0x79,0x06,0x30,0x01,0x79,0x0b,0x1c,0x01,0x79,
	0x09,0x24,0x01,0x79,0x07,0x2c,0x01,0x79,0x21,0x20,0x25,0x91,0x00,0x00,0x80,0x52,
	0x22,0x28,0x40,0xb9,0x5f,0x3c,0x00,0x71,0x2d,0x03,0x00,0x54,0xe0,0x01,0x80,0x52,
	0x23,0x1c,0xc1,0x79,0x20,0x28,0x00,0xb9,0x20,0x20,0xc1,0x79,0x22,0x28,0xc1,0x79,
	0x03,0x00,0x03,0x4b,0x63,0x7c,0x40,0x93,0x60,0xfc,0x83,0xca,0x03,0xfc,0x83,0xcb,
	0x20,0x24,0xc1,0x79,0x40,0x00,0x00,0x4b,0x00,0x7c,0x40,0x93,0x02,0xfc,0x80,0xca,
	0x40,0xfc,0x80,0xcb,0x22,0x30,0xc1,0x79,0x21,0x2c,0xc1,0x79,0x60,0x00,0x00,0x0b,
	0x41,0x00,0x01,0x4b,0x21,0x7c,0x40,0x93,0x22,0xfc,0x81,0xca,0x41,0xfc,0x81,0xcb,
	0x00,0x00,0x01,0x0b,0x1f,0xec,0x00,0x71,0xe0,0xc7,0x9f,0x1a,0xc0,0x03,0x5f,0xd6,
	0xfd,0x7b,0xba,0xa9,0xfd,0x03,0x00,0x91,0xf3,0x53,0x01,0xa9,0x74,0x76,0x00,0xd0,
	0xfb,0x2b,0x00,0xf9,0xf5,0x5b,0x02,0xa9,0xf6,0x03,0x00,0xaa,0x80,0x22,0x25,0x91,
	0xf7,0x63,0x03,0xa9,0xf9,0x6b,0x04,0xa9,0xf5,0x03,0x01,0xaa,0xb3,0x55,0x00,0x90,
	0x43,0x00,0x40,0xb9,0xf8,0x03,0x02,0xaa,0x00,0x9c,0x40,0xb9,0x61,0x00,0x00,0x0b,
	0x40,0x01,0x80,0x52,0x41,0x00,0x00,0xb9,0x37,0x0c,0xc0,0x1a,0xf7,0x86,0x00,0x1b,
	0x60,0xaa,0x41,0xb9,0xc0,0x00,0x10,0x36,0x80,0xa6,0x44,0xf9,0x01,0x20,0x40,0xf9,
	0x00,0x34,0x00,0xf0,0x00,0xc0,0x1f,0x91,0x20,0x00,0x3f,0xd6,0xc0,0x02,0x40,0xb9,
	0x04,0x7c,0x40,0x93,0x81,0xfc,0x84,0xca,0x24,0xfc,0x84,0xcb,0x9f,0x1c,0x03,0x71,
	0xec,0x07,0x00,0x54,0xa1,0x02,0x40,0xb9,0x22,0x7c,0x40,0x93,0x43,0xfc,0x82,0xca,
	0x62,0xfc,0x82,0xcb,0x5f,0x1c,0x03,0x71,0x2c,0x07,0x00,0x54,0x99,0x22,0x25,0x91,
	0x02,0x03,0x40,0xb9,0x3b,0x9f,0x40,0xb9,0x42,0x00,0x1b,0x4b,0x57,0xff,0xff,0x97,
	0xfa,0x03,0x00,0x2a,0xc1,0x02,0x40,0xb9,0x02,0x02,0xa0,0x52,0xa0,0x02,0x40,0xb9,
	0x21,0x88,0x01,0x1b,0x00,0x84,0x00,0x1b,0x19,0xf8,0xff,0x97,0x17,0x00,0x17,0x0b,
	0x3b,0x02,0x00,0x35,0x5f,0x07,0x00,0x71,0x00,0x03,0x40,0xb9,0x01,0x01,0x00,0x54,
	0x60,0x00,0xf8,0x37,0xe1,0x02,0x00,0x4b,0x03,0x00,0x00,0x14,0xe1,0x03,0x17,0x4b,
	0x21,0x00,0x00,0x4b,0x82,0x22,0x25,0x91,0x41,0x9c,0x00,0xb9,0x1f,0x00,0x1f,0x6b,
	0x21,0x00,0x80,0x52,0x21,0xa0,0x9f,0x5a,0x37,0x7c,0x17,0x1b,0x17,0x03,0x00,0xb9,
	0x12,0x00,0x00,0x14,0x3a,0x02,0x00,0x34,0x00,0x03,0x40,0xb9,0x02,0x7c,0x40,0x93,
	0x41,0xfc,0x82,0xca,0x22,0xfc,0x82,0xcb,0x41,0x00,0x10,0x51,0x21,0x7c,0x40,0x93,
	0x22,0xfc,0x81,0xca,0x41,0xfc,0x81,0xcb,0x3f,0x08,0x02,0x71,0xed,0x00,0x00,0x54,
	0x1f,0x00,0x1f,0x6b,0x20,0x00,0x80,0x52,0x00,0xa0,0x9f,0x5a,0x3f,0x9f,0x00,0xb9,
	0x17,0x7c,0x17,0x1b,0x17,0x03,0x00,0xb9,0xc0,0x02,0x40,0xb9,0x42,0x10,0x80,0x52,
	0x01,0x19,0x80,0x52,0x00,0x7c,0x02,0x1b,0x00,0x0c,0xc1,0x1a,0xc0,0x02,0x00,0xb9,
	0xa0,0x02,0x40,0xb9,0x00,0x7c,0x02,0x1b,0x2c,0x00,0x00,0x14,0x81,0x00,0x10,0x51,
	0x22,0x7c,0x40,0x93,0x43,0xfc,0x82,0xca,0x62,0xfc,0x82,0xcb,0x5f,0x1c,0x03,0x71,
	0x2c,0x05,0x00,0x54,0xa2,0x02,0x80,0xb9,0x43,0xfc,0x82,0xca,0x62,0xfc,0x82,0xcb,
	0x5f,0x1c,0x03,0x71,0x8c,0x04,0x00,0x54,0x82,0x22,0x25,0x91,0x42,0x9c,0x40,0xb9,
	0x22,0x04,0x00,0x34,0x9f,0x00,0x10,0x71,0x8d,0x01,0x00,0x54,0xc3,0x08,0x80,0x52,
	0x02,0x19,0x80,0x52,0x1f,0x00,0x1f,0x6b,0x21,0x7c,0x03,0x1b,0x21,0x0c,0xc2,0x1a,
	0x6d,0x00,0x00,0x54,0x00,0x00,0x01,0x4b,0x02,0x00,0x00,0x14,0x00,0x00,0x01,0x0b,
	0xc0,0x02,0x00,0xb9,0x0d,0x00,0x00,0x14,0x01,0x80,0x80,0x52,0xc2,0x08,0x80,0x52,
	0x21,0x00,0x04,0x4b,0x1f,0x00,0x1f,0x6b,0x21,0x7c,0x02,0x1b,0x02,0x19,0x80,0x52,
	0x21,0x0c,0xc2,0x1a,0x6d,0x00,0x00,0x54,0x01,0x00,0x01,0x0b,0x02,0x00,0x00,0x14,
	0x01,0x00,0x01,0x4b,0xc1,0x02,0x00,0xb9,0xa0,0x02,0x40,0xb9,0x41,0x10,0x80,0x52,
	0x00,0x7c,0x01,0x1b,0x01,0x19,0x80,0x52,0x00,0x0c,0xc1,0x1a,0xa0,0x02,0x00,0xb9,
	0x67,0x00,0x00,0x14,0xa2,0x02,0x40,0xb9,0x9f,0x1c,0x03,0x71,0xe6,0xc7,0x9f,0x1a,
	0x43,0x7c,0x40,0x93,0x61,0xfc,0x83,0xca,0x23,0xfc,0x83,0xcb,0x61,0x00,0x10,0x51,
	0x26,0x05,0x00,0x34,0x25,0x7c,0x40,0x93,0xa7,0xfc,0x85,0xca,0xe5,0xfc,0x85,0xcb,
	0xbf,0x1c,0x03,0x71,0x8c,0x04,0x00,0x54,0x85,0x22,0x25,0x91,0xa5,0x9c,0x40,0xb9,
	0x25,0x04,0x00,0x34,0x7f,0x00,0x10,0x71,0x8d,0x01,0x00,0x54,0xc4,0x08,0x80,0x52,
	0x03,0x19,0x80,0x52,0x5f,0x00,0x1f,0x6b,0x21,0x7c,0x04,0x1b,0x21,0x0c,0xc3,0x1a,
	0x6d,0x00,0x00,0x54,0x41,0x00,0x01,0x4b,0x02,0x00,0x00,0x14,0x41,0x00,0x01,0x0b,
	0xa1,0x02,0x00,0xb9,0x0d,0x00,0x00,0x14,0x01,0x80,0x80,0x52,0xc4,0x08,0x80,0x52,
	0x21,0x00,0x03,0x4b,0x5f,0x00,0x1f,0x6b,0x03,0x19,0x80,0x52,0x21,0x7c,0x04,0x1b,
	0x21,0x0c,0xc3,0x1a,0x6d,0x00,0x00,0x54,0x40,0x00,0x01,0x0b,0x02,0x00,0x00,0x14,
	0x40,0x00,0x01,0x4b,0xa0,0x02,0x00,0xb9,0xc0,0x02,0x40,0xb9,0x41,0x10,0x80,0x52,
	0x00,0x7c,0x01,0x1b,0x01,0x19,0x80,0x52,0x00,0x0c,0xc1,0x1a,0xc0,0x02,0x00,0xb9,
	0x37,0x00,0x00,0x14,0x81,0x22,0x25,0x91,0x21,0x9c,0x40,0xb9,0x81,0x06,0x00,0x35,
	0x15,0x03,0x40,0xb9,0x46,0x02,0x00,0x34,0x5f,0x00,0x1f,0x6b,0x41,0x00,0x10,0x11,
	0x6d,0x00,0x00,0x54,0x01,0x80,0x80,0x52,0x21,0x00,0x02,0x4b,0x21,0x7c,0x40,0x93,
	0x25,0xfc,0x81,0xca,0xa1,0xfc,0x81,0xcb,0x3f,0x1c,0x03,0x71,0x0c,0x01,0x00,0x54,
	0xbf,0x02,0x1f,0x6b,0x22,0x00,0x80,0x52,0x42,0xa0,0x9f,0x5a,0x41,0x10,0x80,0x52,
	0x42,0x7c,0x04,0x1b,0x41,0x7c,0x01,0x1b,0x13,0x00,0x00,0x14,0x7f,0x1c,0x03,0x71,
	0xac,0x02,0x00,0x54,0x1f,0x00,0x1f,0x6b,0x01,0x00,0x10,0x11,0x6d,0x00,0x00,0x54,
	0x01,0x80,0x80,0x52,0x21,0x00,0x00,0x4b,0x21,0x7c,0x40,0x93,0x24,0xfc,0x81,0xca,
	0x81,0xfc,0x81,0xcb,0x3f,0x1c,0x03,0x71,0x6c,0x01,0x00,0x54,0xbf,0x02,0x1f,0x6b,
	0x20,0x00,0x80,0x52,0x00,0xa0,0x9f,0x5a,0x41,0x10,0x80,0x52,0x03,0x7c,0x03,0x1b,
	0x61,0x7c,0x01,0x1b,0x00,0x19,0x80,0x52,0x21,0x0c,0xc0,0x1a,0x01,0x03,0x00,0xb9,
	0x0b,0x00,0x00,0x14,0x01,0x02,0xa0,0x52,0x00,0x84,0x00,0x1b,0x40,0x80,0x02,0x1b,
	0x5f,0xf7,0xff,0x97,0x00,0x00,0x17,0x0b,0xbf,0x02,0x1f,0x6b,0x35,0x00,0x80,0x52,
	0xa1,0xa2,0x9f,0x5a,0x37,0x7c,0x00,0x1b,0x17,0x03,0x00,0xb9,0x60,0xaa,0x41,0xb9,
	0x00,0x01,0x10,0x36,0x80,0xa6,0x44,0xf9,0x81,0x22,0x25,0x91,0x02,0x20,0x40,0xf9,
	0x00,0x34,0x00,0xf0,0x21,0x9c,0x40,0xb9,0x00,0x4c,0x20,0x91,0x40,0x00,0x3f,0xd6,
	0x94,0x22,0x25,0x91,0xfb,0x2b,0x40,0xf9,0xf5,0x5b,0x42,0xa9,0xf7,0x63,0x43,0xa9,
	0x80,0x9e,0x40,0xb9,0xf9,0x6b,0x44,0xa9,0x1f,0x00,0x1f,0x6b,0xe0,0x13,0x9f,0x5a,
	0xf3,0x53,0x41,0xa9,0xfd,0x7b,0xc6,0xa8,0xc0,0x03,0x5f,0xd6,0xfd,0x7b,0xb9,0xa9,
	0xfd,0x03,0x00,0x91,0xf3,0x53,0x01,0xa9,0x94,0x50,0x00,0xb0,0xf9,0x23,0x00,0xf9,
	0xf7,0x63,0x03,0xa9,0xf5,0x5b,0x02,0xa9,0x84,0x86,0x47,0xf9,0xf7,0x03,0x01,0xaa,
	0xf6,0x03,0x02,0xaa,0xf8,0x03,0x03,0xaa,0xa4,0x37,0x00,0xf9,0xb9,0x55,0x00,0x90,
	0xbf,0x5f,0x00,0xb9,0xbf,0x63,0x00,0xb9,0xbf,0x67,0x00,0xb9,0xd9,0xf7,0xff,0x97,
	0x80,0x01,0xf8,0x36,0x21,0xab,0x41,0xb9,0xf3,0x03,0x00,0x2a,0xa1,0x06,0x00,0x36,
	0x60,0x76,0x00,0xd0,0xe1,0x03,0x13,0x2a,0x00,0xa4,0x44,0xf9,0x02,0x20,0x40,0xf9,
	0x00,0x34,0x00,0xf0,0x00,0x00,0x21,0x91,0x40,0x00,0x3f,0xd6,0x2d,0x00,0x00,0x14,
	0x60,0x76,0x00,0xd0,0x01,0x20,0x25,0x91,0xf5,0x03,0x00,0xaa,0x22,0x60,0x00,0x91,
	0x21,0x60,0x40,0x39,0x3f,0x28,0x03,0x71,0x40,0x01,0x00,0x54,0x3f,0x2c,0x01,0x71,
	0xe3,0x17,0x9f,0x1a,0x3f,0x30,0x02,0x71,0xe0,0x17,0x9f,0x1a,0x60,0x00,0x00,0x2a,
	0x80,0x00,0x00,0x35,0x40,0x0c,0x40,0xb9,0x1f,0x14,0x00,0x71,0x41,0x00,0x00,0x54,
	0x1f,0x03,0x00,0x79,0xe0,0x02,0xc0,0x79,0xa1,0x83,0x01,0x91,0xa0,0x5f,0x00,0xb9,
	0xa2,0x93,0x01,0x91,0xc0,0x02,0xc0,0x79,0xa0,0x63,0x00,0xb9,0x00,0x03,0xc0,0x79,
	0xa0,0x67,0x00,0xb9,0xa0,0x73,0x01,0x91,0xc2,0xfe,0xff,0x97,0xa0,0x5f,0x40,0xb9,
	0xe0,0x02,0x00,0x79,0xa0,0x63,0x40,0xb9,0xc0,0x02,0x00,0x79,0xa3,0xcb,0xc0,0x79,
	0x03,0x03,0x00,0x79,0x20,0xab,0x41,0xb9,0x13,0x00,0x1c,0x12,0x20,0x01,0x20,0x36,
	0xa0,0xa6,0x44,0xf9,0x13,0x00,0x80,0x52,0xe1,0x02,0xc0,0x79,0xc2,0x02,0xc0,0x79,
	0x04,0x20,0x40,0xf9,0x00,0x34,0x00,0xf0,0x00,0xb4,0x21,0x91,0x80,0x00,0x3f,0xd6,
	0xa2,0x37,0x40,0xf9,0xe0,0x03,0x13,0x2a,0x81,0x86,0x47,0xf9,0x5f,0x00,0x01,0xeb,
	0x40,0x00,0x00,0x54,0x86,0xea,0xea,0x97,0xf3,0x53,0x41,0xa9,0xf5,0x5b,0x42,0xa9,
	0xf7,0x63,0x43,0xa9,0xf9,0x23,0x40,0xf9,0xfd,0x7b,0xc7,0xa8,0xc0,0x03,0x5f,0xd6,
	0xfd,0x7b,0xbe,0xa9,0x60,0x76,0x00,0xd0,0xfd,0x03,0x00,0x91,0xf3,0x0b,0x00,0xf9,
	0x13,0xf4,0x44,0xf9,0x60,0x12,0x40,0xf9,0x60,0x00,0x00,0xb4,0x3a,0x6c,0xeb,0x97,
	0x7f,0x12,0x00,0xf9,0x60,0x0e,0x40,0xf9,0xa8,0x6b,0xff,0x97,0x60,0x0e,0x40,0xf9,
	0x30,0x64,0xff,0x97,0xe0,0x03,0x13,0xaa,0x36,0xe2,0xef,0x97,0xf3,0x0b,0x40,0xf9,
	0x00,0x00,0x80,0x52,0xfd,0x7b,0xc2,0xa8,0xc0,0x03,0x5f,0xd6,0x60,0x76,0x00,0xd0,
	0x01,0x00,0x82,0xd2,0xfd,0x7b,0xbf,0xa9,0xfd,0x03,0x00,0x91,0x03,0xf4,0x44,0xf9,
	0xe0,0x03,0x02,0xaa,0x22,0x36,0x00,0xf0,0x42,0xf0,0x26,0x91,0x63,0x04,0x40,0xb9,
	0x14,0x6e,0x0d,0x94,0x00,0x7c,0x40,0x93,0xfd,0x7b,0xc1,0xa8,0xc0,0x03,0x5f,0xd6,
	0xfd,0x7b,0xbf,0xa9,0xe0,0x03,0x02,0xaa,0x03,0x34,0x00,0xf0,0x22,0x35,0x00,0xd0,
	0xfd,0x03,0x00,0x91,0x01,0x00,0x82,0xd2,0x42,0x34,0x1f,0x91,0x63,0x5c,0x22,0x91,
	0x08,0x6e,0x0d,0x94,0x00,0x7c,0x40,0x93,0xfd,0x7b,0xc1,0xa8,0xc0,0x03,0x5f,0xd6,
	0xfd,0x7b,0xbe,0xa9,0x81,0x21,0x00,0xb0,0x42,0x0e,0x80,0x52,0xfd,0x03,0x00,0x91,
	0xf3,0x0b,0x00,0xf9,0x13,0x3c,0x00,0x53,0x00,0x34,0x00,0xf0,0x21,0xa0,0x2b,0x91,
	0x00,0x78,0x22,0x91,0x18,0x58,0xec,0x97,0xe0,0x03,0x13,0x2a,0x7e,0xb0,0xec,0x97,
	0xf3,0x0b,0x40,0xf9,0xfd,0x7b,0xc2,0xa8,0xc0,0x03,0x5f,0xd6,0xfd,0x7b,0xbf,0xa9,
	0x81,0x21,0x00,0xb0,0x03,0x1c,0x00,0x53,0x21,0xa0,0x2b,0x91,0x00,0x34,0x00,0xf0,
	0xfd,0x03,0x00,0x91,0x21,0x40,0x00,0x91,0x62,0x0f,0x80,0x52,0x00,0xf0,0x22,0x91,
	0x09,0x58,0xec,0x97,0xfd,0x7b,0xc1,0xa8,0xc0,0x03,0x5f,0xd6,0xfd,0x7b,0xbf,0xa9,
	0x81,0x21,0x00,0xb0,0x00,0x34,0x00,0xf0,0x21,0xa0,0x2b,0x91,0xfd,0x03,0x00,0x91,
	0x21,0x80,0x00,0x91,0x42,0x10,0x80,0x52,0x00,0x78,0x22,0x91,0xfe,0x57,0xec,0x97,
	0xfd,0x7b,0xc1,0xa8,0xc0,0x03,0x5f,0xd6,0xfd,0x7b,0xbc,0xa9,0xfd,0x03,0x00,0x91,
	0xf3,0x53,0x01,0xa9,0x73,0x76,0x00,0xd0,0xf5,0x5b,0x02,0xa9,0xf6,0x03,0x00,0xaa,
	0x60,0xa2,0x27,0x91,0x02,0x40,0x00,0x91,0x01,0x60,0x00,0x91,0x03,0x08,0x40,0xb9,
	0x7f,0x08,0x00,0x71,0x61,0x01,0x00,0x54,0x03,0x01,0x80,0x52,0x1f,0x40,0x00,0x39,
	0x43,0x04,0x00,0x39,0x43,0x08,0x00,0x39,0x02,0xe2,0x84,0x52,0x02,0x18,0x00,0xb9,
	0x00,0xa6,0x8e,0x52,0x20,0x04,0x00,0xb9,0x00,0xee,0x82,0x52,0x17,0x00,0x00,0x14,
	0x7f,0x34,0x00,0x71,0x80,0x01,0x00,0x54,0xa3,0x00,0x80,0x52,0x5f,0x04,0x00,0x39,
	0x03,0x40,0x00,0x39,0x43,0x00,0x80,0x52,0x43,0x08,0x00,0x39,0x82,0xbb,0x80,0x52,
	0x02,0x18,0x00,0xb9,0x80,0x0c,0x80,0x52,0x20,0x04,0x00,0xb9,0xa0,0x00,0x80,0x52,
	0x0a,0x00,0x00,0x14,0x1f,0x40,0x00,0x39,0x43,0x00,0x80,0x52,0x5f,0x04,0x00,0x39,
	0x43,0x08,0x00,0x39,0x82,0xbb,0x80,0x52,0x02,0x18,0x00,0xb9,0x80,0x3e,0x80,0x52,
	0x20,0x04,0x00,0xb9,0x40,0x01,0x80,0x52,0x94,0x21,0x00,0x90,0x20,0x08,0x00,0xb9,
	0x94,0xa2,0x2b,0x91,0x00,0x34,0x00,0xd0,0x95,0xc2,0x00,0x91,0x73,0xa2,0x27,0x91,
	0x42,0x1e,0x80,0x52,0xe1,0x03,0x15,0xaa,0x00,0x78,0x22,0x91,0xc6,0x57,0xec,0x97,
	0x60,0x0a,0x40,0xb9,0x61,0x42,0x00,0x91,0x1b,0x04,0x00,0x94,0x04,0x1c,0x00,0x53,
	0x60,0x0a,0x40,0xb9,0x61,0x62,0x00,0x91,0xa4,0x1f,0x00,0xf9,0x97,0x0a,0x00,0x94,
	0x05,0x1c,0x00,0x53,0xa4,0x1f,0x40,0xf9,0xbf,0x00,0x1f,0x6b,0xf3,0x07,0x9f,0x1a,
	0xe1,0x03,0x15,0xaa,0x9f,0x00,0x1f,0x6b,0x83,0x22,0x01,0x91,0xe0,0x07,0x9f,0x1a,
	0x62,0x1f,0x80,0x52,0x73,0x02,0x00,0x0a,0x00,0x34,0x00,0xd0,0xe6,0x03,0x13,0x2a,
	0x00,0xa8,0x23,0x91,0xb0,0x57,0xec,0x97,0xc0,0xa2,0x00,0x91,0x0a,0x07,0xec,0x97,
	0xe0,0x03,0x13,0x2a,0xf3,0x53,0x41,0xa9,0xf5,0x5b,0x42,0xa9,0xfd,0x7b,0xc4,0xa8,
	0xc0,0x03,0x5f,0xd6,0xfd,0x7b,0xbe,0xa9,0x60,0x76,0x00,0xb0,0x81,0x21,0x00,0x90,
	0xfd,0x03,0x00,0x91,0xf3,0x53,0x01,0xa9,0x21,0xa0,0x2b,0x91,0x13,0xf4,0x44,0xf9,
	0x14,0xa0,0x27,0x91,0x00,0x34,0x00,0xd0,0x00,0xa4,0x24,0x91,0x21,0x80,0x01,0x91,
	0xe2,0x5f,0x80,0x52,0x9c,0x57,0xec,0x97,0x60,0x06,0x40,0xb9,0x20,0x01,0x00,0x34,
	0x80,0x92,0x40,0x39,0xa0,0x00,0x00,0x35,0x20,0x00,0x80,0x52,0x80,0x92,0x00,0x39,
	0x40,0x06,0x80,0x52,0xfc,0xaf,0xec,0x97,0xe0,0x03,0x13,0xaa,0x97,0xff,0xff,0x97,
	0x00,0x00,0x80,0x52,0xf3,0x53,0x41,0xa9,0xfd,0x7b,0xc2,0xa8,0xc0,0x03,0x5f,0xd6,
	0xfd,0x7b,0xbe,0xa9,0x60,0x76,0x00,0xb0,0x81,0x21,0x00,0x90,0xfd,0x03,0x00,0x91,
	0xf3,0x53,0x01,0xa9,0x21,0xa0,0x2b,0x91,0x13,0xf4,0x44,0xf9,0x14,0xa0,0x27,0x91,
	0x00,0x34,0x00,0xd0,0x00,0x78,0x22,0x91,0x21,0xe0,0x01,0x91,0x42,0x5e,0x80,0x52,
	0x81,0x57,0xec,0x97,0x60,0x0a,0x40,0xb9,0x60,0x01,0x00,0x34,0x80,0x92,0x40,0x39,
	0xa0,0x00,0x00,0x35,0x20,0x00,0x80,0x52,0x80,0x92,0x00,0x39,0x40,0x06,0x80,0x52,
	0xe1,0xaf,0xec,0x97,0xe0,0x03,0x13,0xaa,0x7c,0xff,0xff,0x97,0x20,0x00,0x80,0x52,
	0x60,0x06,0x00,0xb9,0x00,0x00,0x80,0x52,0xf3,0x53,0x41,0xa9,0xfd,0x7b,0xc2,0xa8,
	0xc0,0x03,0x5f,0xd6,0xfd,0x7b,0xbf,0xa9,0x81,0x21,0x00,0x90,0x00,0x34,0x00,0xd0,
	0x21,0xa0,0x2b,0x91,0xfd,0x03,0x00,0x91,0x21,0x20,0x02,0x91,0x62,0x20,0x80,0x52,
	0x00,0x78,0x22,0x91,0x68,0x57,0xec,0x97,0x60,0x76,0x00,0xb0,0x00,0xf0,0x49,0xb9,
	0x3f,0x0c,0x00,0x94,0x00,0x00,0x80,0x52,0xfd,0x7b,0xc1,0xa8,0xc0,0x03,0x5f,0xd6,
	0xfd,0x7b,0xbe,0xa9,0x60,0x76,0x00,0xb0,0x81,0x21,0x00,0x90,0xfd,0x03,0x00,0x91,
	0xf3,0x53,0x01,0xa9,0x21,0xa0,0x2b,0x91,0x14,0xf4,0x44,0xf9,0x13,0xa0,0x27,0x91,
	0x00,0x34,0x00,0xd0,0x00,0x78,0x25,0x91,0x21,0x60,0x02,0x91,0xa2,0x61,0x80,0x52,
	0x55,0x57,0xec,0x97,0x80,0x06,0x40,0xb9,0xc0,0x00,0x00,0x34,0xe0,0x03,0x14,0xaa,
	0xe1,0xff,0xff,0x97,0x60,0x92,0x40,0x39,0x40,0x00,0x00,0x34,0x7f,0x92,0x00,0x39,
	0x00,0x00,0x80,0x52,0xf3,0x53,0x41,0xa9,0xfd,0x7b,0xc2,0xa8,0xc0,0x03,0x5f,0xd6,
	0xfd,0x7b,0xbe,0xa9,0x60,0x76,0x00,0xb0,0x81,0x21,0x00,0x90,0xfd,0x03,0x00,0x91,
	0xf3,0x53,0x01,0xa9,0x21,0xa0,0x2b,0x91,0x13,0xf4,0x44,0xf9,0x14,0xa0,0x27,0x91,
	0x00,0x34,0x00,0xd0,0x00,0x78,0x22,0x91,0x21,0xc0,0x02,0x91,0x82,0x5c,0x80,0x52,
	0x3d,0x57,0xec,0x97,0x60,0x06,0x40,0xb9,0x60,0x0a,0x00,0xb9,0xe0,0x00,0x00,0x34,
	0xe0,0x03,0x13,0xaa,0xc8,0xff,0xff,0x97,0x7f,0x06,0x00,0xb9,0x80,0x92,0x40,0x39,
	0x40,0x00,0x00,0x34,0x9f,0x92,0x00,0x39,0x00,0x00,0x80,0x52,0xf3,0x53,0x41,0xa9,
	0xfd,0x7b,0xc2,0xa8,0xc0,0x03,0x5f,0xd6,0xfd,0x7b,0xb9,0xa9,0x41,0x00,0x80,0x52,
	0xfd,0x03,0x00,0x91,0xf7,0x63,0x03,0xa9,0x97,0x50,0x00,0x90,0xf9,0x23,0x00,0xf9,
	0xf5,0x5b,0x02,0xa9,0x76,0x76,0x00,0xb0,0xf5,0x03,0x02,0xaa,0xe0,0x86,0x47,0xf9,
	0xf8,0x03,0x03,0xaa,0xf3,0x53,0x01,0xa9,0xa0,0x37,0x00,0xf9,0xc0,0x00,0x80,0x52,
	0xd4,0xf6,0x44,0xf9,0x93,0x21,0x00,0x90,0xa0,0x53,0x00,0xb9,0x63,0xa2,0x2b,0x91,
	0xa0,0x57,0x00,0xb9,0x62,0x3b,0x80,0x52,0xa0,0x5f,0x00,0xb9,0xa0,0x01,0x80,0x52,
	0xa0,0x63,0x00,0xb9,0x60,0x00,0x80,0x52,0xa4,0x02,0x40,0x39,0xf9,0x03,0x16,0xaa,
	0xa0,0x67,0x00,0xb9,0x00,0x34,0x00,0xd0,0x85,0x06,0x40,0xb9,0x00,0x54,0x26,0x91,
	0xa1,0x5b,0x00,0xb9,0x61,0x00,0x03,0x91,0x63,0x40,0x03,0x91,0x0e,0x57,0xec,0x97,
	0xb5,0x02,0x40,0x39,0xa0,0xc2,0x00,0x51,0xbf,0xc2,0x00,0x71,0x15,0x20,0x95,0x1a,
	0xb5,0x01,0x00,0x35,0x80,0x06,0x40,0xb9,0x60,0x01,0x00,0x34,0xe0,0x03,0x14,0xaa,
	0xd6,0xa2,0x27,0x91,0x94,0xff,0xff,0x97,0x40,0x01,0x80,0x52,0x6a,0xaf,0xec,0x97,
	0xc0,0x92,0x40,0x39,0x40,0x00,0x00,0x34,0xdf,0x92,0x00,0x39,0x9f,0x06,0x00,0xb9,
	0x36,0x00,0x00,0x14,0xa0,0x06,0x00,0x51,0x1f,0x10,0x00,0x71,0xa8,0x05,0x00,0x54,
	0x80,0x06,0x40,0xb9,0xb6,0x43,0x01,0x91,0xc0,0x00,0x00,0x34,0x20,0xa3,0x27,0x91,
	0x01,0x08,0x40,0xb9,0xc0,0xda,0x75,0xb8,0x3f,0x00,0x00,0x6b,0xa0,0x04,0x00,0x54,
	0x80,0x76,0x00,0x90,0x00,0x14,0x4b,0xb9,0x1f,0x00,0x1f,0x6b,0x6d,0x01,0x00,0x54,
	0x61,0xa2,0x2b,0x91,0x00,0x34,0x00,0xd0,0x21,0x00,0x03,0x91,0x02,0x3d,0x80,0x52,
	0x00,0x60,0x27,0x91,0xe8,0x56,0xec,0x97,0x00,0x00,0x80,0x52,0x64,0x69,0x00,0x94,
	0x40,0x06,0x80,0x52,0x4c,0xaf,0xec,0x97,0x80,0x06,0x40,0xb9,0x20,0x01,0x00,0x35,
	0x20,0xa3,0x27,0x91,0x01,0x90,0x40,0x39,0x01,0x01,0x00,0x35,0x21,0x00,0x80,0x52,
	0x01,0x90,0x00,0x39,0x40,0x06,0x80,0x52,0x43,0xaf,0xec,0x97,0x03,0x00,0x00,0x14,
	0xe0,0x03,0x14,0xaa,0x68,0xff,0xff,0x97,0x80,0x02,0x80,0x52,0x39,0xa3,0x27,0x91,
	0x3d,0xaf,0xec,0x97,0xc0,0xda,0x75,0xb8,0x20,0x0b,0x00,0xb9,0xe0,0x03,0x14,0xaa,
	0xd6,0xfe,0xff,0x97,0x20,0x00,0x80,0x52,0x80,0x06,0x00,0xb9,0x07,0x00,0x00,0x14,
	0x61,0xa2,0x2b,0x91,0x00,0x34,0x00,0xd0,0x00,0x3c,0x28,0x91,0x21,0x00,0x03,0x91,
	0x02,0x3f,0x80,0x52,0xc8,0x56,0xec,0x97,0xa2,0x37,0x40,0xf9,0xe0,0x03,0x18,0xaa,
	0xe1,0x86,0x47,0xf9,0x5f,0x00,0x01,0xeb,0x40,0x00,0x00,0x54,0xf4,0xe8,0xea,0x97,
	0xf3,0x53,0x41,0xa9,0xf5,0x5b,0x42,0xa9,0xf7,0x63,0x43,0xa9,0xf9,0x23,0x40,0xf9,
	0xfd,0x7b,0xc7,0xa8,0xc0,0x03,0x5f,0xd6,0xfd,0x7b,0xba,0xa9,0x60,0x76,0x00,0xb0,
	0xfd,0x03,0x00,0x91,0xf3,0x53,0x01,0xa9,0xf5,0x5b,0x02,0xa9,0x14,0xa0,0x27,0x91,
	0x15,0xf4,0x44,0xf9,0x80,0x76,0x00,0x90,0xf9,0x23,0x00,0xf9,0xf7,0x63,0x03,0xa9,
	0x93,0x21,0x00,0x90,0x00,0x14,0x4b,0xb9,0x1f,0x00,0x1f,0x6b,0x4d,0x01,0x00,0x54,
	0x61,0xa2,0x2b,0x91,0x00,0x34,0x00,0xd0,0x21,0x80,0x03,0x91,0x22,0x22,0x80,0x52,
	0x00,0xc8,0x28,0x91,0xa8,0x56,0xec,0x97,0x80,0x0c,0x80,0x52,0x0e,0xaf,0xec,0x97,
	0x44,0x00,0x00,0x14,0x73,0xa2,0x2b,0x91,0x00,0x34,0x00,0xd0,0x61,0x82,0x03,0x91,
	0xc2,0x22,0x80,0x52,0x00,0x94,0x29,0x91,0x9f,0x56,0xec,0x97,0x83,0xa2,0x00,0x91,
	0x80,0x0a,0x40,0xb9,0xe1,0x03,0x03,0xaa,0xa3,0x2f,0x00,0xf9,0x97,0x0b,0x00,0x94,
	0x00,0x1c,0x00,0x53,0x1f,0x04,0x00,0x71,0xa3,0x2f,0x40,0xf9,0xa1,0x06,0x00,0x54,
	0x80,0x0a,0x40,0xb9,0x01,0x00,0x80,0x52,0x02,0x00,0x80,0xd2,0x84,0xc2,0x01,0x91,
	0x18,0x34,0x00,0xd0,0x17,0x00,0x80,0xd2,0xc9,0x50,0x00,0x94,0x18,0x63,0x2a,0x91,
	0x19,0x1c,0x00,0x53,0x73,0xe2,0x03,0x91,0x96,0xc2,0x01,0x91,0x84,0x0a,0x40,0xb9,
	0xe5,0x03,0x17,0x2a,0xe0,0x03,0x18,0xaa,0xe1,0x03,0x13,0xaa,0xa2,0x24,0x80,0x52,
	0xc6,0x7a,0x77,0xb8,0xe3,0x03,0x19,0x2a,0xf7,0x06,0x00,0x91,0x82,0x56,0xec,0x97,
	0xff,0x66,0x00,0xf1,0xa1,0xfe,0xff,0x54,0xa0,0x0e,0x40,0xf9,0x41,0x00,0x80,0x52,
	0x83,0x72,0x40,0xb9,0x02,0x00,0x80,0x52,0xb1,0x6b,0xff,0x97,0xa0,0x0e,0x40,0xf9,
	0x41,0x00,0x80,0x52,0x83,0x76,0x40,0xb9,0x22,0x00,0x80,0x52,0xac,0x6b,0xff,0x97,
	0x41,0x00,0x80,0x52,0xa0,0x0e,0x40,0xf9,0x83,0x7a,0x40,0xb9,0xe2,0x03,0x01,0x2a,
	0xa7,0x6b,0xff,0x97,0xa0,0x0e,0x40,0xf9,0x41,0x00,0x80,0x52,0x83,0x7e,0x40,0xb9,
	0x62,0x00,0x80,0x52,0xa2,0x6b,0xff,0x97,0xa0,0x0e,0x40,0xf9,0x41,0x00,0x80,0x52,
	0x83,0x82,0x40,0xb9,0x82,0x00,0x80,0x52,0x9d,0x6b,0xff,0x97,0xa0,0x0e,0x40,0xf9,
	0x01,0x00,0x80,0x52,0x02,0x00,0x80,0x52,0x03,0x00,0x80,0x52,0x98,0x6b,0xff,0x97,
	0xf3,0x53,0x41,0xa9,0xf5,0x5b,0x42,0xa9,0xf7,0x63,0x43,0xa9,0xf9,0x23,0x40,0xf9,
	0x00,0x00,0x80,0x52,0xfd,0x7b,0xc6,0xa8,0xc0,0x03,0x5f,0xd6,0xfd,0x7b,0xbe,0xa9,
	0xfd,0x03,0x00,0x91,0xf3,0x0b,0x00,0xf9,0x73,0x76,0x00,0xb0,0xae,0x67,0xeb,0x97,
	0x00,0x1c,0x00,0x53,0xc0,0x01,0x00,0x35,0x60,0xf6,0x44,0xf9,0x00,0xa0,0x00,0x91,
	0x9d,0x7e,0x0d,0x94,0x95,0xff,0xff,0x97,0x60,0xf6,0x44,0xf9,0x01,0x04,0x40,0xb9,
	0x61,0x00,0x00,0x34,0x00,0xa0,0x00,0x91,0xa7,0x05,0xec,0x97,0x00,0x76,0x96,0xd2,
	0xe1,0x03,0x00,0xaa,0x7c,0x87,0x0d,0x94,0xf1,0xff,0xff,0x17,0x00,0x00,0x80,0x52,
	0xf3,0x0b,0x40,0xf9,0xfd,0x7b,0xc2,0xa8,0xc0,0x03,0x5f,0xd6,0xfd,0x7b,0xb9,0xa9,
	0xfd,0x03,0x00,0x91,0xf5,0x5b,0x02,0xa9,0x96,0x50,0x00,0x90,0xf3,0x53,0x01,0xa9,
	0xf7,0x63,0x03,0xa9,0xc4,0x86,0x47,0xf9,0xa4,0x37,0x00,0xf9,0x64,0x76,0x00,0xb0,
	0x95,0xf4,0x44,0xf9,0x75,0x00,0x00,0xb4,0xb4,0x0a,0x40,0xf9,0x54,0x01,0x00,0xb5,
	0x81,0x21,0x00,0x90,0x00,0x34,0x00,0xd0,0x21,0xa0,0x2b,0x91,0x00,0xac,0x2b,0x91,
	0x21,0x40,0x04,0x91,0xa2,0x2a,0x80,0x52,0xb3,0x02,0x80,0x12,0x2e,0x56,0xec,0x97,
	0x33,0x00,0x00,0x14,0x84,0x06,0x40,0x79,0x95,0x21,0x00,0x90,0xbf,0x97,0x00,0x79,
	0x18,0x34,0x00,0xd0,0xa1,0x9b,0x00,0x79,0xb5,0xa2,0x2b,0x91,0xa0,0x2b,0x00,0xf9,
	0x77,0x00,0x80,0x52,0xa4,0x93,0x00,0x79,0x18,0x8f,0x2c,0x91,0x80,0x06,0x40,0x79,
	0xb5,0x42,0x04,0x91,0xa0,0xb3,0x00,0x79,0x20,0x00,0x80,0x52,0xa3,0xbb,0x00,0x79,
	0xa0,0xb7,0x00,0x79,0xa2,0x33,0x00,0xf9,0x80,0x0e,0x40,0xf9,0xa1,0x23,0x01,0x91,
	0x42,0x00,0x80,0x52,0x24,0x97,0x00,0x94,0x1f,0x08,0x00,0x71,0xf3,0x03,0x00,0x2a,
	0x40,0x03,0x00,0x54,0x80,0x0e,0x40,0xf9,0x00,0xdc,0x41,0xf9,0x00,0x01,0x00,0xb4,
	0xe0,0x03,0x18,0xaa,0xe1,0x03,0x15,0xaa,0x82,0x2d,0x80,0x52,0xe3,0x03,0x13,0x2a,
	0x0d,0x56,0xec,0x97,0x80,0x0e,0x40,0xf9,0x01,0x8f,0x00,0x94,0xc0,0xdb,0x88,0xd2,
	0x60,0x00,0xa0,0xf2,0x46,0x20,0x0d,0x94,0xf7,0x06,0x00,0x71,0x61,0xfd,0xff,0x54,
	0x73,0x01,0xf8,0x36,0x81,0x21,0x00,0x90,0x00,0x34,0x00,0xd0,0x21,0xa0,0x2b,0x91,
	0x62,0x2e,0x80,0x52,0x21,0x40,0x04,0x91,0xe3,0x03,0x13,0x2a,0x00,0xdc,0x2d,0x91,
	0xfd,0x55,0xec,0x97,0x02,0x00,0x00,0x14,0x13,0x00,0x80,0x52,0xa2,0x37,0x40,0xf9,
	0xe0,0x03,0x13,0x2a,0xc1,0x86,0x47,0xf9,0x5f,0x00,0x01,0xeb,0x40,0x00,0x00,0x54,
	0x27,0xe8,0xea,0x97,0xf3,0x53,0x41,0xa9,0xf5,0x5b,0x42,0xa9,0xf7,0x63,0x43,0xa9,
	0xfd,0x7b,0xc7,0xa8,0xc0,0x03,0x5f,0xd6,0xfd,0x7b,0xbd,0xa9,0xfd,0x03,0x00,0x91,
	0xf3,0x53,0x01,0xa9,0x93,0x50,0x00,0x90,0xf4,0x03,0x02,0xaa,0xa2,0x9b,0x00,0x91,
	0xbf,0x9b,0x00,0x39,0x60,0x86,0x47,0xf9,0xa0,0x17,0x00,0xf9,0xa0,0xc3,0x00,0x91,
	0x01,0x7c,0x1f,0x38,0x21,0x00,0x80,0x52,0xe3,0x03,0x01,0x2a,0xa0,0xff,0xff,0x97,
	0x80,0x00,0xf8,0x37,0xa0,0x9b,0x40,0x39,0x21,0x00,0x80,0x52,0x03,0x00,0x00,0x14,
	0x01,0x00,0x80,0x52,0x00,0x00,0x80,0x52,0x81,0x02,0x00,0x39,0xa2,0x17,0x40,0xf9,
	0x61,0x86,0x47,0xf9,0x5f,0x00,0x01,0xeb,0x40,0x00,0x00,0x54,0x08,0xe8,0xea,0x97,
	0xf3,0x53,0x41,0xa9,0xfd,0x7b,0xc3,0xa8,0xc0,0x03,0x5f,0xd6,0xfd,0x7b,0xba,0xa9,
	0xfd,0x03,0x00,0x91,0xf5,0x5b,0x02,0xa9,0x96,0x50,0x00,0x90,0xf3,0x53,0x01,0xa9,
	0xf7,0x63,0x03,0xa9,0xc2,0x86,0x47,0xf9,0xa2,0x2f,0x00,0xf9,0x62,0x76,0x00,0xb0,
	0x55,0xf4,0x44,0xf9,0x75,0x00,0x00,0xb4,0xb4,0x0a,0x40,0xf9,0x54,0x01,0x00,0xb5,
	0x81,0x21,0x00,0x90,0x00,0x34,0x00,0xd0,0x21,0xa0,0x2b,0x91,0x00,0xac,0x2b,0x91,
	0x21,0x80,0x04,0x91,0x02,0x30,0x80,0x52,0xb3,0x02,0x80,0x12,0xbe,0x55,0xec,0x97,
	0x2d,0x00,0x00,0x14,0x95,0x21,0x00,0x90,0x82,0x06,0x40,0x79,0x18,0x34,0x00,0xd0,
	0xb5,0xa2,0x2b,0x91,0xa2,0x93,0x00,0x79,0x77,0x00,0x80,0x52,0xbf,0x97,0x00,0x79,
	0x18,0x3b,0x2f,0x91,0xa1,0x9b,0x00,0x79,0xb5,0x82,0x04,0x91,0xa0,0x2b,0x00,0xf9,
	0x80,0x0e,0x40,0xf9,0xa1,0x23,0x01,0x91,0x22,0x00,0x80,0x52,0xba,0x96,0x00,0x94,
	0x1f,0x04,0x00,0x71,0xf3,0x03,0x00,0x2a,0x40,0x03,0x00,0x54,0x80,0x0e,0x40,0xf9,
	0x00,0xdc,0x41,0xf9,0x00,0x01,0x00,0xb4,0xe0,0x03,0x18,0xaa,0xe1,0x03,0x15,0xaa,
	0x62,0x32,0x80,0x52,0xe3,0x03,0x13,0x2a,0xa3,0x55,0xec,0x97,0x80,0x0e,0x40,0xf9,
	0x97,0x8e,0x00,0x94,0xc0,0xdb,0x88,0xd2,0x60,0x00,0xa0,0xf2,0xdc,0x1f,0x0d,0x94,
	0xf7,0x06,0x00,0x71,0x61,0xfd,0xff,0x54,0x73,0x01,0xf8,0x36,0x81,0x21,0x00,0x90,
	0x00,0x34,0x00,0xd0,0x21,0xa0,0x2b,0x91,0x42,0x33,0x80,0x52,0x21,0x80,0x04,0x91,
	0xe3,0x03,0x13,0x2a,0x00,0x8c,0x30,0x91,0x93,0x55,0xec,0x97,0x02,0x00,0x00,0x14,
	0x13,0x00,0x80,0x52,0xa2,0x2f,0x40,0xf9,0xe0,0x03,0x13,0x2a,0xc1,0x86,0x47,0xf9,
	0x5f,0x00,0x01,0xeb,0x40,0x00,0x00,0x54,0xbd,0xe7,0xea,0x97,0xf3,0x53,0x41,0xa9,
	0xf5,0x5b,0x42,0xa9,0xf7,0x63,0x43,0xa9,0xfd,0x7b,0xc6,0xa8,0xc0,0x03,0x5f,0xd6,
	0xfd,0x7b,0xbd,0xa9,0xfd,0x03,0x00,0x91,0xf3,0x0b,0x00,0xf9,0x93,0x50,0x00,0x90,
	0xa1,0x83,0x00,0x39,0x41,0x00,0x80,0x52,0x60,0x86,0x47,0xf9,0xa0,0x17,0x00,0xf9,
	0xa0,0x83,0x00,0x91,0xa2,0x87,0x00,0x39,0xa9,0xff,0xff,0x97,0xe0,0x03,0x20,0x2a,
	0xa2,0x17,0x40,0xf9,0x00,0x7c,0x1f,0x53,0x61,0x86,0x47,0xf9,0x5f,0x00,0x01,0xeb,
	0x40,0x00,0x00,0x54,0xa6,0xe7,0xea,0x97,0xf3,0x0b,0x40,0xf9,0xfd,0x7b,0xc3,0xa8,
	0xc0,0x03,0x5f,0xd6,0xfd,0x7b,0xbc,0xa9,0x41,0x00,0x80,0x52,0xfd,0x03,0x00,0x91,
	0xf3,0x53,0x01,0xa9,0x94,0x50,0x00,0x90,0x93,0x21,0x00,0x90,0x73,0xa2,0x2b,0x91,
	0x73,0xe2,0x04,0x91,0x80,0x86,0x47,0xf9,0xa0,0x1f,0x00,0xf9,0x00,0x00,0x80,0x12,
	0xa0,0xbb,0x00,0x39,0xa0,0x00,0x80,0x52,0xa0,0xbf,0x00,0x39,0xa0,0xc3,0x00,0x39,
	0x00,0x01,0x80,0x52,0xa0,0xc7,0x00,0x39,0xa0,0xc3,0x00,0x91,0x8c,0xff,0xff,0x97,
	0xe3,0x03,0x00,0x2a,0xa4,0xc3,0x40,0x39,0x00,0x34,0x00,0xd0,0xa5,0xc7,0x40,0x39,
	0xe1,0x03,0x13,0xaa,0xe2,0x42,0x80,0x52,0x00,0xd4,0x31,0x91,0x56,0x55,0xec,0x97,
	0x80,0x0c,0x80,0x52,0xbc,0xad,0xec,0x97,0x21,0x00,0x80,0x52,0xa2,0xbb,0x00,0x91,
	0xe3,0x03,0x01,0x2a,0xa0,0xbf,0x00,0x91,0x0d,0xff,0xff,0x97,0xe3,0x03,0x00,0x2a,
	0xa4,0xbb,0x40,0x39,0x00,0x34,0x00,0xd0,0xe1,0x03,0x13,0xaa,0x42,0x43,0x80,0x52,
	0x00,0xec,0x32,0x91,0x48,0x55,0xec,0x97,0xa1,0xbb,0x40,0x39,0xa0,0xc7,0x40,0x39,
	0xa2,0x1f,0x40,0xf9,0x3f,0x00,0x00,0x6b,0x81,0x86,0x47,0xf9,0xe0,0x17,0x9f,0x1a,
	0x5f,0x00,0x01,0xeb,0x40,0x00,0x00,0x54,0x71,0xe7,0xea,0x97,0xf3,0x53,0x41,0xa9,
	0xfd,0x7b,0xc4,0xa8,0xc0,0x03,0x5f,0xd6,0xfd,0x7b,0xbe,0xa9,0xfd,0x03,0x00,0x91,
	0x40,0x00,0x40,0x39,0x1f,0xc0,0x00,0x71,0x40,0x00,0x00,0x54,0x80,0x00,0x00,0x35,
	0xa3,0x0f,0x00,0xf9,0xc4,0xff,0xff,0x97,0xa3,0x0f,0x40,0xf9,0xe0,0x03,0x03,0xaa,
	0xfd,0x7b,0xc2,0xa8,0xc0,0x03,0x5f,0xd6,0xfd,0x7b,0xbd,0xa9,0xe2,0x44,0x80,0x52,
	0xfd,0x03,0x00,0x91,0xf5,0x5b,0x02,0xa9,0x95,0x21,0x00,0x90,0xf6,0x03,0x00,0xaa,
	0xb5,0xa2,0x2b,0x91,0x00,0x34,0x00,0xd0,0xa1,0x62,0x05,0x91,0x00,0x78,0x22,0x91,
	0xf3,0x53,0x01,0xa9,0x24,0x55,0xec,0x97,0x6f,0x5f,0xff,0x97,0xf3,0x03,0x00,0xaa,
	0xe0,0x00,0x00,0xb5,0x00,0x34,0x00,0xd0,0xa1,0xc2,0x05,0x91,0x00,0x08,0x05,0x91,
	0x1d,0x55,0xec,0x97,0x60,0x01,0x80,0x12,0x56,0x00,0x00,0x14,0x01,0x34,0x00,0xd0,
	0x02,0x00,0x80,0x52,0x21,0x5c,0x22,0x91,0x01,0x00,0x00,0xf9,0x01,0x03,0x80,0x52,
	0x01,0x30,0x00,0x79,0x41,0x00,0x80,0x52,0xad,0x63,0xff,0x97,0xe0,0x03,0x13,0xaa,
	0x41,0x00,0x80,0x52,0x22,0x00,0x80,0x52,0xa9,0x63,0xff,0x97,0x41,0x00,0x80,0x52,
	0xe0,0x03,0x13,0xaa,0xe2,0x03,0x01,0x2a,0xa5,0x63,0xff,0x97,0xe0,0x03,0x13,0xaa,
	0x41,0x00,0x80,0x52,0x62,0x00,0x80,0x52,0xa1,0x63,0xff,0x97,0xe0,0x03,0x13,0xaa,
	0x41,0x00,0x80,0x52,0x82,0x00,0x80,0x52,0x9d,0x63,0xff,0x97,0xe0,0x03,0x13,0xaa,
	0x41,0x00,0x80,0x52,0xa2,0x00,0x80,0x52,0x99,0x63,0xff,0x97,0xe0,0x03,0x13,0xaa,
	0x01,0x00,0x80,0x52,0x02,0x00,0x80,0x52,0xe3,0xff,0x9f,0x52,0x04,0x00,0x80,0x52,
	0x05,0x00,0x80,0x52,0x66,0x63,0xff,0x97,0xe0,0x03,0x13,0xaa,0x21,0x00,0x80,0x52,
	0x02,0x00,0x80,0x52,0xe3,0xff,0x9f,0x52,0x04,0x00,0x80,0x52,0x05,0x00,0x80,0x52,
	0x5f,0x63,0xff,0x97,0xe0,0x03,0x13,0xaa,0x41,0x00,0x80,0x52,0x02,0x00,0x80,0x52,
	0xe3,0xff,0x9f,0x52,0x04,0x00,0x80,0x52,0x05,0x00,0x80,0x52,0x58,0x63,0xff,0x97,
	0xe0,0x03,0x13,0xaa,0x61,0x00,0x80,0x52,0x02,0x00,0x80,0x52,0xe3,0xff,0x9f,0x52,
	0x04,0x00,0x80,0x52,0x05,0x00,0x80,0x52,0x51,0x63,0xff,0x97,0xe0,0x03,0x13,0xaa,
	0x81,0x00,0x80,0x52,0x02,0x00,0x80,0x52,0xe3,0xff,0x9f,0x52,0x04,0x00,0x80,0x52,
	0x05,0x00,0x80,0x52,0x4a,0x63,0xff,0x97,0xe0,0x03,0x13,0xaa,0xa1,0x00,0x80,0x52,
	0x02,0x00,0x80,0x52,0xe3,0xff,0x9f,0x52,0x04,0x00,0x80,0x52,0x05,0x00,0x80,0x52,
	0x43,0x63,0xff,0x97,0x76,0x5e,0x01,0xf9,0xe0,0x03,0x13,0xaa,0xf6,0x61,0xff,0x97,
	0xf4,0x03,0x00,0x2a,0x34,0x01,0xf8,0x36,0x00,0x34,0x00,0xd0,0xa1,0xc2,0x05,0x91,
	0x00,0xb4,0x05,0x91,0xcc,0x54,0xec,0x97,0xe0,0x03,0x13,0xaa,0xb9,0x60,0xff,0x97,
	0xe0,0x03,0x14,0x2a,0x03,0x00,0x00,0x14,0xd3,0x0e,0x00,0xf9,0x00,0x00,0x80,0x52,
	0xf3,0x53,0x41,0xa9,0xf5,0x5b,0x42,0xa9,0xfd,0x7b,0xc3,0xa8,0xc0,0x03,0x5f,0xd6,
	0xfd,0x7b,0xbe,0xa9,0x81,0x21,0x00,0x90,0xa2,0x49,0x80,0x52,0xfd,0x03,0x00,0x91,
	0xf3,0x53,0x01,0xa9,0x21,0xa0,0x2b,0x91,0xf3,0x03,0x00,0xaa,0x00,0x34,0x00,0xd0,
	0x21,0x20,0x06,0x91,0x00,0x78,0x22,0x91,0xb7,0x54,0xec,0x97,0x7f,0x2a,0x00,0xb9,
	0x62,0x76,0x00,0xb0,0x81,0x30,0x00,0x90,0x42,0xa0,0x27,0x91,0x60,0xc2,0x00,0x91,
	0x21,0x7c,0x34,0x91,0x42,0x60,0x03,0x91,0x89,0x00,0xec,0x97,0x00,0x00,0x00,0x90,
	0x03,0x34,0x00,0xd0,0x00,0xf0,0x18,0x91,0x01,0x00,0x80,0xd2,0x02,0x00,0x80,0x12,
	0x63,0xe0,0x33,0x91,0xc4,0x66,0xeb,0x97,0x1f,0x04,0x40,0xb1,0xf4,0x03,0x00,0xaa,
	0x48,0x00,0x00,0x54,0x10,0x99,0xeb,0x97,0x74,0x12,0x00,0xf9,0x00,0x00,0x80,0x52,
	0xf3,0x53,0x41,0xa9,0xfd,0x7b,0xc2,0xa8,0xc0,0x03,0x5f,0xd6,0xfd,0x7b,0xbf,0xa9,
	0xfd,0x03,0x00,0x91,0xbc,0x00,0x00,0x94,0x00,0x00,0x80,0x52,0xfd,0x7b,0xc1,0xa8,
	0xc0,0x03,0x5f,0xd6,0xfd,0x7b,0xbe,0xa9,0xe2,0x4b,0x80,0x52,0xfd,0x03,0x00,0x91,
	0xf3,0x53,0x01,0xa9,0x93,0x21,0x00,0x90,0xf4,0x03,0x00,0xaa,0x73,0xa2,0x2b,0x91,
	0x00,0x34,0x00,0xd0,0x73,0x82,0x06,0x91,0x00,0x78,0x22,0x91,0xe1,0x03,0x13,0xaa,
	0x8d,0x54,0xec,0x97,0x80,0x0a,0x40,0xf9,0x01,0x34,0x00,0xd0,0x21,0x28,0x34,0x91,
	0x02,0x00,0x80,0x52,0x03,0x00,0x80,0xd2,0x00,0x30,0x41,0xf9,0x3c,0x85,0xf8,0x97,
	0xe3,0x03,0x00,0x2a,0x80,0x02,0x00,0xb9,0x00,0x34,0x00,0xd0,0x00,0x68,0x34,0x91,
	0xe1,0x03,0x13,0xaa,0x22,0x4c,0x80,0x52,0x7f,0x54,0xec,0x97,0x80,0x02,0x40,0xb9,
	0x1f,0xfc,0x07,0x71,0xe8,0x01,0x00,0x54,0x01,0x34,0x00,0xd0,0x21,0x40,0x35,0x91,
	0x0b,0x83,0xf8,0x97,0xe0,0x00,0xf8,0x36,0x00,0x34,0x00,0xd0,0x83,0x02,0x40,0xb9,
	0x00,0x6c,0x35,0x91,0xe1,0x03,0x13,0xaa,0xe2,0x4c,0x80,0x52,0x72,0x54,0xec,0x97,
	0x80,0x02,0x40,0xb9,0x7c,0x76,0xf8,0x97,0x01,0x00,0x80,0x52,0x47,0x7c,0xf8,0x97,
	0x00,0x00,0x80,0x52,0xf3,0x53,0x41,0xa9,0xfd,0x7b,0xc2,0xa8,0xc0,0x03,0x5f,0xd6,
	0xfd,0x7b,0xbc,0xa9,0xa2,0x52,0x80,0x52,0xfd,0x03,0x00,0x91,0xf3,0x53,0x01,0xa9,
	0x93,0x21,0x00,0x90,0xf5,0x5b,0x02,0xa9,0x75,0xa2,0x2b,0x91,0xf7,0x63,0x03,0xa9,
	0xb5,0xe2,0x06,0x91,0xf7,0x03,0x00,0xaa,0x00,0x34,0x00,0xd0,0xe1,0x03,0x15,0xaa,
	0x00,0x6c,0x36,0x91,0x5c,0x54,0xec,0x97,0xe0,0x0e,0x40,0xf9,0x01,0x08,0x40,0xf9,
	0x21,0x08,0x40,0xf9,0x20,0x00,0x3f,0xd6,0x18,0x00,0x00,0x12,0x00,0x01,0x00,0x37,
	0x00,0x34,0x00,0xd0,0xe1,0x03,0x15,0xaa,0x00,0xfc,0x36,0x91,0x02,0x53,0x80,0x52,
	0x51,0x54,0xec,0x97,0x40,0x02,0x80,0x12,0x6a,0x00,0x00,0x14,0x40,0x5c,0x00,0xd0,
	0x74,0x76,0x00,0xb0,0x01,0x18,0x90,0x52,0x96,0xa2,0x27,0x91,0x01,0x28,0xa0,0x72,
	0x02,0x09,0x80,0xd2,0x00,0x9c,0x45,0xf9,0xe0,0xe2,0xef,0x97,0xc0,0x6e,0x00,0xf9,
	0x40,0x01,0x00,0xb5,0x00,0x34,0x00,0xd0,0xe1,0x03,0x15,0xaa,0x22,0x54,0x80,0x52,
	0x00,0xd0,0x37,0x91,0x40,0x54,0xec,0x97,0xc0,0x6e,0x40,0xf9,0x35,0xde,0xef,0x97,
	0x60,0x01,0x80,0x12,0x57,0x00,0x00,0x14,0xc0,0x92,0x40,0x39,0x80,0x00,0x00,0x35,
	0x40,0x06,0x80,0x52,0xd8,0x92,0x00,0x39,0x9f,0xac,0xec,0x97,0x95,0xa2,0x27,0x91,
	0xa0,0x6e,0x40,0xf9,0x80,0xf6,0x04,0xf9,0x17,0x08,0x00,0xf9,0xe0,0x5e,0x00,0xf9,
	0x02,0xff,0xff,0x97,0xa0,0x6e,0x40,0xf9,0x6e,0xff,0xff,0x97,0x4e,0x00,0x00,0x94,
	0xa0,0x6e,0x40,0xf9,0x94,0xff,0xff,0x97,0xa0,0x6e,0x40,0xf9,0x41,0x06,0x80,0x52,
	0xa2,0x82,0x03,0x91,0x01,0x0c,0x00,0xb9,0x01,0x34,0x00,0xd0,0x1f,0x04,0x00,0xb9,
	0x21,0x5c,0x22,0x91,0x00,0x00,0x80,0xd2,0x2a,0x99,0xfb,0x97,0x1f,0x04,0x40,0xb1,
	0xf5,0x03,0x00,0xaa,0xe9,0x00,0x00,0x54,0x61,0xa2,0x2b,0x91,0x00,0x34,0x00,0xd0,
	0x00,0x64,0x38,0x91,0x21,0xe0,0x06,0x91,0xa2,0x56,0x80,0x52,0x1a,0x54,0xec,0x97,
	0xc4,0x33,0x00,0xf0,0xe0,0x03,0x15,0xaa,0x01,0x00,0x80,0xd2,0x02,0x00,0x80,0x52,
	0x03,0x00,0x80,0xd2,0x84,0x54,0x2e,0x91,0xb0,0x88,0xfb,0x97,0x1f,0x04,0x40,0xb1,
	0xf6,0x03,0x00,0xaa,0xe9,0x00,0x00,0x54,0x61,0xa2,0x2b,0x91,0x00,0x34,0x00,0xd0,
	0x00,0x0c,0x39,0x91,0x21,0xe0,0x06,0x91,0x62,0x57,0x80,0x52,0x0a,0x54,0xec,0x97,
	0x95,0x55,0x00,0xf0,0xe0,0x03,0x16,0xaa,0xb7,0xe2,0x09,0x91,0xe1,0xa2,0x03,0x91,
	0x48,0x7d,0xfb,0x97,0x00,0x01,0xf8,0x36,0x61,0xa2,0x2b,0x91,0x00,0x34,0x00,0xd0,
	0xe3,0x76,0x40,0xf9,0x00,0xb8,0x39,0x91,0x21,0xe0,0x06,0x91,0xe2,0x57,0x80,0x52,
	0xfd,0x53,0xec,0x97,0xb5,0xe2,0x09,0x91,0xe0,0x03,0x16,0xaa,0xa1,0x22,0x04,0x91,
	0x3c,0x7d,0xfb,0x97,0x00,0x01,0xf8,0x36,0x61,0xa2,0x2b,0x91,0x00,0x34,0x00,0xd0,
	0xa3,0x86,0x40,0xf9,0x00,0xb8,0x39,0x91,0x21,0xe0,0x06,0x91,0x62,0x58,0x80,0x52,
	0xf1,0x53,0xec,0x97,0x61,0xa2,0x2b,0x91,0x00,0x34,0x00,0xd0,0x21,0xe0,0x06,0x91,
	0x00,0xa0,0x3a,0x91,0xc2,0x58,0x80,0x52,0x94,0xa2,0x27,0x91,0xea,0x53,0xec,0x97,
	0x81,0x92,0x40,0x39,0x00,0x00,0x80,0x52,0x41,0x00,0x00,0x34,0x9f,0x92,0x00,0x39,
	0xf3,0x53,0x41,0xa9,0xf5,0x5b,0x42,0xa9,0xf7,0x63,0x43,0xa9,0xfd,0x7b,0xc4,0xa8,
	0xc0,0x03,0x5f,0xd6,0x60,0x76,0x00,0xf0,0x00,0x50,0x15,0x91,0x21,0x00,0x80,0x52,
	0x01,0x00,0x00,0x39,0x60,0x76,0x00,0x90,0x00,0x80,0x2b,0x91,0x1f,0x00,0x00,0x39,
	0x60,0x76,0x00,0xf0,0x00,0xc0,0x01,0x91,0x1f,0x00,0x00,0x39,0x60,0x76,0x00,0xf0,
	0x00,0x60,0x05,0x91,0x1f,0x00,0x00,0x79,0x60,0x76,0x00,0xf0,0x00,0x68,0x05,0x91,
	0x1f,0x00,0x00,0x79,0xa0,0x77,0x00,0x90,0x00,0x58,0x18,0x91,0x61,0x09,0x80,0x52,
	0x01,0x00,0x00,0x79,0xa0,0x77,0x00,0x90,0x00,0x88,0x18,0x91,0x41,0x0b,0x80,0x52,
	0x01,0x00,0x00,0x79,0x60,0x76,0x00,0x90,0x00,0x60,0x2b,0x91,0x1f,0x00,0x00,0x79,
	0x60,0x76,0x00,0xf0,0x00,0x7c,0x02,0x91,0x1f,0x00,0x00,0x39,0x80,0x55,0x00,0xd0,
	0x00,0xa8,0x0f,0x91,0xc1,0x00,0x80,0x52,0x01,0x00,0x00,0x39,0xa0,0x77,0x00,0x90,
	0x00,0x80,0x19,0x91,0x1f,0x00,0x00,0x39,0xa0,0x77,0x00,0x90,0x00,0x10,0x19,0x91,
	0x1f,0x00,0x00,0x39,0x60,0x76,0x00,0xf0,0x00,0x70,0x02,0x91,0x61,0x09,0x80,0x52,
	0x01,0x00,0x00,0x79,0xa0,0x77,0x00,0x90,0x00,0xa0,0x1a,0x91,0x61,0x09,0x80,0x52,
	0x01,0x00,0x00,0x79,0x60,0x76,0x00,0xf0,0x00,0x20,0x04,0x91,0x61,0x09,0x80,0x52,
	0x01,0x00,0x00,0x79,0x60,0x76,0x00,0xf0,0x00,0x50,0x15,0x91,0x00,0x00,0x40,0x39,
	0xc0,0x03,0x5f,0xd6,0xfd,0x7b,0xbd,0xa9,0xfd,0x03,0x00,0x91,0xa0,0x1f,0x00,0xb9,
	0xa1,0x0b,0x00,0xf9,0xa0,0x0b,0x40,0xf9,0x01,0x00,0x40,0x39,0xa0,0x77,0x00,0x90,
	0x00,0xe8,0x1a,0x91,0x01,0x00,0x00,0x39,0xa0,0x0b,0x40,0xf9,0x01,0x04,0x40,0x39,
	0xa0,0x77,0x00,0x90,0x00,0xd0,0x1a,0x91,0x01,0x00,0x00,0x39,0xa0,0x0b,0x40,0xf9,
	0x01,0x08,0x40,0x39,0xa0,0x77,0x00,0x90,0x00,0x50,0x19,0x91,0x01,0x00,0x00,0x39,
	0xa0,0x77,0x00,0x90,0x00,0x30,0x1b,0x91,0x01,0x0c,0x80,0x52,0x01,0x00,0x00,0x79,
	0xa0,0x77,0x00,0x90,0x00,0x48,0x18,0x91,0x01,0x0c,0x80,0x52,0x01,0x00,0x00,0x79,
	0xa0,0x77,0x00,0x90,0x00,0x78,0x1a,0x91,0x01,0x0c,0x80,0x52,0x01,0x00,0x00,0x79,
	0xa0,0x1f,0x40,0xb9,0x1f,0x08,0x00,0x71,0xa0,0x43,0x00,0x54,0x1f,0x34,0x00,0x71,
	0xa1,0x88,0x00,0x54,0x20,0x00,0x80,0x52,0xa0,0xbf,0x00,0x39,0xa0,0x77,0x00,0x90,
	0x00,0x30,0x1b,0x91,0x01,0x0f,0x80,0x52,0x01,0x00,0x00,0x79,0x02,0x00,0x80,0x52,
	0xe1,0x02,0x80,0x12,0xe0,0x0f,0x80,0x12,0xf6,0xfd,0xff,0x97,0xa0,0xbb,0x00,0x39,
	0xa0,0xbf,0x40,0x39,0x1f,0x00,0x00,0x71,0xc0,0x00,0x00,0x54,0xa0,0xbb,0x40,0x39,
	0x1f,0x00,0x00,0x71,0x60,0x00,0x00,0x54,0x20,0x00,0x80,0x52,0x02,0x00,0x00,0x14,
	0x00,0x00,0x80,0x52,0xa0,0xbf,0x00,0x39,0xe2,0x00,0x80,0x52,0x21,0x02,0x80,0x12,
	0xe0,0x0f,0x80,0x12,0xe7,0xfd,0xff,0x97,0xa0,0xbb,0x00,0x39,0xa0,0xbf,0x40,0x39,
	0x1f,0x00,0x00,0x71,0xc0,0x00,0x00,0x54,0xa0,0xbb,0x40,0x39,0x1f,0x00,0x00,0x71,
	0x60,0x00,0x00,0x54,0x20,0x00,0x80,0x52,0x02,0x00,0x00,0x14,0x00,0x00,0x80,0x52,
	0xa0,0xbf,0x00,0x39,0x40,0x01,0x80,0x52,0x3e,0xfb,0xff,0x97,0x02,0x00,0x80,0x52,
	0xe1,0x02,0x80,0x12,0xe0,0x0f,0x80,0x12,0xd6,0xfd,0xff,0x97,0xa0,0xbb,0x00,0x39,
	0xa0,0xbf,0x40,0x39,0x1f,0x00,0x00,0x71,0xc0,0x00,0x00,0x54,0xa0,0xbb,0x40,0x39,
	0x1f,0x00,0x00,0x71,0x60,0x00,0x00,0x54,0x20,0x00,0x80,0x52,0x02,0x00,0x00,0x14,
	0x00,0x00,0x80,0x52,0xa0,0xbf,0x00,0x39,0xe2,0x0b,0x80,0x12,0x61,0x00,0x80,0x52,
	0xe0,0x0f,0x80,0x12,0xc7,0xfd,0xff,0x97,0xa0,0xbb,0x00,0x39,0xa0,0xbf,0x40,0x39,
	0x1f,0x00,0x00,0x71,0xc0,0x00,0x00,0x54,0xa0,0xbb,0x40,0x39,0x1f,0x00,0x00,0x71,
	0x60,0x00,0x00,0x54,0x20,0x00,0x80,0x52,0x02,0x00,0x00,0x14,0x00,0x00,0x80,0x52,
	0xa0,0xbf,0x00,0x39,0xa2,0x00,0x80,0x52,0x81,0x00,0x80,0x52,0xe0,0x0f,0x80,0x12,
	0xb8,0xfd,0xff,0x97,0xa0,0xbb,0x00,0x39,0xa0,0xbf,0x40,0x39,0x1f,0x00,0x00,0x71,
	0xc0,0x00,0x00,0x54,0xa0,0xbb,0x40,0x39,0x1f,0x00,0x00,0x71,0x60,0x00,0x00,0x54,
	0x20,0x00,0x80,0x52,0x02,0x00,0x00,0x14,0x00,0x00,0x80,0x52,0xa0,0xbf,0x00,0x39,
	0x02,0x00,0x80,0x52,0xa1,0x00,0x80,0x52,0xe0,0x0f,0x80,0x12,0xa9,0xfd,0xff,0x97,
	0xa0,0xbb,0x00,0x39,0xa0,0xbf,0x40,0x39,0x1f,0x00,0x00,0x71,0xc0,0x00,0x00,0x54,
	0xa0,0xbb,0x40,0x39,0x1f,0x00,0x00,0x71,0x60,0x00,0x00,0x54,0x20,0x00,0x80,0x52,
	0x02,0x00,0x00,0x14,0x00,0x00,0x80,0x52,0xa0,0xbf,0x00,0x39,0x22,0x00,0x80,0x52,
	0x41,0x02,0x80,0x52,0xe0,0x0f,0x80,0x12,0x9a,0xfd,0xff,0x97,0xa0,0xbb,0x00,0x39,
	0xa0,0xbf,0x40,0x39,0x1f,0x00,0x00,0x71,0xc0,0x00,0x00,0x54,0xa0,0xbb,0x40,0x39,
	0x1f,0x00,0x00,0x71,0x60,0x00,0x00,0x54,0x20,0x00,0x80,0x52,0x02,0x00,0x00,0x14,
	0x00,0x00,0x80,0x52,0xa0,0xbf,0x00,0x39,0x02,0x00,0x80,0x52,0x61,0x02,0x80,0x52,
	0xe0,0x0f,0x80,0x12,0x8b,0xfd,0xff,0x97,0xa0,0xbb,0x00,0x39,0xa0,0xbf,0x40,0x39,
	0x1f,0x00,0x00,0x71,0xc0,0x00,0x00,0x54,0xa0,0xbb,0x40,0x39,0x1f,0x00,0x00,0x71,
	0x60,0x00,0x00,0x54,0x20,0x00,0x80,0x52,0x02,0x00,0x00,0x14,0x00,0x00,0x80,0x52,
	0xa0,0xbf,0x00,0x39,0x02,0x00,0x80,0x52,0x01,0x01,0x80,0x52,0xe0,0x0f,0x80,0x12,
	0x7c,0xfd,0xff,0x97,0xa0,0xbb,0x00,0x39,0xa0,0xbf,0x40,0x39,0x1f,0x00,0x00,0x71,
	0xc0,0x00,0x00,0x54,0xa0,0xbb,0x40,0x39,0x1f,0x00,0x00,0x71,0x60,0x00,0x00,0x54,
	0x20,0x00,0x80,0x52,0x02,0x00,0x00,0x14,0x00,0x00,0x80,0x52,0xa0,0xbf,0x00,0x39,
	0x22,0x00,0x80,0x52,0x21,0x01,0x80,0x52,0xe0,0x0f,0x80,0x12,0x6d,0xfd,0xff,0x97,
	0xa0,0xbb,0x00,0x39,0xa0,0xbf,0x40,0x39,0x1f,0x00,0x00,0x71,0xc0,0x00,0x00,0x54,
	0xa0,0xbb,0x40,0x39,0x1f,0x00,0x00,0x71,0x60,0x00,0x00,0x54,0x20,0x00,0x80,0x52,
	0x02,0x00,0x00,0x14,0x00,0x00,0x80,0x52,0xa0,0xbf,0x00,0x39,0x02,0x00,0x80,0x52,
	0x41,0x01,0x80,0x52,0xe0,0x0f,0x80,0x12,0x5e,0xfd,0xff,0x97,0xa0,0xbb,0x00,0x39,
	0xa0,0xbf,0x40,0x39,0x1f,0x00,0x00,0x71,0xc0,0x00,0x00,0x54,0xa0,0xbb,0x40,0x39,
	0x1f,0x00,0x00,0x71,0x60,0x00,0x00,0x54,0x20,0x00,0x80,0x52,0x02,0x00,0x00,0x14,
	0x00,0x00,0x80,0x52,0xa0,0xbf,0x00,0x39,0x22,0x00,0x80,0x52,0x61,0x01,0x80,0x52,
	0xe0,0x0f,0x80,0x12,0x4f,0xfd,0xff,0x97,0xa0,0xbb,0x00,0x39,0xa0,0xbf,0x40,0x39,
	0x1f,0x00,0x00,0x71,0xc0,0x00,0x00,0x54,0xa0,0xbb,0x40,0x39,0x1f,0x00,0x00,0x71,
	0x60,0x00,0x00,0x54,0x20,0x00,0x80,0x52,0x02,0x00,0x00,0x14,0x00,0x00,0x80,0x52,
	0xa0,0xbf,0x00,0x39,0x02,0x00,0x80,0x52,0x81,0x01,0x80,0x52,0xe0,0x0f,0x80,0x12,
	0x40,0xfd,0xff,0x97,0xa0,0xbb,0x00,0x39,0xa0,0xbf,0x40,0x39,0x1f,0x00,0x00,0x71,
	0xc0,0x00,0x00,0x54,0xa0,0xbb,0x40,0x39,0x1f,0x00,0x00,0x71,0x60,0x00,0x00,0x54,
	0x20,0x00,0x80,0x52,0x02,0x00,0x00,0x14,0x00,0x00,0x80,0x52,0xa0,0xbf,0x00,0x39,
	0x22,0x00,0x80,0x52,0xa1,0x01,0x80,0x52,0xe0,0x0f,0x80,0x12,0x31,0xfd,0xff,0x97,
	0xa0,0xbb,0x00,0x39,0xa0,0xbf,0x40,0x39,0x1f,0x00,0x00,0x71,0xc0,0x00,0x00,0x54,
	0xa0,0xbb,0x40,0x39,0x1f,0x00,0x00,0x71,0x60,0x00,0x00,0x54,0x20,0x00,0x80,0x52,
	0x02,0x00,0x00,0x14,0x00,0x00,0x80,0x52,0xa0,0xbf,0x00,0x39,0xa2,0x00,0x80,0x52,
	0xc1,0x01,0x80,0x52,0xe0,0x0f,0x80,0x12,0x22,0xfd,0xff,0x97,0xa0,0xbb,0x00,0x39,
	0xa0,0xbf,0x40,0x39,0x1f,0x00,0x00,0x71,0xc0,0x00,0x00,0x54,0xa0,0xbb,0x40,0x39,
	0x1f,0x00,0x00,0x71,0x60,0x00,0x00,0x54,0x20,0x00,0x80,0x52,0x02,0x00,0x00,0x14,
	0x00,0x00,0x80,0x52,0xa0,0xbf,0x00,0x39,0x42,0x01,0x80,0x52,0xe1,0x01,0x80,0x52,
	0xe0,0x0f,0x80,0x12,0x13,0xfd,0xff,0x97,0xa0,0xbb,0x00,0x39,0xa0,0xbf,0x40,0x39,
	0x1f,0x00,0x00,0x71,0xc0,0x00,0x00,0x54,0xa0,0xbb,0x40,0x39,0x1f,0x00,0x00,0x71,
	0x60,0x00,0x00,0x54,0x20,0x00,0x80,0x52,0x02,0x00,0x00,0x14,0x00,0x00,0x80,0x52,
	0xa0,0xbf,0x00,0x39,0x42,0x01,0x80,0x52,0x01,0x02,0x80,0x52,0xe0,0x0f,0x80,0x12,
	0x04,0xfd,0xff,0x97,0xa0,0xbb,0x00,0x39,0xa0,0xbf,0x40,0x39,0x1f,0x00,0x00,0x71,
	0xc0,0x00,0x00,0x54,0xa0,0xbb,0x40,0x39,0x1f,0x00,0x00,0x71,0x60,0x00,0x00,0x54,
	0x20,0x00,0x80,0x52,0x02,0x00,0x00,0x14,0x00,0x00,0x80,0x52,0xa0,0xbf,0x00,0x39,
	0x62,0x06,0x80,0x52,0x21,0x02,0x80,0x52,0xe0,0x0f,0x80,0x12,0xf5,0xfc,0xff,0x97,
	0xa0,0xbb,0x00,0x39,0xa0,0xbf,0x40,0x39,0x1f,0x00,0x00,0x71,0xc0,0x00,0x00,0x54,
	0xa0,0xbb,0x40,0x39,0x1f,0x00,0x00,0x71,0x60,0x00,0x00,0x54,0x20,0x00,0x80,0x52,
	0x02,0x00,0x00,0x14,0x00,0x00,0x80,0x52,0xa0,0xbf,0x00,0x39,0xa0,0x77,0x00,0x90,
	0x00,0xe8,0x1a,0x91,0x00,0x00,0x40,0x39,0xe2,0x03,0x00,0x2a,0x81,0x02,0x80,0x52,
	0xe0,0x0f,0x80,0x12,0xe3,0xfc,0xff,0x97,0xa0,0xbb,0x00,0x39,0xa0,0xbf,0x40,0x39,
	0x1f,0x00,0x00,0x71,0xc0,0x00,0x00,0x54,0xa0,0xbb,0x40,0x39,0x1f,0x00,0x00,0x71,
	0x60,0x00,0x00,0x54,0x20,0x00,0x80,0x52,0x02,0x00,0x00,0x14,0x00,0x00,0x80,0x52,
	0xa0,0xbf,0x00,0x39,0xa0,0x77,0x00,0x90,0x00,0xd0,0x1a,0x91,0x00,0x00,0x40,0x39,
	0xe2,0x03,0x00,0x2a,0xa1,0x02,0x80,0x52,0xe0,0x0f,0x80,0x12,0xd1,0xfc,0xff,0x97,
	0xa0,0xbb,0x00,0x39,0xa0,0xbf,0x40,0x39,0x1f,0x00,0x00,0x71,0xc0,0x00,0x00,0x54,
	0xa0,0xbb,0x40,0x39,0x1f,0x00,0x00,0x71,0x60,0x00,0x00,0x54,0x20,0x00,0x80,0x52,
	0x02,0x00,0x00,0x14,0x00,0x00,0x80,0x52,0xa0,0xbf,0x00,0x39,0xa0,0x77,0x00,0x90,
	0x00,0x50,0x19,0x91,0x00,0x00,0x40,0x39,0xe2,0x03,0x00,0x2a,0xc1,0x02,0x80,0x52,
	0xe0,0x0f,0x80,0x12,0xbf,0xfc,0xff,0x97,0xa0,0xbb,0x00,0x39,0xa0,0xbf,0x40,0x39,
	0x1f,0x00,0x00,0x71,0xc0,0x00,0x00,0x54,0xa0,0xbb,0x40,0x39,0x1f,0x00,0x00,0x71,
	0x60,0x00,0x00,0x54,0x20,0x00,0x80,0x52,0x02,0x00,0x00,0x14,0x00,0x00,0x80,0x52,
	0xa0,0xbf,0x00,0x39,0xa0,0x77,0x00,0x90,0x00,0x30,0x1b,0x91,0x00,0x00,0x40,0x79,
	0xa0,0xb7,0x00,0x39,0xa2,0xb7,0x40,0x39,0xe1,0x02,0x80,0x52,0xe0,0x0f,0x80,0x12,
	0xac,0xfc,0xff,0x97,0xa0,0xbb,0x00,0x39,0xa0,0xbf,0x40,0x39,0x1f,0x00,0x00,0x71,
	0xc0,0x00,0x00,0x54,0xa0,0xbb,0x40,0x39,0x1f,0x00,0x00,0x71,0x60,0x00,0x00,0x54,
	0x20,0x00,0x80,0x52,0x02,0x00,0x00,0x14,0x00,0x00,0x80,0x52,0xa0,0xbf,0x00,0x39,
	0xa0,0x77,0x00,0x90,0x00,0x30,0x1b,0x91,0x00,0x00,0x40,0x79,0x00,0x7c,0x08,0x53,
	0x00,0x3c,0x00,0x12,0xa0,0xb7,0x00,0x39,0xa2,0xb7,0x40,0x39,0x01,0x03,0x80,0x52,
	0xe0,0x0f,0x80,0x12,0x97,0xfc,0xff,0x97,0xa0,0xbb,0x00,0x39,0xa0,0xbf,0x40,0x39,
	0x1f,0x00,0x00,0x71,0xc0,0x00,0x00,0x54,0xa0,0xbb,0x40,0x39,0x1f,0x00,0x00,0x71,
	0x60,0x00,0x00,0x54,0x20,0x00,0x80,0x52,0x02,0x00,0x00,0x14,0x00,0x00,0x80,0x52,
	0xa0,0xbf,0x00,0x39,0x02,0x02,0x80,0x52,0x21,0x03,0x80,0x52,0xe0,0x0f,0x80,0x12,
	0x88,0xfc,0xff,0x97,0xa0,0xbb,0x00,0x39,0xa0,0xbf,0x40,0x39,0x1f,0x00,0x00,0x71,
	0xc0,0x00,0x00,0x54,0xa0,0xbb,0x40,0x39,0x1f,0x00,0x00,0x71,0x60,0x00,0x00,0x54,
	0x20,0x00,0x80,0x52,0x02,0x00,0x00,0x14,0x00,0x00,0x80,0x52,0xa0,0xbf,0x00,0x39,
	0x02,0x00,0x80,0x52,0x41,0x03,0x80,0x52,0xe0,0x0f,0x80,0x12,0x79,0xfc,0xff,0x97,
	0xa0,0xbb,0x00,0x39,0xa0,0xbf,0x40,0x39,0x1f,0x00,0x00,0x71,0xc0,0x00,0x00,0x54,
	0xa0,0xbb,0x40,0x39,0x1f,0x00,0x00,0x71,0x60,0x00,0x00,0x54,0x20,0x00,0x80,0x52,
	0x02,0x00,0x00,0x14,0x00,0x00,0x80,0x52,0xa0,0xbf,0x00,0x39,0x02,0x02,0x80,0x52,
	0x61,0x03,0x80,0x52,0xe0,0x0f,0x80,0x12,0x6a,0xfc,0xff,0x97,0xa0,0xbb,0x00,0x39,
	0xa0,0xbf,0x40,0x39,0x1f,0x00,0x00,0x71,0xc0,0x00,0x00,0x54,0xa0,0xbb,0x40,0x39,
	0x1f,0x00,0x00,0x71,0x60,0x00,0x00,0x54,0x20,0x00,0x80,0x52,0x02,0x00,0x00,0x14,
	0x00,0x00,0x80,0x52,0xa0,0xbf,0x00,0x39,0x02,0x00,0x80,0x52,0x81,0x03,0x80,0x52,
	0xe0,0x0f,0x80,0x12,0x5b,0xfc,0xff,0x97,0xa0,0xbb,0x00,0x39,0xa0,0xbf,0x40,0x39,
	0x1f,0x00,0x00,0x71,0xc0,0x00,0x00,0x54,0xa0,0xbb,0x40,0x39,0x1f,0x00,0x00,0x71,
	0x60,0x00,0x00,0x54,0x20,0x00,0x80,0x52,0x02,0x00,0x00,0x14,0x00,0x00,0x80,0x52,
	0xa0,0xbf,0x00,0x39,0xe2,0x03,0x80,0x52,0xa1,0x03,0x80,0x52,0xe0,0x0f,0x80,0x12,
	0x4c,0xfc,0xff,0x97,0xa0,0xbb,0x00,0x39,0xa0,0xbf,0x40,0x39,0x1f,0x00,0x00,0x71,
	0xc0,0x00,0x00,0x54,0xa0,0xbb,0x40,0x39,0x1f,0x00,0x00,0x71,0x60,0x00,0x00,0x54,
	0x20,0x00,0x80,0x52,0x02,0x00,0x00,0x14,0x00,0x00,0x80,0x52,0xa0,0xbf,0x00,0x39,
	0xe2,0x09,0x80,0x52,0xc1,0x03,0x80,0x52,0xe0,0x0f,0x80,0x12,0x3d,0xfc,0xff,0x97,
	0xa0,0xbb,0x00,0x39,0xa0,0xbf,0x40,0x39,0x1f,0x00,0x00,0x71,0xc0,0x00,0x00,0x54,
	0xa0,0xbb,0x40,0x39,0x1f,0x00,0x00,0x71,0x60,0x00,0x00,0x54,0x20,0x00,0x80,0x52,
	0x02,0x00,0x00,0x14,0x00,0x00,0x80,0x52,0xa0,0xbf,0x00,0x39,0xe2,0x05,0x80,0x52,
	0xe1,0x03,0x80,0x52,0xe0,0x0f,0x80,0x12,0x2e,0xfc,0xff,0x97,0xa0,0xbb,0x00,0x39,
	0xa0,0xbf,0x40,0x39,0x1f,0x00,0x00,0x71,0xc0,0x00,0x00,0x54,0xa0,0xbb,0x40,0x39,
	0x1f,0x00,0x00,0x71,0x60,0x00,0x00,0x54,0x20,0x00,0x80,0x52,0x02,0x00,0x00,0x14,
	0x00,0x00,0x80,0x52,0xa0,0xbf,0x00,0x39,0xe2,0x01,0x80,0x12,0x41,0x04,0x80,0x52,
	0xe0,0x0f,0x80,0x12,0x1f,0xfc,0xff,0x97,0xa0,0xbb,0x00,0x39,0xa0,0xbf,0x40,0x39,
	0x1f,0x00,0x00,0x71,0xc0,0x00,0x00,0x54,0xa0,0xbb,0x40,0x39,0x1f,0x00,0x00,0x71,
	0x60,0x00,0x00,0x54,0x20,0x00,0x80,0x52,0x02,0x00,0x00,0x14,0x00,0x00,0x80,0x52,
	0xa0,0xbf,0x00,0x39,0x02,0x00,0x80,0x52,0xc1,0x04,0x80,0x52,0xe0,0x0f,0x80,0x12,
	0x10,0xfc,0xff,0x97,0xa0,0xbb,0x00,0x39,0xa0,0xbf,0x40,0x39,0x1f,0x00,0x00,0x71,
	0xc0,0x00,0x00,0x54,0xa0,0xbb,0x40,0x39,0x1f,0x00,0x00,0x71,0x60,0x00,0x00,0x54,
	0x20,0x00,0x80,0x52,0x02,0x00,0x00,0x14,0x00,0x00,0x80,0x52,0xa0,0xbf,0x00,0x39,
	0xe2,0x0f,0x80,0x12,0x81,0x02,0x80,0x12,0xe0,0x0f,0x80,0x12,0x01,0xfc,0xff,0x97,
	0xa0,0xbb,0x00,0x39,0xa0,0xbf,0x40,0x39,0x1f,0x00,0x00,0x71,0xc0,0x00,0x00,0x54,
	0xa0,0xbb,0x40,0x39,0x1f,0x00,0x00,0x71,0x60,0x00,0x00,0x54,0x20,0x00,0x80,0x52,
	0x02,0x00,0x00,0x14,0x00,0x00,0x80,0x52,0xa0,0xbf,0x00,0x39,0x22,0x00,0x80,0x52,
	0xe1,0x00,0x80,0x52,0xe0,0x0f,0x80,0x12,0xf2,0xfb,0xff,0x97,0xa0,0xbb,0x00,0x39,
	0xa0,0xbf,0x40,0x39,0x1f,0x00,0x00,0x71,0xc0,0x00,0x00,0x54,0xa0,0xbb,0x40,0x39,
	0x1f,0x00,0x00,0x71,0x60,0x00,0x00,0x54,0x20,0x00,0x80,0x52,0x02,0x00,0x00,0x14,
	0x00,0x00,0x80,0x52,0xa0,0xbf,0x00,0x39,0x41,0x04,0x00,0x14,0x20,0x00,0x80,0x52,
	0xa0,0xbf,0x00,0x39,0x02,0x00,0x80,0x52,0xe1,0x02,0x80,0x12,0xe0,0x0f,0x80,0x12,
	0xe0,0xfb,0xff,0x97,0xa0,0xbb,0x00,0x39,0xa0,0xbf,0x40,0x39,0x1f,0x00,0x00,0x71,
	0xc0,0x00,0x00,0x54,0xa0,0xbb,0x40,0x39,0x1f,0x00,0x00,0x71,0x60,0x00,0x00,0x54,
	0x20,0x00,0x80,0x52,0x02,0x00,0x00,0x14,0x00,0x00,0x80,0x52,0xa0,0xbf,0x00,0x39,
	0xe2,0x00,0x80,0x52,0x21,0x02,0x80,0x12,0xe0,0x0f,0x80,0x12,0xd1,0xfb,0xff,0x97,
	0xa0,0xbb,0x00,0x39,0xa0,0xbf,0x40,0x39,0x1f,0x00,0x00,0x71,0xc0,0x00,0x00,0x54,
	0xa0,0xbb,0x40,0x39,0x1f,0x00,0x00,0x71,0x60,0x00,0x00,0x54,0x20,0x00,0x80,0x52,
	0x02,0x00,0x00,0x14,0x00,0x00,0x80,0x52,0xa0,0xbf,0x00,0x39,0x40,0x01,0x80,0x52,
	0x28,0xf9,0xff,0x97,0x02,0x00,0x80,0x52,0xe1,0x02,0x80,0x12,0xe0,0x0f,0x80,0x12,
	0xc0,0xfb,0xff,0x97,0xa0,0xbb,0x00,0x39,0xa0,0xbf,0x40,0x39,0x1f,0x00,0x00,0x71,
	0xc0,0x00,0x00,0x54,0xa0,0xbb,0x40,0x39,0x1f,0x00,0x00,0x71,0x60,0x00,0x00,0x54,
	0x20,0x00,0x80,0x52,0x02,0x00,0x00,0x14,0x00,0x00,0x80,0x52,0xa0,0xbf,0x00,0x39,
	0xe2,0x0f,0x80,0x12,0x61,0x00,0x80,0x52,0xe0,0x0f,0x80,0x12,0xb1,0xfb,0xff,0x97,
	0xa0,0xbb,0x00,0x39,0xa0,0xbf,0x40,0x39,0x1f,0x00,0x00,0x71,0xc0,0x00,0x00,0x54,
	0xa0,0xbb,0x40,0x39,0x1f,0x00,0x00,0x71,0x60,0x00,0x00,0x54,0x20,0x00,0x80,0x52,
	0x02,0x00,0x00,0x14,0x00,0x00,0x80,0x52,0xa0,0xbf,0x00,0x39,0xa2,0x00,0x80,0x52,
	0x81,0x00,0x80,0x52,0xe0,0x0f,0x80,0x12,0xa2,0xfb,0xff,0x97,0xa0,0xbb,0x00,0x39,
	0xa0,0xbf,0x40,0x39,0x1f,0x00,0x00,0x71,0xc0,0x00,0x00,0x54,0xa0,0xbb,0x40,0x39,
	0x1f,0x00,0x00,0x71,0x60,0x00,0x00,0x54,0x20,0x00,0x80,0x52,0x02,0x00,0x00,0x14,
	0x00,0x00,0x80,0x52,0xa0,0xbf,0x00,0x39,0x02,0x00,0x80,0x52,0xa1,0x00,0x80,0x52,
	0xe0,0x0f,0x80,0x12,0x93,0xfb,0xff,0x97,0xa0,0xbb,0x00,0x39,0xa0,0xbf,0x40,0x39,
	0x1f,0x00,0x00,0x71,0xc0,0x00,0x00,0x54,0xa0,0xbb,0x40,0x39,0x1f,0x00,0x00,0x71,
	0x60,0x00,0x00,0x54,0x20,0x00,0x80,0x52,0x02,0x00,0x00,0x14,0x00,0x00,0x80,0x52,
	0xa0,0xbf,0x00,0x39,0x22,0x00,0x80,0x52,0x41,0x02,0x80,0x52,0xe0,0x0f,0x80,0x12,
	0x84,0xfb,0xff,0x97,0xa0,0xbb,0x00,0x39,0xa0,0xbf,0x40,0x39,0x1f,0x00,0x00,0x71,
	0xc0,0x00,0x00,0x54,0xa0,0xbb,0x40,0x39,0x1f,0x00,0x00,0x71,0x60,0x00,0x00,0x54,
	0x20,0x00,0x80,0x52,0x02,0x00,0x00,0x14,0x00,0x00,0x80,0x52,0xa0,0xbf,0x00,0x39,
	0x02,0x00,0x80,0x52,0x61,0x02,0x80,0x52,0xe0,0x0f,0x80,0x12,0x75,0xfb,0xff,0x97,
	0xa0,0xbb,0x00,0x39,0xa0,0xbf,0x40,0x39,0x1f,0x00,0x00,0x71,0xc0,0x00,0x00,0x54,
	0xa0,0xbb,0x40,0x39,0x1f,0x00,0x00,0x71,0x60,0x00,0x00,0x54,0x20,0x00,0x80,0x52,
	0x02,0x00,0x00,0x14,0x00,0x00,0x80,0x52,0xa0,0xbf,0x00,0x39,0x02,0x00,0x80,0x52,
	0x01,0x01,0x80,0x52,0xe0,0x0f,0x80,0x12,0x66,0xfb,0xff,0x97,0xa0,0xbb,0x00,0x39,
	0xa0,0xbf,0x40,0x39,0x1f,0x00,0x00,0x71,0xc0,0x00,0x00,0x54,0xa0,0xbb,0x40,0x39,
	0x1f,0x00,0x00,0x71,0x60,0x00,0x00,0x54,0x20,0x00,0x80,0x52,0x02,0x00,0x00,0x14,
	0x00,0x00,0x80,0x52,0xa0,0xbf,0x00,0x39,0x22,0x00,0x80,0x52,0x21,0x01,0x80,0x52,
	0xe0,0x0f,0x80,0x12,0x57,0xfb,0xff,0x97,0xa0,0xbb,0x00,0x39,0xa0,0xbf,0x40,0x39,
	0x1f,0x00,0x00,0x71,0xc0,0x00,0x00,0x54,0xa0,0xbb,0x40,0x39,0x1f,0x00,0x00,0x71,
	0x60,0x00,0x00,0x54,0x20,0x00,0x80,0x52,0x02,0x00,0x00,0x14,0x00,0x00,0x80,0x52,
	0xa0,0xbf,0x00,0x39,0x02,0x00,0x80,0x52,0x41,0x01,0x80,0x52,0xe0,0x0f,0x80,0x12,
	0x48,0xfb,0xff,0x97,0xa0,0xbb,0x00,0x39,0xa0,0xbf,0x40,0x39,0x1f,0x00,0x00,0x71,
	0xc0,0x00,0x00,0x54,0xa0,0xbb,0x40,0x39,0x1f,0x00,0x00,0x71,0x60,0x00,0x00,0x54,
	0x20,0x00,0x80,0x52,0x02,0x00,0x00,0x14,0x00,0x00,0x80,0x52,0xa0,0xbf,0x00,0x39,
	0x22,0x00,0x80,0x52,0x61,0x01,0x80,0x52,0xe0,0x0f,0x80,0x12,0x39,0xfb,0xff,0x97,
	0xa0,0xbb,0x00,0x39,0xa0,0xbf,0x40,0x39,0x1f,0x00,0x00,0x71,0xc0,0x00,0x00,0x54,
	0xa0,0xbb,0x40,0x39,0x1f,0x00,0x00,0x71,0x60,0x00,0x00,0x54,0x20,0x00,0x80,0x52,
	0x02,0x00,0x00,0x14,0x00,0x00,0x80,0x52,0xa0,0xbf,0x00,0x39,0x02,0x00,0x80,0x52,
	0x81,0x01,0x80,0x52,0xe0,0x0f,0x80,0x12,0x2a,0xfb,0xff,0x97,0xa0,0xbb,0x00,0x39,
	0xa0,0xbf,0x40,0x39,0x1f,0x00,0x00,0x71,0xc0,0x00,0x00,0x54,0xa0,0xbb,0x40,0x39,
	0x1f,0x00,0x00,0x71,0x60,0x00,0x00,0x54,0x20,0x00,0x80,0x52,0x02,0x00,0x00,0x14,
	0x00,0x00,0x80,0x52,0xa0,0xbf,0x00,0x39,0x22,0x00,0x80,0x52,0xa1,0x01,0x80,0x52,
	0xe0,0x0f,0x80,0x12,0x1b,0xfb,0xff,0x97,0xa0,0xbb,0x00,0x39,0xa0,0xbf,0x40,0x39,
	0x1f,0x00,0x00,0x71,0xc0,0x00,0x00,0x54,0xa0,0xbb,0x40,0x39,0x1f,0x00,0x00,0x71,
	0x60,0x00,0x00,0x54,0x20,0x00,0x80,0x52,0x02,0x00,0x00,0x14,0x00,0x00,0x80,0x52,
	0xa0,0xbf,0x00,0x39,0x02,0x05,0x80,0x52,0xc1,0x01,0x80,0x52,0xe0,0x0f,0x80,0x12,
	0x0c,0xfb,0xff,0x97,0xa0,0xbb,0x00,0x39,0xa0,0xbf,0x40,0x39,0x1f,0x00,0x00,0x71,
	0xc0,0x00,0x00,0x54,0xa0,0xbb,0x40,0x39,0x1f,0x00,0x00,0x71,0x60,0x00,0x00,0x54,
	0x20,0x00,0x80,0x52,0x02,0x00,0x00,0x14,0x00,0x00,0x80,0x52,0xa0,0xbf,0x00,0x39,
	0x02,0x05,0x80,0x52,0xe1,0x01,0x80,0x52,0xe0,0x0f,0x80,0x12,0xfd,0xfa,0xff,0x97,
	0xa0,0xbb,0x00,0x39,0xa0,0xbf,0x40,0x39,0x1f,0x00,0x00,0x71,0xc0,0x00,0x00,0x54,
	0xa0,0xbb,0x40,0x39,0x1f,0x00,0x00,0x71,0x60,0x00,0x00,0x54,0x20,0x00,0x80,0x52,
	0x02,0x00,0x00,0x14,0x00,0x00,0x80,0x52,0xa0,0xbf,0x00,0x39,0x42,0x01,0x80,0x52,
	0x01,0x02,0x80,0x52,0xe0,0x0f,0x80,0x12,0xee,0xfa,0xff,0x97,0xa0,0xbb,0x00,0x39,
	0xa0,0xbf,0x40,0x39,0x1f,0x00,0x00,0x71,0xc0,0x00,0x00,0x54,0xa0,0xbb,0x40,0x39,
	0x1f,0x00,0x00,0x71,0x60,0x00,0x00,0x54,0x20,0x00,0x80,0x52,0x02,0x00,0x00,0x14,
	0x00,0x00,0x80,0x52,0xa0,0xbf,0x00,0x39,0xe2,0x0e,0x80,0x52,0x21,0x02,0x80,0x52,
	0xe0,0x0f,0x80,0x12,0xdf,0xfa,0xff,0x97,0xa0,0xbb,0x00,0x39,0xa0,0xbf,0x40,0x39,
	0x1f,0x00,0x00,0x71,0xc0,0x00,0x00,0x54,0xa0,0xbb,0x40,0x39,0x1f,0x00,0x00,0x71,
	0x60,0x00,0x00,0x54,0x20,0x00,0x80,0x52,0x02,0x00,0x00,0x14,0x00,0x00,0x80,0x52,
	0xa0,0xbf,0x00,0x39,0xa0,0x77,0x00,0x90,0x00,0xe8,0x1a,0x91,0x00,0x00,0x40,0x39,
	0xe2,0x03,0x00,0x2a,0x81,0x02,0x80,0x52,0xe0,0x0f,0x80,0x12,0xcd,0xfa,0xff,0x97,
	0xa0,0xbb,0x00,0x39,0xa0,0xbf,0x40,0x39,0x1f,0x00,0x00,0x71,0xc0,0x00,0x00,0x54,
	0xa0,0xbb,0x40,0x39,0x1f,0x00,0x00,0x71,0x60,0x00,0x00,0x54,0x20,0x00,0x80,0x52,
	0x02,0x00,0x00,0x14,0x00,0x00,0x80,0x52,0xa0,0xbf,0x00,0x39,0xa0,0x77,0x00,0x90,
	0x00,0xd0,0x1a,0x91,0x00,0x00,0x40,0x39,0xe2,0x03,0x00,0x2a,0xa1,0x02,0x80,0x52,
	0xe0,0x0f,0x80,0x12,0xbb,0xfa,0xff,0x97,0xa0,0xbb,0x00,0x39,0xa0,0xbf,0x40,0x39,
	0x1f,0x00,0x00,0x71,0xc0,0x00,0x00,0x54,0xa0,0xbb,0x40,0x39,0x1f,0x00,0x00,0x71,
	0x60,0x00,0x00,0x54,0x20,0x00,0x80,0x52,0x02,0x00,0x00,0x14,0x00,0x00,0x80,0x52,
	0xa0,0xbf,0x00,0x39,0xa0,0x77,0x00,0x90,0x00,0x50,0x19,0x91,0x00,0x00,0x40,0x39,
	0xe2,0x03,0x00,0x2a,0xc1,0x02,0x80,0x52,0xe0,0x0f,0x80,0x12,0xa9,0xfa,0xff,0x97,
	0xa0,0xbb,0x00,0x39,0xa0,0xbf,0x40,0x39,0x1f,0x00,0x00,0x71,0xc0,0x00,0x00,0x54,
	0xa0,0xbb,0x40,0x39,0x1f,0x00,0x00,0x71,0x60,0x00,0x00,0x54,0x20,0x00,0x80,0x52,
	0x02,0x00,0x00,0x14,0x00,0x00,0x80,0x52,0xa0,0xbf,0x00,0x39,0xa0,0x77,0x00,0x90,
	0x00,0x30,0x1b,0x91,0x00,0x00,0x40,0x79,0xa0,0xb7,0x00,0x39,0xa2,0xb7,0x40,0x39,
	0xe1,0x02,0x80,0x52,0xe0,0x0f,0x80,0x12,0x96,0xfa,0xff,0x97,0xa0,0xbb,0x00,0x39,
	0xa0,0xbf,0x40,0x39,0x1f,0x00,0x00,0x71,0xc0,0x00,0x00,0x54,0xa0,0xbb,0x40,0x39,
	0x1f,0x00,0x00,0x71,0x60,0x00,0x00,0x54,0x20,0x00,0x80,0x52,0x02,0x00,0x00,0x14,
	0x00,0x00,0x80,0x52,0xa0,0xbf,0x00,0x39,0xa0,0x77,0x00,0x90,0x00,0x30,0x1b,0x91,
	0x00,0x00,0x40,0x79,0x00,0x7c,0x08,0x53,0x00,0x3c,0x00,0x12,0xa0,0xb7,0x00,0x39,
	0xa2,0xb7,0x40,0x39,0x01,0x03,0x80,0x52,0xe0,0x0f,0x80,0x12,0x81,0xfa,0xff,0x97,
	0xa0,0xbb,0x00,0x39,0xa0,0xbf,0x40,0x39,0x1f,0x00,0x00,0x71,0xc0,0x00,0x00,0x54,
	0xa0,0xbb,0x40,0x39,0x1f,0x00,0x00,0x71,0x60,0x00,0x00,0x54,0x20,0x00,0x80,0x52,
	0x02,0x00,0x00,0x14,0x00,0x00,0x80,0x52,0xa0,0xbf,0x00,0x39,0xa0,0x77,0x00,0x90,
	0x00,0x48,0x18,0x91,0x00,0x00,0x40,0x79,0xa0,0xb7,0x00,0x39,0xa2,0xb7,0x40,0x39,
	0x21,0x03,0x80,0x52,0xe0,0x0f,0x80,0x12,0x6e,0xfa,0xff,0x97,0xa0,0xbb,0x00,0x39,
	0xa0,0xbf,0x40,0x39,0x1f,0x00,0x00,0x71,0xc0,0x00,0x00,0x54,0xa0,0xbb,0x40,0x39,
	0x1f,0x00,0x00,0x71,0x60,0x00,0x00,0x54,0x20,0x00,0x80,0x52,0x02,0x00,0x00,0x14,
	0x00,0x00,0x80,0x52,0xa0,0xbf,0x00,0x39,0x80,0x77,0x00,0xf0,0x00,0x48,0x18,0x91,
	0x00,0x00,0x40,0x79,0x00,0x7c,0x08,0x53,0x00,0x3c,0x00,0x12,0xa0,0xb7,0x00,0x39,
	0xa2,0xb7,0x40,0x39,0x41,0x03,0x80,0x52,0xe0,0x0f,0x80,0x12,0x59,0xfa,0xff,0x97,
	0xa0,0xbb,0x00,0x39,0xa0,0xbf,0x40,0x39,0x1f,0x00,0x00,0x71,0xc0,0x00,0x00,0x54,
	0xa0,0xbb,0x40,0x39,0x1f,0x00,0x00,0x71,0x60,0x00,0x00,0x54,0x20,0x00,0x80,0x52,
	0x02,0x00,0x00,0x14,0x00,0x00,0x80,0x52,0xa0,0xbf,0x00,0x39,0x80,0x77,0x00,0xf0,
	0x00,0x78,0x1a,0x91,0x00,0x00,0x40,0x79,0xa0,0xb7,0x00,0x39,0x02,0x02,0x80,0x52,
	0x61,0x03,0x80,0x52,0xe0,0x0f,0x80,0x12,0x46,0xfa,0xff,0x97,0xa0,0xbb,0x00,0x39,
	0xa0,0xbf,0x40,0x39,0x1f,0x00,0x00,0x71,0xc0,0x00,0x00,0x54,0xa0,0xbb,0x40,0x39,
	0x1f,0x00,0x00,0x71,0x60,0x00,0x00,0x54,0x20,0x00,0x80,0x52,0x02,0x00,0x00,0x14,
	0x00,0x00,0x80,0x52,0xa0,0xbf,0x00,0x39,0x80,0x77,0x00,0xf0,0x00,0x78,0x1a,0x91,
	0x00,0x00,0x40,0x79,0x00,0x7c,0x08,0x53,0x00,0x3c,0x00,0x12,0xa0,0xb7,0x00,0x39,
	0x02,0x00,0x80,0x52,0x81,0x03,0x80,0x52,0xe0,0x0f,0x80,0x12,0x31,0xfa,0xff,0x97,
	0xa0,0xbb,0x00,0x39,0xa0,0xbf,0x40,0x39,0x1f,0x00,0x00,0x71,0xc0,0x00,0x00,0x54,
	0xa0,0xbb,0x40,0x39,0x1f,0x00,0x00,0x71,0x60,0x00,0x00,0x54,0x20,0x00,0x80,0x52,
	0x02,0x00,0x00,0x14,0x00,0x00,0x80,0x52,0xa0,0xbf,0x00,0x39,0xe2,0x09,0x80,0x52,
	0xa1,0x03,0x80,0x52,0xe0,0x0f,0x80,0x12,0x22,0xfa,0xff,0x97,0xa0,0xbb,0x00,0x39,
	0xa0,0xbf,0x40,0x39,0x1f,0x00,0x00,0x71,0xc0,0x00,0x00,0x54,0xa0,0xbb,0x40,0x39,
	0x1f,0x00,0x00,0x71,0x60,0x00,0x00,0x54,0x20,0x00,0x80,0x52,0x02,0x00,0x00,0x14,
	0x00,0x00,0x80,0x52,0xa0,0xbf,0x00,0x39,0xe2,0x05,0x80,0x52,0xc1,0x03,0x80,0x52,
	0xe0,0x0f,0x80,0x12,0x13,0xfa,0xff,0x97,0xa0,0xbb,0x00,0x39,0xa0,0xbf,0x40,0x39,
	0x1f,0x00,0x00,0x71,0xc0,0x00,0x00,0x54,0xa0,0xbb,0x40,0x39,0x1f,0x00,0x00,0x71,
	0x60,0x00,0x00,0x54,0x20,0x00,0x80,0x52,0x02,0x00,0x00,0x14,0x00,0x00,0x80,0x52,
	0xa0,0xbf,0x00,0x39,0xe2,0x09,0x80,0x52,0xe1,0x03,0x80,0x52,0xe0,0x0f,0x80,0x12,
	0x04,0xfa,0xff,0x97,0xa0,0xbb,0x00,0x39,0xa0,0xbf,0x40,0x39,0x1f,0x00,0x00,0x71,
	0xc0,0x00,0x00,0x54,0xa0,0xbb,0x40,0x39,0x1f,0x00,0x00,0x71,0x60,0x00,0x00,0x54,
	0x20,0x00,0x80,0x52,0x02,0x00,0x00,0x14,0x00,0x00,0x80,0x52,0xa0,0xbf,0x00,0x39,
	0x02,0x00,0x80,0x52,0x41,0x04,0x80,0x52,0xe0,0x0f,0x80,0x12,0xf5,0xf9,0xff,0x97,
	0xa0,0xbb,0x00,0x39,0xa0,0xbf,0x40,0x39,0x1f,0x00,0x00,0x71,0xc0,0x00,0x00,0x54,
	0xa0,0xbb,0x40,0x39,0x1f,0x00,0x00,0x71,0x60,0x00,0x00,0x54,0x20,0x00,0x80,0x52,
	0x02,0x00,0x00,0x14,0x00,0x00,0x80,0x52,0xa0,0xbf,0x00,0x39,0x02,0x00,0x80,0x52,
	0xc1,0x04,0x80,0x52,0xe0,0x0f,0x80,0x12,0xe6,0xf9,0xff,0x97,0xa0,0xbb,0x00,0x39,
	0xa0,0xbf,0x40,0x39,0x1f,0x00,0x00,0x71,0xc0,0x00,0x00,0x54,0xa0,0xbb,0x40,0x39,
	0x1f,0x00,0x00,0x71,0x60,0x00,0x00,0x54,0x20,0x00,0x80,0x52,0x02,0x00,0x00,0x14,
	0x00,0x00,0x80,0x52,0xa0,0xbf,0x00,0x39,0xe2,0x0f,0x80,0x12,0x81,0x02,0x80,0x12,
	0xe0,0x0f,0x80,0x12,0xd7,0xf9,0xff,0x97,0xa0,0xbb,0x00,0x39,0xa0,0xbf,0x40,0x39,
	0x1f,0x00,0x00,0x71,0xc0,0x00,0x00,0x54,0xa0,0xbb,0x40,0x39,0x1f,0x00,0x00,0x71,
	0x60,0x00,0x00,0x54,0x20,0x00,0x80,0x52,0x02,0x00,0x00,0x14,0x00,0x00,0x80,0x52,
	0xa0,0xbf,0x00,0x39,0x22,0x00,0x80,0x52,0xe1,0x00,0x80,0x52,0xe0,0x0f,0x80,0x12,
	0xc8,0xf9,0xff,0x97,0xa0,0xbb,0x00,0x39,0xa0,0xbf,0x40,0x39,0x1f,0x00,0x00,0x71,
	0xc0,0x00,0x00,0x54,0xa0,0xbb,0x40,0x39,0x1f,0x00,0x00,0x71,0x60,0x00,0x00,0x54,
	0x20,0x00,0x80,0x52,0x02,0x00,0x00,0x14,0x00,0x00,0x80,0x52,0xa0,0xbf,0x00,0x39,
	0x17,0x02,0x00,0x14,0x20,0x00,0x80,0x52,0xa0,0xbf,0x00,0x39,0x02,0x00,0x80,0x52,
	0xe1,0x02,0x80,0x12,0xe0,0x0f,0x80,0x12,0xb6,0xf9,0xff,0x97,0xa0,0xbb,0x00,0x39,
	0xa0,0xbf,0x40,0x39,0x1f,0x00,0x00,0x71,0xc0,0x00,0x00,0x54,0xa0,0xbb,0x40,0x39,
	0x1f,0x00,0x00,0x71,0x60,0x00,0x00,0x54,0x20,0x00,0x80,0x52,0x02,0x00,0x00,0x14,
	0x00,0x00,0x80,0x52,0xa0,0xbf,0x00,0x39,0xe2,0x00,0x80,0x52,0x21,0x02,0x80,0x12,
	0xe0,0x0f,0x80,0x12,0xa7,0xf9,0xff,0x97,0xa0,0xbb,0x00,0x39,0xa0,0xbf,0x40,0x39,
	0x1f,0x00,0x00,0x71,0xc0,0x00,0x00,0x54,0xa0,0xbb,0x40,0x39,0x1f,0x00,0x00,0x71,
	0x60,0x00,0x00,0x54,0x20,0x00,0x80,0x52,0x02,0x00,0x00,0x14,0x00,0x00,0x80,0x52,
	0xa0,0xbf,0x00,0x39,0x40,0x01,0x80,0x52,0xfe,0xf6,0xff,0x97,0x02,0x00,0x80,0x52,
	0xe1,0x02,0x80,0x12,0xe0,0x0f,0x80,0x12,0x96,0xf9,0xff,0x97,0xa0,0xbb,0x00,0x39,
	0xa0,0xbf,0x40,0x39,0x1f,0x00,0x00,0x71,0xc0,0x00,0x00,0x54,0xa0,0xbb,0x40,0x39,
	0x1f,0x00,0x00,0x71,0x60,0x00,0x00,0x54,0x20,0x00,0x80,0x52,0x02,0x00,0x00,0x14,
	0x00,0x00,0x80,0x52,0xa0,0xbf,0x00,0x39,0xe2,0x0b,0x80,0x12,0x61,0x00,0x80,0x52,
	0xe0,0x0f,0x80,0x12,0x87,0xf9,0xff,0x97,0xa0,0xbb,0x00,0x39,0xa0,0xbf,0x40,0x39,
	0x1f,0x00,0x00,0x71,0xc0,0x00,0x00,0x54,0xa0,0xbb,0x40,0x39,0x1f,0x00,0x00,0x71,
	0x60,0x00,0x00,0x54,0x20,0x00,0x80,0x52,0x02,0x00,0x00,0x14,0x00,0x00,0x80,0x52,
	0xa0,0xbf,0x00,0x39,0xa2,0x00,0x80,0x52,0x81,0x00,0x80,0x52,0xe0,0x0f,0x80,0x12,
	0x78,0xf9,0xff,0x97,0xa0,0xbb,0x00,0x39,0xa0,0xbf,0x40,0x39,0x1f,0x00,0x00,0x71,
	0xc0,0x00,0x00,0x54,0xa0,0xbb,0x40,0x39,0x1f,0x00,0x00,0x71,0x60,0x00,0x00,0x54,
	0x20,0x00,0x80,0x52,0x02,0x00,0x00,0x14,0x00,0x00,0x80,0x52,0xa0,0xbf,0x00,0x39,
	0x02,0x00,0x80,0x52,0xa1,0x00,0x80,0x52,0xe0,0x0f,0x80,0x12,0x69,0xf9,0xff,0x97,
	0xa0,0xbb,0x00,0x39,0xa0,0xbf,0x40,0x39,0x1f,0x00,0x00,0x71,0xc0,0x00,0x00,0x54,
	0xa0,0xbb,0x40,0x39,0x1f,0x00,0x00,0x71,0x60,0x00,0x00,0x54,0x20,0x00,0x80,0x52,
	0x02,0x00,0x00,0x14,0x00,0x00,0x80,0x52,0xa0,0xbf,0x00,0x39,0x22,0x00,0x80,0x52,
	0x41,0x02,0x80,0x52,0xe0,0x0f,0x80,0x12,0x5a,0xf9,0xff,0x97,0xa0,0xbb,0x00,0x39,
	0xa0,0xbf,0x40,0x39,0x1f,0x00,0x00,0x71,0xc0,0x00,0x00,0x54,0xa0,0xbb,0x40,0x39,
	0x1f,0x00,0x00,0x71,0x60,0x00,0x00,0x54,0x20,0x00,0x80,0x52,0x02,0x00,0x00,0x14,
	0x00,0x00,0x80,0x52,0xa0,0xbf,0x00,0x39,0x02,0x00,0x80,0x52,0x61,0x02,0x80,0x52,
	0xe0,0x0f,0x80,0x12,0x4b,0xf9,0xff,0x97,0xa0,0xbb,0x00,0x39,0xa0,0xbf,0x40,0x39,
	0x1f,0x00,0x00,0x71,0xc0,0x00,0x00,0x54,0xa0,0xbb,0x40,0x39,0x1f,0x00,0x00,0x71,
	0x60,0x00,0x00,0x54,0x20,0x00,0x80,0x52,0x02,0x00,0x00,0x14,0x00,0x00,0x80,0x52,
	0xa0,0xbf,0x00,0x39,0x02,0x00,0x80,0x52,0x01,0x01,0x80,0x52,0xe0,0x0f,0x80,0x12,
	0x3c,0xf9,0xff,0x97,0xa0,0xbb,0x00,0x39,0xa0,0xbf,0x40,0x39,0x1f,0x00,0x00,0x71,
	0xc0,0x00,0x00,0x54,0xa0,0xbb,0x40,0x39,0x1f,0x00,0x00,0x71,0x60,0x00,0x00,0x54,
	0x20,0x00,0x80,0x52,0x02,0x00,0x00,0x14,0x00,0x00,0x80,0x52,0xa0,0xbf,0x00,0x39,
	0x22,0x00,0x80,0x52,0x21,0x01,0x80,0x52,0xe0,0x0f,0x80,0x12,0x2d,0xf9,0xff,0x97,
	0xa0,0xbb,0x00,0x39,0xa0,0xbf,0x40,0x39,0x1f,0x00,0x00,0x71,0xc0,0x00,0x00,0x54,
	0xa0,0xbb,0x40,0x39,0x1f,0x00,0x00,0x71,0x60,0x00,0x00,0x54,0x20,0x00,0x80,0x52,
	0x02,0x00,0x00,0x14,0x00,0x00,0x80,0x52,0xa0,0xbf,0x00,0x39,0x02,0x00,0x80,0x52,
	0x41,0x01,0x80,0x52,0xe0,0x0f,0x80,0x12,0x1e,0xf9,0xff,0x97,0xa0,0xbb,0x00,0x39,
	0xa0,0xbf,0x40,0x39,0x1f,0x00,0x00,0x71,0xc0,0x00,0x00,0x54,0xa0,0xbb,0x40,0x39,
	0x1f,0x00,0x00,0x71,0x60,0x00,0x00,0x54,0x20,0x00,0x80,0x52,0x02,0x00,0x00,0x14,
	0x00,0x00,0x80,0x52,0xa0,0xbf,0x00,0x39,0x22,0x00,0x80,0x52,0x61,0x01,0x80,0x52,
	0xe0,0x0f,0x80,0x12,0x0f,0xf9,0xff,0x97,0xa0,0xbb,0x00,0x39,0xa0,0xbf,0x40,0x39,
	0x1f,0x00,0x00,0x71,0xc0,0x00,0x00,0x54,0xa0,0xbb,0x40,0x39,0x1f,0x00,0x00,0x71,
	0x60,0x00,0x00,0x54,0x20,0x00,0x80,0x52,0x02,0x00,0x00,0x14,0x00,0x00,0x80,0x52,
	0xa0,0xbf,0x00,0x39,0x02,0x00,0x80,0x52,0x81,0x01,0x80,0x52,0xe0,0x0f,0x80,0x12,
	0x00,0xf9,0xff,0x97,0xa0,0xbb,0x00,0x39,0xa0,0xbf,0x40,0x39,0x1f,0x00,0x00,0x71,
	0xc0,0x00,0x00,0x54,0xa0,0xbb,0x40,0x39,0x1f,0x00,0x00,0x71,0x60,0x00,0x00,0x54,
	0x20,0x00,0x80,0x52,0x02,0x00,0x00,0x14,0x00,0x00,0x80,0x52,0xa0,0xbf,0x00,0x39,
	0x22,0x00,0x80,0x52,0xa1,0x01,0x80,0x52,0xe0,0x0f,0x80,0x12,0xf1,0xf8,0xff,0x97,
	0xa0,0xbb,0x00,0x39,0xa0,0xbf,0x40,0x39,0x1f,0x00,0x00,0x71,0xc0,0x00,0x00,0x54,
	0xa0,0xbb,0x40,0x39,0x1f,0x00,0x00,0x71,0x60,0x00,0x00,0x54,0x20,0x00,0x80,0x52,
	0x02,0x00,0x00,0x14,0x00,0x00,0x80,0x52,0xa0,0xbf,0x00,0x39,0x82,0x02,0x80,0x52,
	0xc1,0x01,0x80,0x52,0xe0,0x0f,0x80,0x12,0xe2,0xf8,0xff,0x97,0xa0,0xbb,0x00,0x39,
	0xa0,0xbf,0x40,0x39,0x1f,0x00,0x00,0x71,0xc0,0x00,0x00,0x54,0xa0,0xbb,0x40,0x39,
	0x1f,0x00,0x00,0x71,0x60,0x00,0x00,0x54,0x20,0x00,0x80,0x52,0x02,0x00,0x00,0x14,
	0x00,0x00,0x80,0x52,0xa0,0xbf,0x00,0x39,0x42,0x01,0x80,0x52,0xe1,0x01,0x80,0x52,
	0xe0,0x0f,0x80,0x12,0xd3,0xf8,0xff,0x97,0xa0,0xbb,0x00,0x39,0xa0,0xbf,0x40,0x39,
	0x1f,0x00,0x00,0x71,0xc0,0x00,0x00,0x54,0xa0,0xbb,0x40,0x39,0x1f,0x00,0x00,0x71,
	0x60,0x00,0x00,0x54,0x20,0x00,0x80,0x52,0x02,0x00,0x00,0x14,0x00,0x00,0x80,0x52,
	0xa0,0xbf,0x00,0x39,0x42,0x01,0x80,0x52,0x01,0x02,0x80,0x52,0xe0,0x0f,0x80,0x12,
	0xc4,0xf8,0xff,0x97,0xa0,0xbb,0x00,0x39,0xa0,0xbf,0x40,0x39,0x1f,0x00,0x00,0x71,
	0xc0,0x00,0x00,0x54,0xa0,0xbb,0x40,0x39,0x1f,0x00,0x00,0x71,0x60,0x00,0x00,0x54,
	0x20,0x00,0x80,0x52,0x02,0x00,0x00,0x14,0x00,0x00,0x80,0x52,0xa0,0xbf,0x00,0x39,
	0x62,0x06,0x80,0x52,0x21,0x02,0x80,0x52,0xe0,0x0f,0x80,0x12,0xb5,0xf8,0xff,0x97,
	0xa0,0xbb,0x00,0x39,0xa0,0xbf,0x40,0x39,0x1f,0x00,0x00,0x71,0xc0,0x00,0x00,0x54,
	0xa0,0xbb,0x40,0x39,0x1f,0x00,0x00,0x71,0x60,0x00,0x00,0x54,0x20,0x00,0x80,0x52,
	0x02,0x00,0x00,0x14,0x00,0x00,0x80,0x52,0xa0,0xbf,0x00,0x39,0x80,0x77,0x00,0xf0,
	0x00,0xe8,0x1a,0x91,0x00,0x00,0x40,0x39,0xe2,0x03,0x00,0x2a,0x81,0x02,0x80,0x52,
	0xe0,0x0f,0x80,0x12,0xa3,0xf8,0xff,0x97,0xa0,0xbb,0x00,0x39,0xa0,0xbf,0x40,0x39,
	0x1f,0x00,0x00,0x71,0xc0,0x00,0x00,0x54,0xa0,0xbb,0x40,0x39,0x1f,0x00,0x00,0x71,
	0x60,0x00,0x00,0x54,0x20,0x00,0x80,0x52,0x02,0x00,0x00,0x14,0x00,0x00,0x80,0x52,
	0xa0,0xbf,0x00,0x39,0x80,0x77,0x00,0xf0,0x00,0xd0,0x1a,0x91,0x00,0x00,0x40,0x39,
	0xe2,0x03,0x00,0x2a,0xa1,0x02,0x80,0x52,0xe0,0x0f,0x80,0x12,0x91,0xf8,0xff,0x97,
	0xa0,0xbb,0x00,0x39,0xa0,0xbf,0x40,0x39,0x1f,0x00,0x00,0x71,0xc0,0x00,0x00,0x54,
	0xa0,0xbb,0x40,0x39,0x1f,0x00,0x00,0x71,0x60,0x00,0x00,0x54,0x20,0x00,0x80,0x52,
	0x02,0x00,0x00,0x14,0x00,0x00,0x80,0x52,0xa0,0xbf,0x00,0x39,0x80,0x77,0x00,0xf0,
	0x00,0x50,0x19,0x91,0x00,0x00,0x40,0x39,0xe2,0x03,0x00,0x2a,0xc1,0x02,0x80,0x52,
	0xe0,0x0f,0x80,0x12,0x7f,0xf8,0xff,0x97,0xa0,0xbb,0x00,0x39,0xa0,0xbf,0x40,0x39,
	0x1f,0x00,0x00,0x71,0xc0,0x00,0x00,0x54,0xa0,0xbb,0x40,0x39,0x1f,0x00,0x00,0x71,
	0x60,0x00,0x00,0x54,0x20,0x00,0x80,0x52,0x02,0x00,0x00,0x14,0x00,0x00,0x80,0x52,
	0xa0,0xbf,0x00,0x39,0x80,0x77,0x00,0xf0,0x00,0x30,0x1b,0x91,0x00,0x00,0x40,0x79,
	0xa0,0xb7,0x00,0x39,0xa2,0xb7,0x40,0x39,0xe1,0x02,0x80,0x52,0xe0,0x0f,0x80,0x12,
	0x6c,0xf8,0xff,0x97,0xa0,0xbb,0x00,0x39,0xa0,0xbf,0x40,0x39,0x1f,0x00,0x00,0x71,
	0xc0,0x00,0x00,0x54,0xa0,0xbb,0x40,0x39,0x1f,0x00,0x00,0x71,0x60,0x00,0x00,0x54,
	0x20,0x00,0x80,0x52,0x02,0x00,0x00,0x14,0x00,0x00,0x80,0x52,0xa0,0xbf,0x00,0x39,
	0x80,0x77,0x00,0xf0,0x00,0x30,0x1b,0x91,0x00,0x00,0x40,0x79,0x00,0x7c,0x08,0x53,
	0x00,0x3c,0x00,0x12,0xa0,0xb7,0x00,0x39,0xa2,0xb7,0x40,0x39,0x01,0x03,0x80,0x52,
	0xe0,0x0f,0x80,0x12,0x57,0xf8,0xff,0x97,0xa0,0xbb,0x00,0x39,0xa0,0xbf,0x40,0x39,
	0x1f,0x00,0x00,0x71,0xc0,0x00,0x00,0x54,0xa0,0xbb,0x40,0x39,0x1f,0x00,0x00,0x71,
	0x60,0x00,0x00,0x54,0x20,0x00,0x80,0x52,0x02,0x00,0x00,0x14,0x00,0x00,0x80,0x52,
	0xa0,0xbf,0x00,0x39,0x02,0x02,0x80,0x52,0x21,0x03,0x80,0x52,0xe0,0x0f,0x80,0x12,
	0x48,0xf8,0xff,0x97,0xa0,0xbb,0x00,0x39,0xa0,0xbf,0x40,0x39,0x1f,0x00,0x00,0x71,
	0xc0,0x00,0x00,0x54,0xa0,0xbb,0x40,0x39,0x1f,0x00,0x00,0x71,0x60,0x00,0x00,0x54,
	0x20,0x00,0x80,0x52,0x02,0x00,0x00,0x14,0x00,0x00,0x80,0x52,0xa0,0xbf,0x00,0x39,
	0x02,0x00,0x80,0x52,0x41,0x03,0x80,0x52,0xe0,0x0f,0x80,0x12,0x39,0xf8,0xff,0x97,
	0xa0,0xbb,0x00,0x39,0xa0,0xbf,0x40,0x39,0x1f,0x00,0x00,0x71,0xc0,0x00,0x00,0x54,
	0xa0,0xbb,0x40,0x39,0x1f,0x00,0x00,0x71,0x60,0x00,0x00,0x54,0x20,0x00,0x80,0x52,
	0x02,0x00,0x00,0x14,0x00,0x00,0x80,0x52,0xa0,0xbf,0x00,0x39,0x02,0x02,0x80,0x52,
	0x61,0x03,0x80,0x52,0xe0,0x0f,0x80,0x12,0x2a,0xf8,0xff,0x97,0xa0,0xbb,0x00,0x39,
	0xa0,0xbf,0x40,0x39,0x1f,0x00,0x00,0x71,0xc0,0x00,0x00,0x54,0xa0,0xbb,0x40,0x39,
	0x1f,0x00,0x00,0x71,0x60,0x00,0x00,0x54,0x20,0x00,0x80,0x52,0x02,0x00,0x00,0x14,
	0x00,0x00,0x80,0x52,0xa0,0xbf,0x00,0x39,0x02,0x00,0x80,0x52,0x81,0x03,0x80,0x52,
	0xe0,0x0f,0x80,0x12,0x1b,0xf8,0xff,0x97,0xa0,0xbb,0x00,0x39,0xa0,0xbf,0x40,0x39,
	0x1f,0x00,0x00,0x71,0xc0,0x00,0x00,0x54,0xa0,0xbb,0x40,0x39,0x1f,0x00,0x00,0x71,
	0x60,0x00,0x00,0x54,0x20,0x00,0x80,0x52,0x02,0x00,0x00,0x14,0x00,0x00,0x80,0x52,
	0xa0,0xbf,0x00,0x39,0xe2,0x03,0x80,0x52,0xa1,0x03,0x80,0x52,0xe0,0x0f,0x80,0x12,
	0x0c,0xf8,0xff,0x97,0xa0,0xbb,0x00,0x39,0xa0,0xbf,0x40,0x39,0x1f,0x00,0x00,0x71,
	0xc0,0x00,0x00,0x54,0xa0,0xbb,0x40,0x39,0x1f,0x00,0x00,0x71,0x60,0x00,0x00,0x54,
	0x20,0x00,0x80,0x52,0x02,0x00,0x00,0x14,0x00,0x00,0x80,0x52,0xa0,0xbf,0x00,0x39,
	0xe2,0x09,0x80,0x52,0xc1,0x03,0x80,0x52,0xe0,0x0f,0x80,0x12,0xfd,0xf7,0xff,0x97,
	0xa0,0xbb,0x00,0x39,0xa0,0xbf,0x40,0x39,0x1f,0x00,0x00,0x71,0xc0,0x00,0x00,0x54,
	0xa0,0xbb,0x40,0x39,0x1f,0x00,0x00,0x71,0x60,0x00,0x00,0x54,0x20,0x00,0x80,0x52,
	0x02,0x00,0x00,0x14,0x00,0x00,0x80,0x52,0xa0,0xbf,0x00,0x39,0xe2,0x05,0x80,0x52,
	0xe1,0x03,0x80,0x52,0xe0,0x0f,0x80,0x12,0xee,0xf7,0xff,0x97,0xa0,0xbb,0x00,0x39,
	0xa0,0xbf,0x40,0x39,0x1f,0x00,0x00,0x71,0xc0,0x00,0x00,0x54,0xa0,0xbb,0x40,0x39,
	0x1f,0x00,0x00,0x71,0x60,0x00,0x00,0x54,0x20,0x00,0x80,0x52,0x02,0x00,0x00,0x14,
	0x00,0x00,0x80,0x52,0xa0,0xbf,0x00,0x39,0xe2,0x01,0x80,0x12,0x41,0x04,0x80,0x52,
	0xe0,0x0f,0x80,0x12,0xdf,0xf7,0xff,0x97,0xa0,0xbb,0x00,0x39,0xa0,0xbf,0x40,0x39,
	0x1f,0x00,0x00,0x71,0xc0,0x00,0x00,0x54,0xa0,0xbb,0x40,0x39,0x1f,0x00,0x00,0x71,
	0x60,0x00,0x00,0x54,0x20,0x00,0x80,0x52,0x02,0x00,0x00,0x14,0x00,0x00,0x80,0x52,
	0xa0,0xbf,0x00,0x39,0x02,0x00,0x80,0x52,0xc1,0x04,0x80,0x52,0xe0,0x0f,0x80,0x12,
	0xd0,0xf7,0xff,0x97,0xa0,0xbb,0x00,0x39,0xa0,0xbf,0x40,0x39,0x1f,0x00,0x00,0x71,
	0xc0,0x00,0x00,0x54,0xa0,0xbb,0x40,0x39,0x1f,0x00,0x00,0x71,0x60,0x00,0x00,0x54,
	0x20,0x00,0x80,0x52,0x02,0x00,0x00,0x14,0x00,0x00,0x80,0x52,0xa0,0xbf,0x00,0x39,
	0xe2,0x0f,0x80,0x12,0x81,0x02,0x80,0x12,0xe0,0x0f,0x80,0x12,0xc1,0xf7,0xff,0x97,
	0xa0,0xbb,0x00,0x39,0xa0,0xbf,0x40,0x39,0x1f,0x00,0x00,0x71,0xc0,0x00,0x00,0x54,
	0xa0,0xbb,0x40,0x39,0x1f,0x00,0x00,0x71,0x60,0x00,0x00,0x54,0x20,0x00,0x80,0x52,
	0x02,0x00,0x00,0x14,0x00,0x00,0x80,0x52,0xa0,0xbf,0x00,0x39,0x22,0x00,0x80,0x52,
	0xe1,0x00,0x80,0x52,0xe0,0x0f,0x80,0x12,0xb2,0xf7,0xff,0x97,0xa0,0xbb,0x00,0x39,
	0xa0,0xbf,0x40,0x39,0x1f,0x00,0x00,0x71,0xc0,0x00,0x00,0x54,0xa0,0xbb,0x40,0x39,
	0x1f,0x00,0x00,0x71,0x60,0x00,0x00,0x54,0x20,0x00,0x80,0x52,0x02,0x00,0x00,0x14,
	0x00,0x00,0x80,0x52,0xa0,0xbf,0x00,0x39,0x1f,0x20,0x03,0xd5,0xa0,0xbf,0x40,0x39,
	0xfd,0x7b,0xc3,0xa8,0xc0,0x03,0x5f,0xd6,0xfd,0x7b,0xbd,0xa9,0xfd,0x03,0x00,0x91,
	0xa0,0x1f,0x00,0xb9,0xa1,0x0b,0x00,0xf9,0x20,0x00,0x80,0x52,0xa0,0xaf,0x00,0x39,
	0xbf,0x5b,0x00,0x79,0x04,0x00,0x00,0x14,0xa0,0x5b,0x40,0x79,0x00,0x04,0x00,0x11,
	0xa0,0x5b,0x00,0x79,0xa0,0x5b,0x40,0x79,0x1f,0xfc,0x03,0x71,0x69,0xff,0xff,0x54,
	0xbf,0x5b,0x00,0x79,0x09,0x00,0x00,0x14,0xa1,0x5b,0x40,0x79,0x40,0x76,0x00,0xf0,
	0x00,0x80,0x3d,0x91,0x21,0x7c,0x40,0x93,0x1f,0x78,0x21,0x78,0xa0,0x5b,0x40,0x79,
	0x00,0x04,0x00,0x11,0xa0,0x5b,0x00,0x79,0xa0,0x5b,0x40,0x79,0x1f,0xfc,0x01,0x71,
	0xc9,0xfe,0xff,0x54,0xbf,0x5b,0x00,0x79,0x13,0x00,0x00,0x14,0xa1,0x5b,0x40,0x79,
	0x60,0x76,0x00,0x90,0x00,0x80,0x31,0x91,0x21,0x7c,0x40,0x93,0x1f,0x78,0x21,0xb8,
	0xa1,0x5b,0x40,0x79,0x60,0x76,0x00,0xb0,0x00,0x80,0x01,0x91,0x21,0x7c,0x40,0x93,
	0x1f,0x78,0x21,0xb8,0xa1,0x5b,0x40,0x79,0x60,0x76,0x00,0xb0,0x00,0x80,0x11,0x91,
	0x21,0x7c,0x40,0x93,0x1f,0x78,0x21,0xb8,0xa0,0x5b,0x40,0x79,0x00,0x04,0x00,0x11,
	0xa0,0x5b,0x00,0x79,0xa0,0x5b,0x40,0x79,0x1f,0xfc,0x03,0x71,0x89,0xfd,0xff,0x54,
	0xbf,0x5b,0x00,0x79,0x09,0x00,0x00,0x14,0xa2,0x5b,0x40,0x79,0x40,0x76,0x00,0xf0,
	0x01,0x00,0x2f,0x91,0x40,0x7c,0x40,0x93,0x3f,0x68,0x20,0x38,0xa0,0x5b,0x40,0x79,
	0x00,0x04,0x00,0x11,0xa0,0x5b,0x00,0x79,0xa0,0x5b,0x40,0x79,0x1f,0x7c,0x0c,0x71,
	0xc9,0xfe,0xff,0x54,0xbf,0x5b,0x00,0x79,0x09,0x00,0x00,0x14,0xa1,0x5b,0x40,0x79,
	0x60,0x76,0x00,0xd0,0x00,0xc0,0x14,0x91,0x21,0x7c,0x40,0x93,0x1f,0x78,0x21,0x78,
	0xa0,0x5b,0x40,0x79,0x00,0x04,0x00,0x11,0xa0,0x5b,0x00,0x79,0xa0,0x5b,0x40,0x79,
	0x1f,0x1c,0x00,0x71,0xc9,0xfe,0xff,0x54,0xbf,0xbf,0x00,0x39,0x0e,0x00,0x00,0x14,
	0xa2,0xbf,0x40,0x39,0x40,0x76,0x00,0xf0,0x01,0xc0,0x2e,0x91,0x40,0x7c,0x40,0x93,
	0x3f,0x68,0x20,0x38,0xa2,0xbf,0x40,0x39,0x40,0x76,0x00,0xf0,0x01,0xe0,0x2e,0x91,
	0x40,0x7c,0x40,0x93,0x3f,0x68,0x20,0x38,0xa0,0xbf,0x40,0x39,0x00,0x04,0x00,0x11,
	0xa0,0xbf,0x00,0x39,0xa0,0xbf,0x40,0x39,0x1f,0x14,0x00,0x71,0x29,0xfe,0xff,0x54,
	0xbf,0xbf,0x00,0x39,0x09,0x00,0x00,0x14,0xa1,0xbf,0x40,0x39,0x60,0x76,0x00,0xd0,
	0x00,0xa0,0x14,0x91,0x21,0x7c,0x40,0x93,0x1f,0x78,0x21,0x78,0xa0,0xbf,0x40,0x39,
	0x00,0x04,0x00,0x11,0xa0,0xbf,0x00,0x39,0xa0,0xbf,0x40,0x39,0x1f,0x0c,0x00,0x71,
	0xc9,0xfe,0xff,0x54,0xbf,0xbf,0x00,0x39,0x31,0x00,0x00,0x14,0xa1,0xbf,0x40,0x39,
	0x60,0x76,0x00,0xd0,0x00,0xa0,0x19,0x91,0x21,0x7c,0x40,0x93,0x1f,0x78,0x21,0xb8,
	0xa1,0xbf,0x40,0x39,0x60,0x76,0x00,0xd0,0x00,0x40,0x1b,0x91,0x21,0x7c,0x40,0x93,
	0x1f,0x78,0x21,0xb8,0xa1,0xbf,0x40,0x39,0x60,0x76,0x00,0xd0,0x00,0xe0,0x1c,0x91,
	0x21,0x7c,0x40,0x93,0x1f,0x78,0x21,0xb8,0xa1,0xbf,0x40,0x39,0x60,0x76,0x00,0xd0,
	0x00,0x80,0x1e,0x91,0x21,0x7c,0x40,0x93,0x1f,0x78,0x21,0xb8,0xa1,0xbf,0x40,0x39,
	0x60,0x76,0x00,0xd0,0x00,0x20,0x20,0x91,0x21,0x7c,0x40,0x93,0x1f,0x78,0x21,0xb8,
	0xa1,0xbf,0x40,0x39,0x60,0x76,0x00,0xd0,0x00,0xc0,0x21,0x91,0x21,0x7c,0x40,0x93,
	0x1f,0x78,0x21,0xb8,0xa1,0xbf,0x40,0x39,0x60,0x76,0x00,0xd0,0x00,0x00,0x17,0x91,
	0x21,0x7c,0x40,0x93,0x1f,0x78,0x21,0x78,0xa1,0xbf,0x40,0x39,0x60,0x76,0x00,0xd0,
	0x00,0xe0,0x17,0x91,0x21,0x7c,0x40,0x93,0x1f,0x78,0x21,0x78,0xa1,0xbf,0x40,0x39,
	0x60,0x76,0x00,0xd0,0x00,0xc0,0x18,0x91,0x21,0x7c,0x40,0x93,0x1f,0x78,0x21,0x78,
	0xa0,0xbf,0x40,0x39,0x00,0x04,0x00,0x11,0xa0,0xbf,0x00,0x39,0xa0,0xbf,0x40,0x39,
	0x1f,0x60,0x00,0x71,0xc9,0xf9,0xff,0x54,0x40,0x76,0x00,0xf0,0x00,0x90,0x2e,0x91,
	0x1f,0x00,0x00,0xb9,0x60,0x76,0x00,0xd0,0x00,0xc4,0x01,0x91,0x1f,0x00,0x00,0x39,
	0x40,0x76,0x00,0xf0,0x00,0x88,0x2b,0x91,0x1f,0x00,0x00,0x39,0x40,0x76,0x00,0xf0,
	0x00,0x78,0x2b,0x91,0x1f,0x00,0x00,0x79,0x40,0x76,0x00,0xf0,0x00,0x50,0x2b,0x91,
	0x1f,0x00,0x00,0xb9,0x40,0x76,0x00,0xf0,0x00,0x80,0x2b,0x91,0x1f,0x00,0x00,0x39,
	0x60,0x76,0x00,0xd0,0x00,0xd0,0x04,0x91,0x1f,0x00,0x00,0x39,0x60,0x76,0x00,0xd0,
	0x00,0x14,0x04,0x91,0x1f,0x00,0x00,0x39,0x60,0x76,0x00,0xd0,0x00,0xb0,0x04,0x91,
	0x1f,0x00,0x00,0x79,0x60,0x76,0x00,0xd0,0x00,0x00,0x04,0x91,0x1f,0x00,0x00,0x79,
	0x60,0x76,0x00,0xd0,0x00,0x00,0x04,0x91,0x1f,0x04,0x00,0x79,0x60,0x76,0x00,0xd0,
	0x00,0xe0,0x03,0x91,0x1f,0x00,0x00,0x79,0x60,0x76,0x00,0xd0,0x00,0xe0,0x03,0x91,
	0x1f,0x04,0x00,0x79,0x60,0x76,0x00,0xd0,0x00,0xc8,0x04,0x91,0x1f,0x00,0x00,0x39,
	0x40,0x76,0x00,0xf0,0x00,0x98,0x2b,0x91,0x21,0x00,0x80,0x52,0x01,0x00,0x00,0x39,
	0x40,0x76,0x00,0xf0,0x00,0x9c,0x2b,0x91,0x21,0x00,0x80,0x52,0x01,0x00,0x00,0x39,
	0x60,0x76,0x00,0xd0,0x00,0x10,0x14,0x91,0x1f,0x00,0x00,0xb9,0x60,0x76,0x00,0xd0,
	0x00,0x20,0x14,0x91,0x1f,0x00,0x00,0xb9,0x60,0x76,0x00,0xd0,0x00,0x30,0x14,0x91,
	0x1f,0x00,0x00,0xb9,0x60,0x76,0x00,0xd0,0x00,0x60,0x05,0x91,0x1f,0x00,0x00,0x79,
	0x60,0x76,0x00,0xd0,0x00,0x68,0x05,0x91,0x1f,0x00,0x00,0x79,0x60,0x76,0x00,0xd0,
	0x00,0xc0,0x13,0x91,0x1f,0x00,0x00,0xb9,0x60,0x76,0x00,0xd0,0x00,0xe0,0x13,0x91,
	0x1f,0x00,0x00,0xb9,0x60,0x76,0x00,0xd0,0x00,0x00,0x14,0x91,0x1f,0x00,0x00,0xb9,
	0x60,0x76,0x00,0xd0,0x00,0xb0,0x13,0x91,0x1f,0x00,0x00,0xb9,0x60,0x76,0x00,0xd0,
	0x00,0xd0,0x13,0x91,0x1f,0x00,0x00,0xb9,0x60,0x76,0x00,0xd0,0x00,0xf0,0x13,0x91,
	0x1f,0x00,0x00,0xb9,0x60,0x76,0x00,0xd0,0x00,0x00,0x05,0x91,0x1f,0x00,0x00,0x79,
	0x60,0x76,0x00,0xd0,0x00,0x00,0x05,0x91,0x1f,0x04,0x00,0x79,0x60,0x76,0x00,0xd0,
	0x00,0xa0,0x04,0x91,0x1f,0x00,0x00,0x39,0x60,0x76,0x00,0xd0,0x00,0x18,0x04,0x91,
	0x1f,0x00,0x00,0x39,0x60,0x76,0x00,0xd0,0x00,0x1c,0x04,0x91,0x1f,0x00,0x00,0x39,
	0x60,0x76,0x00,0xd0,0x00,0x80,0x02,0x91,0x1f,0x00,0x00,0x39,0x60,0x76,0x00,0xd0,
	0x00,0x84,0x02,0x91,0x1f,0x00,0x00,0x39,0x40,0x76,0x00,0xf0,0x00,0x20,0x2b,0x91,
	0x1f,0x00,0x00,0xb9,0x40,0x76,0x00,0xf0,0x00,0x30,0x2b,0x91,0x1f,0x00,0x00,0xb9,
	0x60,0x76,0x00,0xd0,0x00,0xa4,0x04,0x91,0x1f,0x00,0x00,0x39,0x60,0x76,0x00,0xd0,
	0x00,0x30,0x05,0x91,0x1f,0x00,0x00,0x79,0x60,0x76,0x00,0xd0,0x00,0x38,0x05,0x91,
	0x1f,0x00,0x00,0x79,0x60,0x76,0x00,0xd0,0x00,0x40,0x05,0x91,0x1f,0x00,0x00,0x79,
	0x60,0x76,0x00,0xd0,0x00,0x54,0x05,0x91,0x1f,0x00,0x00,0x39,0x60,0x76,0x00,0xd0,
	0x00,0x58,0x05,0x91,0x1f,0x00,0x00,0x39,0x60,0x76,0x00,0xd0,0x00,0x50,0x05,0x91,
	0x1f,0x00,0x00,0x39,0x60,0x76,0x00,0xd0,0x00,0x48,0x05,0x91,0x1f,0x00,0x00,0x79,
	0x60,0x76,0x00,0xd0,0x00,0xc0,0x01,0x91,0x1f,0x00,0x00,0x39,0x40,0x76,0x00,0xf0,
	0x00,0x60,0x2b,0x91,0x1f,0x00,0x00,0x79,0x40,0x76,0x00,0xf0,0x00,0xa8,0x2b,0x91,
	0x1f,0x00,0x00,0x39,0x60,0x76,0x00,0xd0,0x00,0x50,0x14,0x91,0x1f,0x00,0x00,0x39,
	0x60,0x76,0x00,0xd0,0x00,0x54,0x14,0x91,0x1f,0x00,0x00,0x39,0x60,0x76,0x00,0xd0,
	0x00,0x58,0x14,0x91,0x1f,0x00,0x00,0x39,0x60,0x76,0x00,0xd0,0x00,0x70,0x14,0x91,
	0x1f,0x00,0x00,0x79,0x60,0x76,0x00,0xd0,0x00,0x78,0x14,0x91,0x1f,0x00,0x00,0x79,
	0x60,0x76,0x00,0xb0,0x00,0x80,0x14,0x91,0x1f,0x00,0x00,0x79,0x60,0x76,0x00,0xb0,
	0x00,0x88,0x14,0x91,0x1f,0x00,0x00,0x79,0x60,0x76,0x00,0xb0,0x00,0x90,0x14,0x91,
	0x1f,0x00,0x00,0x79,0x60,0x76,0x00,0xb0,0x00,0x98,0x14,0x91,0x1f,0x00,0x00,0x79,
	0x60,0x76,0x00,0xb0,0x00,0x60,0x14,0x91,0x1f,0x00,0x00,0x79,0x60,0x76,0x00,0xb0,
	0x00,0x68,0x14,0x91,0x1f,0x00,0x00,0x79,0x60,0x76,0x00,0xb0,0x00,0x5c,0x14,0x91,
	0x1f,0x00,0x00,0x39,0x80,0x77,0x00,0xd0,0x00,0x28,0x19,0x91,0x1f,0x00,0x00,0x79,
	0x40,0x76,0x00,0xd0,0x00,0x70,0x2b,0x91,0x1f,0x00,0x00,0x79,0x80,0x55,0x00,0x90,
	0x00,0xa0,0x0f,0x91,0x41,0x00,0x80,0x52,0x01,0x00,0x00,0x39,0x60,0x76,0x00,0xb0,
	0x00,0x28,0x04,0x91,0x1f,0x00,0x00,0x79,0x40,0x76,0x00,0xd0,0x00,0x20,0x2b,0x91,
	0x1f,0x00,0x00,0xb9,0x40,0x76,0x00,0xd0,0x00,0x30,0x2b,0x91,0x1f,0x00,0x00,0xb9,
	0x60,0x76,0x00,0xb0,0x00,0x7c,0x02,0x91,0x1f,0x00,0x00,0x39,0x80,0x55,0x00,0x90,
	0x00,0xa8,0x0f,0x91,0xc1,0x00,0x80,0x52,0x01,0x00,0x00,0x39,0x80,0x77,0x00,0xd0,
	0x00,0x80,0x19,0x91,0x1f,0x00,0x00,0x39,0x80,0x77,0x00,0xd0,0x00,0x10,0x19,0x91,
	0x1f,0x00,0x00,0x39,0x60,0x76,0x00,0xb0,0x00,0x9c,0x04,0x91,0x1f,0x00,0x00,0x39,
	0x60,0x76,0x00,0xb0,0x00,0xc0,0x04,0x91,0x1f,0x00,0x00,0x39,0x60,0x76,0x00,0xb0,
	0x00,0xc4,0x04,0x91,0x1f,0x00,0x00,0x39,0x60,0x76,0x00,0xb0,0x00,0x70,0x02,0x91,
	0x61,0x09,0x80,0x52,0x01,0x00,0x00,0x79,0x60,0x76,0x00,0xb0,0x00,0xd8,0x04,0x91,
	0x61,0x09,0x80,0x52,0x01,0x00,0x00,0x79,0x40,0x76,0x00,0xd0,0x00,0xa0,0x2b,0x91,
	0x21,0x00,0x80,0x52,0x01,0x00,0x00,0x39,0x80,0x77,0x00,0xd0,0x00,0x90,0x1a,0x91,
	0x41,0x00,0x80,0x52,0x01,0x00,0x00,0xb9,0x60,0x76,0x00,0xb0,0x00,0x10,0x04,0x91,
	0x1f,0x00,0x00,0x39,0x60,0x76,0x00,0xb0,0x00,0xbc,0x04,0x91,0x1f,0x00,0x00,0x39,
	0x60,0x76,0x00,0xb0,0x00,0xcc,0x04,0x91,0x1f,0x00,0x00,0x39,0x60,0x76,0x00,0xb0,
	0x00,0x5c,0x05,0x91,0x1f,0x00,0x00,0x39,0x40,0x76,0x00,0xd0,0x00,0x8c,0x2b,0x91,
	0x1f,0x00,0x00,0x39,0x40,0x76,0x00,0xd0,0x00,0x90,0x2b,0x91,0x1f,0x00,0x00,0x39,
	0x40,0x76,0x00,0xd0,0x00,0x94,0x2b,0x91,0x1f,0x00,0x00,0x39,0x60,0x76,0x00,0xb0,
	0x00,0x20,0x15,0x91,0x1f,0x00,0x00,0xb9,0x60,0x76,0x00,0xb0,0x00,0x30,0x15,0x91,
	0x1f,0x00,0x00,0xb9,0x60,0x76,0x00,0xb0,0x00,0x40,0x15,0x91,0x1f,0x00,0x00,0xb9,
	0x60,0x76,0x00,0xb0,0x00,0x94,0x19,0x91,0x1f,0x00,0x00,0x39,0x60,0x76,0x00,0xb0,
	0x00,0x98,0x19,0x91,0x1f,0x00,0x00,0x39,0x60,0x76,0x00,0xb0,0x00,0x9c,0x19,0x91,
	0x1f,0x00,0x00,0x39,0x60,0x76,0x00,0xb0,0x00,0x88,0x19,0x91,0x1f,0x00,0x00,0x39,
	0x60,0x76,0x00,0xb0,0x00,0x8c,0x19,0x91,0x1f,0x00,0x00,0x39,0x60,0x76,0x00,0xb0,
	0x00,0x90,0x19,0x91,0x1f,0x00,0x00,0x39,0x60,0x76,0x00,0xb0,0x00,0xf0,0x16,0x91,
	0x1f,0x00,0x00,0x39,0x60,0x76,0x00,0xb0,0x00,0x50,0x23,0x91,0x1f,0x00,0x00,0xb9,
	0x60,0x76,0x00,0xb0,0x00,0x60,0x23,0x91,0x1f,0x00,0x00,0xb9,0x60,0x76,0x00,0xb0,
	0x00,0x70,0x23,0x91,0x1f,0x00,0x00,0xb9,0x60,0x76,0x00,0xb0,0x00,0xb0,0x23,0x91,
	0x1f,0x00,0x00,0xb9,0x60,0x76,0x00,0xb0,0x00,0xc0,0x23,0x91,0x1f,0x00,0x00,0xb9,
	0x60,0x76,0x00,0xb0,0x00,0xd0,0x23,0x91,0x1f,0x00,0x00,0xb9,0x60,0x76,0x00,0xb0,
	0x00,0x80,0x23,0x91,0x1f,0x00,0x00,0xb9,0x60,0x76,0x00,0xb0,0x00,0x90,0x23,0x91,
	0x1f,0x00,0x00,0xb9,0x60,0x76,0x00,0xb0,0x00,0xa0,0x23,0x91,0x1f,0x00,0x00,0xb9,
	0x60,0x76,0x00,0xb0,0x00,0xf4,0x16,0x91,0x1f,0x00,0x00,0x39,0xbf,0xbf,0x00,0x39,
	0x09,0x00,0x00,0x14,0xa1,0xbf,0x40,0x39,0x60,0x76,0x00,0xb0,0x00,0x40,0x03,0x91,
	0x21,0x7c,0x40,0x93,0x1f,0x78,0x21,0x78,0xa0,0xbf,0x40,0x39,0x00,0x04,0x00,0x11,
	0xa0,0xbf,0x00,0x39,0xa0,0xbf,0x40,0x39,0x1f,0x0c,0x00,0x71,0xc9,0xfe,0xff,0x54,
	0x21,0x3d,0x00,0x94,0x80,0x77,0x00,0xd0,0x00,0xb0,0x1a,0x91,0x41,0x00,0x80,0x52,
	0x01,0x00,0x00,0xb9,0xa0,0x0b,0x40,0xf9,0x01,0x00,0x40,0xb9,0x80,0x77,0x00,0xd0,
	0x00,0xe0,0x19,0x91,0x01,0x00,0x00,0xb9,0xa0,0x0b,0x40,0xf9,0x01,0x04,0x40,0xb9,
	0x80,0x77,0x00,0xd0,0x00,0x70,0x18,0x91,0x01,0x00,0x00,0xb9,0xa0,0x0b,0x40,0xf9,
	0x01,0x08,0x40,0xb9,0x80,0x77,0x00,0xd0,0x00,0x40,0x19,0x91,0x01,0x00,0x00,0xb9,
	0xa0,0xaf,0x40,0x39,0xfd,0x7b,0xc3,0xa8,0xc0,0x03,0x5f,0xd6,0xfd,0x7b,0xbd,0xa9,
	0xfd,0x03,0x00,0x91,0xa0,0x1f,0x00,0xb9,0x60,0x76,0x00,0xb0,0x00,0xc0,0x01,0x91,
	0x1f,0x00,0x00,0x39,0x40,0x76,0x00,0xd0,0x00,0xa0,0x2b,0x91,0x1f,0x00,0x00,0x39,
	0x60,0x76,0x00,0xb0,0x00,0x50,0x15,0x91,0x1f,0x00,0x00,0x39,0x02,0x00,0x80,0x52,
	0xe1,0x00,0x80,0x52,0xe0,0x0f,0x80,0x12,0x92,0xf5,0xff,0x97,0xa0,0xbf,0x00,0x39,
	0x22,0x00,0x80,0x52,0xe1,0x02,0x80,0x12,0xe0,0x0f,0x80,0x12,0x8d,0xf5,0xff,0x97,
	0xa0,0xbb,0x00,0x39,0xa0,0xbb,0x40,0x39,0x1f,0x00,0x00,0x71,0xc0,0x00,0x00,0x54,
	0xa0,0xbf,0x40,0x39,0x1f,0x00,0x00,0x71,0x60,0x00,0x00,0x54,0x20,0x00,0x80,0x52,
	0x02,0x00,0x00,0x14,0x00,0x00,0x80,0x52,0xa0,0xbb,0x00,0x39,0xa0,0xbb,0x40,0x39,
	0xfd,0x7b,0xc3,0xa8,0xc0,0x03,0x5f,0xd6,0xfd,0x7b,0xbd,0xa9,0xfd,0x03,0x00,0x91,
	0xa0,0x1f,0x00,0xb9,0xa1,0x0b,0x00,0xf9,0xbf,0xb7,0x00,0x39,0x20,0x00,0x80,0x52,
	0xa0,0xbb,0x00,0x39,0x40,0x76,0x00,0xd0,0x00,0xa0,0x2b,0x91,0x00,0x00,0x40,0x39,
	0x1f,0x04,0x00,0x71,0x21,0x3f,0x01,0x54,0xa0,0x1f,0x40,0xb9,0x1f,0x08,0x00,0x71,
	0x80,0x00,0x00,0x54,0x1f,0x34,0x00,0x71,0xa0,0x7f,0x00,0x54,0xec,0x06,0x00,0x14,
	0xa0,0xa3,0x00,0x91,0xe2,0x03,0x00,0xaa,0xe1,0x04,0x80,0x52,0xe0,0x0f,0x80,0x12,
	0xfe,0xf4,0xff,0x97,0xa0,0xb3,0x00,0x39,0xa0,0xbb,0x40,0x39,0x1f,0x00,0x00,0x71,
	0xc0,0x00,0x00,0x54,0xa0,0xa3,0x40,0x39,0x1f,0x00,0x00,0x71,0x60,0x00,0x00,0x54,
	0x20,0x00,0x80,0x52,0x02,0x00,0x00,0x14,0x00,0x00,0x80,0x52,0xa0,0xbb,0x00,0x39,
	0xa0,0xa3,0x00,0x91,0xe2,0x03,0x00,0xaa,0x01,0x05,0x80,0x52,0xe0,0x0f,0x80,0x12,
	0xee,0xf4,0xff,0x97,0xa0,0xaf,0x00,0x39,0xa0,0xbb,0x40,0x39,0x1f,0x00,0x00,0x71,
	0xc0,0x00,0x00,0x54,0xa0,0xa3,0x40,0x39,0x1f,0x00,0x00,0x71,0x60,0x00,0x00,0x54,
	0x20,0x00,0x80,0x52,0x02,0x00,0x00,0x14,0x00,0x00,0x80,0x52,0xa0,0xbb,0x00,0x39,
	0xa0,0xa3,0x00,0x91,0xe2,0x03,0x00,0xaa,0x21,0x05,0x80,0x52,0xe0,0x0f,0x80,0x12,
	0xde,0xf4,0xff,0x97,0xa0,0xab,0x00,0x39,0xa0,0xbb,0x40,0x39,0x1f,0x00,0x00,0x71,
	0xc0,0x00,0x00,0x54,0xa0,0xa3,0x40,0x39,0x1f,0x00,0x00,0x71,0x60,0x00,0x00,0x54,
	0x20,0x00,0x80,0x52,0x02,0x00,0x00,0x14,0x00,0x00,0x80,0x52,0xa0,0xbb,0x00,0x39,
	0x60,0x76,0x00,0xb0,0x00,0xf0,0x16,0x91,0x00,0x00,0x40,0x39,0xe3,0x03,0x00,0x2a,
	0xa1,0xb3,0x40,0x39,0xa0,0xaf,0x40,0x39,0x00,0x5c,0x18,0x53,0x21,0x00,0x00,0x0b,
	0xa0,0xab,0x40,0x39,0x00,0x3c,0x10,0x53,0x20,0x00,0x00,0x0b,0xe2,0x03,0x00,0x2a,
	0x60,0x76,0x00,0xb0,0x00,0xa0,0x19,0x91,0x61,0x7c,0x40,0x93,0x02,0x78,0x21,0xb8,
	0xa0,0xa3,0x00,0x91,0xe2,0x03,0x00,0xaa,0xc1,0x05,0x80,0x52,0xe0,0x0f,0x80,0x12,
	0xbe,0xf4,0xff,0x97,0xa0,0xb3,0x00,0x39,0xa0,0xbb,0x40,0x39,0x1f,0x00,0x00,0x71,
	0xc0,0x00,0x00,0x54,0xa0,0xa3,0x40,0x39,0x1f,0x00,0x00,0x71,0x60,0x00,0x00,0x54,
	0x20,0x00,0x80,0x52,0x02,0x00,0x00,0x14,0x00,0x00,0x80,0x52,0xa0,0xbb,0x00,0x39,
	0xa0,0xa3,0x00,0x91,0xe2,0x03,0x00,0xaa,0xe1,0x05,0x80,0x52,0xe0,0x0f,0x80,0x12,
	0xae,0xf4,0xff,0x97,0xa0,0xaf,0x00,0x39,0xa0,0xbb,0x40,0x39,0x1f,0x00,0x00,0x71,
	0xc0,0x00,0x00,0x54,0xa0,0xa3,0x40,0x39,0x1f,0x00,0x00,0x71,0x60,0x00,0x00,0x54,
	0x20,0x00,0x80,0x52,0x02,0x00,0x00,0x14,0x00,0x00,0x80,0x52,0xa0,0xbb,0x00,0x39,
	0x60,0x76,0x00,0xb0,0x00,0xf0,0x16,0x91,0x00,0x00,0x40,0x39,0xe3,0x03,0x00,0x2a,
	0xa0,0xb3,0x40,0x39,0x00,0x7c,0x02,0x53,0x00,0x1c,0x00,0x12,0x01,0x3c,0x00,0x12,
	0xa0,0xaf,0x40,0x39,0x00,0x3c,0x00,0x12,0x00,0x24,0x1a,0x53,0x00,0x3c,0x00,0x12,
	0x20,0x00,0x00,0x0b,0x02,0x3c,0x00,0x12,0x60,0x76,0x00,0xb0,0x00,0x00,0x17,0x91,
	0x61,0x7c,0x40,0x93,0x02,0x78,0x21,0x78,0x60,0x76,0x00,0xb0,0x00,0xf0,0x16,0x91,
	0x00,0x00,0x40,0x39,0x1f,0x00,0x00,0x71,0x81,0x00,0x00,0x54,0x60,0x76,0x00,0xb0,
	0x00,0x94,0x19,0x91,0x1f,0x00,0x00,0x39,0x60,0x76,0x00,0xb0,0x00,0x88,0x19,0x91,
	0x00,0x00,0x40,0x39,0x1f,0x04,0x00,0x71,0x01,0x17,0x00,0x54,0x60,0x76,0x00,0xb0,
	0x00,0x94,0x19,0x91,0x21,0x00,0x80,0x52,0x01,0x00,0x00,0x39,0x60,0x76,0x00,0xb0,
	0x00,0xf0,0x16,0x91,0x00,0x00,0x40,0x39,0xe1,0x03,0x00,0x2a,0x60,0x76,0x00,0xb0,
	0x00,0x00,0x17,0x91,0x21,0x7c,0x40,0x93,0x01,0x78,0x61,0x78,0x60,0x20,0x85,0x52,
	0x3f,0x00,0x00,0x6b,0x09,0x02,0x00,0x54,0x60,0x76,0x00,0xb0,0x00,0xf0,0x16,0x91,
	0x00,0x00,0x40,0x39,0xe1,0x03,0x00,0x2a,0x60,0x76,0x00,0xb0,0x00,0x00,0x17,0x91,
	0x21,0x7c,0x40,0x93,0x01,0x78,0x61,0x78,0x80,0x97,0x86,0x52,0x3f,0x00,0x00,0x6b,
	0xa8,0x00,0x00,0x54,0x60,0x76,0x00,0xb0,0x00,0x88,0x19,0x91,0x1f,0x00,0x00,0x39,
	0x5a,0x00,0x00,0x14,0x60,0x76,0x00,0xb0,0x00,0xf0,0x16,0x91,0x00,0x00,0x40,0x39,
	0xe1,0x03,0x00,0x2a,0x60,0x76,0x00,0xb0,0x00,0x00,0x17,0x91,0x21,0x7c,0x40,0x93,
	0x01,0x78,0x61,0x78,0x60,0x20,0x85,0x52,0x3f,0x00,0x00,0x6b,0x68,0x04,0x00,0x54,
	0x80,0x77,0x00,0xd0,0x00,0x30,0x1b,0x91,0x00,0x00,0x40,0x79,0x1f,0xdc,0x01,0x71,
	0xc8,0x03,0x00,0x54,0x60,0x76,0x00,0xb0,0x00,0xf0,0x16,0x91,0x00,0x00,0x40,0x39,
	0xe1,0x03,0x00,0x2a,0x60,0x76,0x00,0xb0,0x00,0x00,0x17,0x91,0x21,0x7c,0x40,0x93,
	0x01,0x78,0x61,0x78,0xe0,0x6a,0x83,0x52,0x3f,0x00,0x00,0x6b,0x48,0x01,0x00,0x54,
	0x80,0x77,0x00,0xd0,0x00,0x30,0x1b,0x91,0x00,0x00,0x40,0x79,0x00,0x14,0x00,0x11,
	0x01,0x3c,0x00,0x12,0x80,0x77,0x00,0xd0,0x00,0x30,0x1b,0x91,0x01,0x00,0x00,0x79,
	0x36,0x00,0x00,0x14,0x80,0x77,0x00,0xd0,0x00,0x30,0x1b,0x91,0x00,0x00,0x40,0x79,
	0x00,0x04,0x00,0x11,0x01,0x3c,0x00,0x12,0x80,0x77,0x00,0xd0,0x00,0x30,0x1b,0x91,
	0x01,0x00,0x00,0x79,0x2d,0x00,0x00,0x14,0x60,0x76,0x00,0xb0,0x00,0xf0,0x16,0x91,
	0x00,0x00,0x40,0x39,0xe1,0x03,0x00,0x2a,0x60,0x76,0x00,0xb0,0x00,0x00,0x17,0x91,
	0x21,0x7c,0x40,0x93,0x01,0x78,0x61,0x78,0x80,0x97,0x86,0x52,0x3f,0x00,0x00,0x6b,
	0x49,0x04,0x00,0x54,0x80,0x77,0x00,0xd0,0x00,0x30,0x1b,0x91,0x00,0x00,0x40,0x79,
	0x1f,0x18,0x00,0x71,0xa9,0x03,0x00,0x54,0x60,0x76,0x00,0xb0,0x00,0xf0,0x16,0x91,
	0x00,0x00,0x40,0x39,0xe1,0x03,0x00,0x2a,0x60,0x76,0x00,0xb0,0x00,0x00,0x17,0x91,
	0x21,0x7c,0x40,0x93,0x01,0x78,0x61,0x78,0x80,0x91,0x87,0x52,0x3f,0x00,0x00,0x6b,
	0x49,0x01,0x00,0x54,0x80,0x77,0x00,0xd0,0x00,0x30,0x1b,0x91,0x00,0x00,0x40,0x79,
	0x00,0x14,0x00,0x51,0x01,0x3c,0x00,0x12,0x80,0x77,0x00,0xd0,0x00,0x30,0x1b,0x91,
	0x01,0x00,0x00,0x79,0x09,0x00,0x00,0x14,0x80,0x77,0x00,0xd0,0x00,0x30,0x1b,0x91,
	0x00,0x00,0x40,0x79,0x00,0x04,0x00,0x51,0x01,0x3c,0x00,0x12,0x80,0x77,0x00,0xd0,
	0x00,0x30,0x1b,0x91,0x01,0x00,0x00,0x79,0x60,0x76,0x00,0xb0,0x00,0x88,0x19,0x91,
	0x00,0x00,0x40,0x39,0x1f,0x04,0x00,0x71,0xc1,0x0a,0x00,0x54,0x80,0x77,0x00,0xd0,
	0x00,0x30,0x1b,0x91,0x00,0x00,0x40,0x79,0xa0,0xa7,0x00,0x39,0xa2,0xa7,0x40,0x39,
	0xe1,0x02,0x80,0x52,0xe0,0x0f,0x80,0x12,0x6a,0xf4,0xff,0x97,0x00,0x1c,0x00,0x12,
	0xa0,0xa3,0x00,0x39,0xa0,0xbb,0x40,0x39,0x1f,0x00,0x00,0x71,0xc0,0x00,0x00,0x54,
	0xa0,0xa3,0x40,0x39,0x1f,0x00,0x00,0x71,0x60,0x00,0x00,0x54,0x20,0x00,0x80,0x52,
	0x02,0x00,0x00,0x14,0x00,0x00,0x80,0x52,0xa0,0xbb,0x00,0x39,0x80,0x77,0x00,0xd0,
	0x00,0x30,0x1b,0x91,0x00,0x00,0x40,0x79,0x00,0x7c,0x08,0x53,0x00,0x3c,0x00,0x12,
	0xa0,0xa7,0x00,0x39,0xa2,0xa7,0x40,0x39,0x01,0x03,0x80,0x52,0xe0,0x0f,0x80,0x12,
	0x54,0xf4,0xff,0x97,0x00,0x1c,0x00,0x12,0xa0,0xa3,0x00,0x39,0xa0,0xbb,0x40,0x39,
	0x1f,0x00,0x00,0x71,0xc0,0x00,0x00,0x54,0xa0,0xa3,0x40,0x39,0x1f,0x00,0x00,0x71,
	0x60,0x00,0x00,0x54,0x20,0x00,0x80,0x52,0x02,0x00,0x00,0x14,0x00,0x00,0x80,0x52,
	0xa0,0xbb,0x00,0x39,0xe2,0x0f,0x80,0x12,0x81,0x02,0x80,0x12,0xe0,0x0f,0x80,0x12,
	0x44,0xf4,0xff,0x97,0x00,0x1c,0x00,0x12,0xa0,0xa3,0x00,0x39,0xa0,0xbb,0x40,0x39,
	0x1f,0x00,0x00,0x71,0xc0,0x00,0x00,0x54,0xa0,0xa3,0x40,0x39,0x1f,0x00,0x00,0x71,
	0x60,0x00,0x00,0x54,0x20,0x00,0x80,0x52,0x02,0x00,0x00,0x14,0x00,0x00,0x80,0x52,
	0xa0,0xbb,0x00,0x39,0x1b,0x00,0x00,0x14,0x60,0x76,0x00,0xb0,0x00,0xf0,0x16,0x91,
	0x00,0x00,0x40,0x39,0xe1,0x03,0x00,0x2a,0x60,0x76,0x00,0xb0,0x00,0x00,0x17,0x91,
	0x21,0x7c,0x40,0x93,0x01,0x78,0x61,0x78,0x60,0x26,0x84,0x52,0x3f,0x00,0x00,0x6b,
	0x89,0x01,0x00,0x54,0x60,0x76,0x00,0xb0,0x00,0xf0,0x16,0x91,0x00,0x00,0x40,0x39,
	0xe1,0x03,0x00,0x2a,0x60,0x76,0x00,0xb0,0x00,0x00,0x17,0x91,0x21,0x7c,0x40,0x93,
	0x01,0x78,0x61,0x78,0x00,0x53,0x87,0x52,0x3f,0x00,0x00,0x6b,0xa9,0x00,0x00,0x54,
	0x60,0x76,0x00,0xb0,0x00,0x88,0x19,0x91,0x21,0x00,0x80,0x52,0x01,0x00,0x00,0x39,
	0xa0,0xa3,0x00,0x91,0xe2,0x03,0x00,0xaa,0x41,0x06,0x80,0x52,0xe0,0x0f,0x80,0x12,
	0xae,0xf3,0xff,0x97,0xa0,0xb3,0x00,0x39,0xa0,0xbb,0x40,0x39,0x1f,0x00,0x00,0x71,
	0xc0,0x00,0x00,0x54,0xa0,0xa3,0x40,0x39,0x1f,0x00,0x00,0x71,0x60,0x00,0x00,0x54,
	0x20,0x00,0x80,0x52,0x02,0x00,0x00,0x14,0x00,0x00,0x80,0x52,0xa0,0xbb,0x00,0x39,
	0xa0,0xa3,0x00,0x91,0xe2,0x03,0x00,0xaa,0x61,0x06,0x80,0x52,0xe0,0x0f,0x80,0x12,
	0x9e,0xf3,0xff,0x97,0xa0,0xaf,0x00,0x39,0xa0,0xbb,0x40,0x39,0x1f,0x00,0x00,0x71,
	0xc0,0x00,0x00,0x54,0xa0,0xa3,0x40,0x39,0x1f,0x00,0x00,0x71,0x60,0x00,0x00,0x54,
	0x20,0x00,0x80,0x52,0x02,0x00,0x00,0x14,0x00,0x00,0x80,0x52,0xa0,0xbb,0x00,0x39,
	0xa0,0xa3,0x00,0x91,0xe2,0x03,0x00,0xaa,0x81,0x06,0x80,0x52,0xe0,0x0f,0x80,0x12,
	0x8e,0xf3,0xff,0x97,0xa0,0xab,0x00,0x39,0xa0,0xbb,0x40,0x39,0x1f,0x00,0x00,0x71,
	0xc0,0x00,0x00,0x54,0xa0,0xa3,0x40,0x39,0x1f,0x00,0x00,0x71,0x60,0x00,0x00,0x54,
	0x20,0x00,0x80,0x52,0x02,0x00,0x00,0x14,0x00,0x00,0x80,0x52,0xa0,0xbb,0x00,0x39,
	0x60,0x76,0x00,0xb0,0x00,0xf0,0x16,0x91,0x00,0x00,0x40,0x39,0xe3,0x03,0x00,0x2a,
	0xa1,0xb3,0x40,0x39,0xa0,0xaf,0x40,0x39,0x00,0x5c,0x18,0x53,0x21,0x00,0x00,0x0b,
	0xa0,0xab,0x40,0x39,0x00,0x3c,0x10,0x53,0x20,0x00,0x00,0x0b,0xe2,0x03,0x00,0x2a,
	0x60,0x76,0x00,0xb0,0x00,0x40,0x1b,0x91,0x61,0x7c,0x40,0x93,0x02,0x78,0x21,0xb8,
	0xa0,0xa3,0x00,0x91,0xe2,0x03,0x00,0xaa,0x21,0x07,0x80,0x52,0xe0,0x0f,0x80,0x12,
	0x6e,0xf3,0xff,0x97,0xa0,0xb3,0x00,0x39,0xa0,0xbb,0x40,0x39,0x1f,0x00,0x00,0x71,
	0xc0,0x00,0x00,0x54,0xa0,0xa3,0x40,0x39,0x1f,0x00,0x00,0x71,0x60,0x00,0x00,0x54,
	0x20,0x00,0x80,0x52,0x02,0x00,0x00,0x14,0x00,0x00,0x80,0x52,0xa0,0xbb,0x00,0x39,
	0xa0,0xa3,0x00,0x91,0xe2,0x03,0x00,0xaa,0x41,0x07,0x80,0x52,0xe0,0x0f,0x80,0x12,
	0x5e,0xf3,0xff,0x97,0xa0,0xaf,0x00,0x39,0xa0,0xbb,0x40,0x39,0x1f,0x00,0x00,0x71,
	0xc0,0x00,0x00,0x54,0xa0,0xa3,0x40,0x39,0x1f,0x00,0x00,0x71,0x60,0x00,0x00,0x54,
	0x20,0x00,0x80,0x52,0x02,0x00,0x00,0x14,0x00,0x00,0x80,0x52,0xa0,0xbb,0x00,0x39,
	0x60,0x76,0x00,0xb0,0x00,0xf0,0x16,0x91,0x00,0x00,0x40,0x39,0xe3,0x03,0x00,0x2a,
	0xa0,0xb3,0x40,0x39,0x00,0x7c,0x02,0x53,0x00,0x1c,0x00,0x12,0x01,0x3c,0x00,0x12,
	0xa0,0xaf,0x40,0x39,0x00,0x3c,0x00,0x12,0x00,0x24,0x1a,0x53,0x00,0x3c,0x00,0x12,
	0x20,0x00,0x00,0x0b,0x02,0x3c,0x00,0x12,0x60,0x76,0x00,0xb0,0x00,0xe0,0x17,0x91,
	0x61,0x7c,0x40,0x93,0x02,0x78,0x21,0x78,0x60,0x76,0x00,0xb0,0x00,0xf0,0x16,0x91,
	0x00,0x00,0x40,0x39,0x1f,0x00,0x00,0x71,0x81,0x00,0x00,0x54,0x60,0x76,0x00,0xb0,
	0x00,0x98,0x19,0x91,0x1f,0x00,0x00,0x39,0x60,0x76,0x00,0xb0,0x00,0x8c,0x19,0x91,
	0x00,0x00,0x40,0x39,0x1f,0x04,0x00,0x71,0x01,0x17,0x00,0x54,0x60,0x76,0x00,0xb0,
	0x00,0x98,0x19,0x91,0x21,0x00,0x80,0x52,0x01,0x00,0x00,0x39,0x60,0x76,0x00,0xb0,
	0x00,0xf0,0x16,0x91,0x00,0x00,0x40,0x39,0xe1,0x03,0x00,0x2a,0x60,0x76,0x00,0xb0,
	0x00,0xe0,0x17,0x91,0x21,0x7c,0x40,0x93,0x01,0x78,0x61,0x78,0x60,0x20,0x85,0x52,
	0x3f,0x00,0x00,0x6b,0x09,0x02,0x00,0x54,0x60,0x76,0x00,0xb0,0x00,0xf0,0x16,0x91,
	0x00,0x00,0x40,0x39,0xe1,0x03,0x00,0x2a,0x60,0x76,0x00,0xb0,0x00,0xe0,0x17,0x91,
	0x21,0x7c,0x40,0x93,0x01,0x78,0x61,0x78,0x80,0x97,0x86,0x52,0x3f,0x00,0x00,0x6b,
	0xa8,0x00,0x00,0x54,0x60,0x76,0x00,0xb0,0x00,0x8c,0x19,0x91,0x1f,0x00,0x00,0x39,
	0x5a,0x00,0x00,0x14,0x60,0x76,0x00,0xb0,0x00,0xf0,0x16,0x91,0x00,0x00,0x40,0x39,
	0xe1,0x03,0x00,0x2a,0x60,0x76,0x00,0xb0,0x00,0xe0,0x17,0x91,0x21,0x7c,0x40,0x93,
	0x01,0x78,0x61,0x78,0x60,0x20,0x85,0x52,0x3f,0x00,0x00,0x6b,0x68,0x04,0x00,0x54,
	0x80,0x77,0x00,0xd0,0x00,0x48,0x18,0x91,0x00,0x00,0x40,0x79,0x1f,0xdc,0x01,0x71,
	0xc8,0x03,0x00,0x54,0x60,0x76,0x00,0xb0,0x00,0xf0,0x16,0x91,0x00,0x00,0x40,0x39,
	0xe1,0x03,0x00,0x2a,0x60,0x76,0x00,0xb0,0x00,0xe0,0x17,0x91,0x21,0x7c,0x40,0x93,
	0x01,0x78,0x61,0x78,0xe0,0x6a,0x83,0x52,0x3f,0x00,0x00,0x6b,0x48,0x01,0x00,0x54,
	0x80,0x77,0x00,0xd0,0x00,0x48,0x18,0x91,0x00,0x00,0x40,0x79,0x00,0x14,0x00,0x11,
	0x01,0x3c,0x00,0x12,0x80,0x77,0x00,0xd0,0x00,0x48,0x18,0x91,0x01,0x00,0x00,0x79,
	0x36,0x00,0x00,0x14,0x80,0x77,0x00,0xd0,0x00,0x48,0x18,0x91,0x00,0x00,0x40,0x79,
	0x00,0x04,0x00,0x11,0x01,0x3c,0x00,0x12,0x80,0x77,0x00,0xd0,0x00,0x48,0x18,0x91,
	0x01,0x00,0x00,0x79,0x2d,0x00,0x00,0x14,0x60,0x76,0x00,0xb0,0x00,0xf0,0x16,0x91,
	0x00,0x00,0x40,0x39,0xe1,0x03,0x00,0x2a,0x60,0x76,0x00,0xb0,0x00,0xe0,0x17,0x91,
	0x21,0x7c,0x40,0x93,0x01,0x78,0x61,0x78,0x80,0x97,0x86,0x52,0x3f,0x00,0x00,0x6b,
	0x49,0x04,0x00,0x54,0x80,0x77,0x00,0xd0,0x00,0x48,0x18,0x91,0x00,0x00,0x40,0x79,
	0x1f,0x18,0x00,0x71,0xa9,0x03,0x00,0x54,0x60,0x76,0x00,0xb0,0x00,0xf0,0x16,0x91,
	0x00,0x00,0x40,0x39,0xe1,0x03,0x00,0x2a,0x60,0x76,0x00,0xb0,0x00,0xe0,0x17,0x91,
	0x21,0x7c,0x40,0x93,0x01,0x78,0x61,0x78,0x80,0x91,0x87,0x52,0x3f,0x00,0x00,0x6b,
	0x49,0x01,0x00,0x54,0x80,0x77,0x00,0xd0,0x00,0x48,0x18,0x91,0x00,0x00,0x40,0x79,
	0x00,0x14,0x00,0x51,0x01,0x3c,0x00,0x12,0x80,0x77,0x00,0xd0,0x00,0x48,0x18,0x91,
	0x01,0x00,0x00,0x79,0x09,0x00,0x00,0x14,0x80,0x77,0x00,0xd0,0x00,0x48,0x18,0x91,
	0x00,0x00,0x40,0x79,0x00,0x04,0x00,0x51,0x01,0x3c,0x00,0x12,0x80,0x77,0x00,0xd0,
	0x00,0x48,0x18,0x91,0x01,0x00,0x00,0x79,0x60,0x76,0x00,0xb0,0x00,0x8c,0x19,0x91,
	0x00,0x00,0x40,0x39,0x1f,0x04,0x00,0x71,0xc1,0x0a,0x00,0x54,0x80,0x77,0x00,0xd0,
	0x00,0x48,0x18,0x91,0x00,0x00,0x40,0x79,0xa0,0xa7,0x00,0x39,0xa2,0xa7,0x40,0x39,
	0x21,0x03,0x80,0x52,0xe0,0x0f,0x80,0x12,0x1a,0xf3,0xff,0x97,0x00,0x1c,0x00,0x12,
	0xa0,0xa3,0x00,0x39,0xa0,0xbb,0x40,0x39,0x1f,0x00,0x00,0x71,0xc0,0x00,0x00,0x54,
	0xa0,0xa3,0x40,0x39,0x1f,0x00,0x00,0x71,0x60,0x00,0x00,0x54,0x20,0x00,0x80,0x52,
	0x02,0x00,0x00,0x14,0x00,0x00,0x80,0x52,0xa0,0xbb,0x00,0x39,0x80,0x77,0x00,0xd0,
	0x00,0x48,0x18,0x91,0x00,0x00,0x40,0x79,0x00,0x7c,0x08,0x53,0x00,0x3c,0x00,0x12,
	0xa0,0xa7,0x00,0x39,0xa2,0xa7,0x40,0x39,0x41,0x03,0x80,0x52,0xe0,0x0f,0x80,0x12,
	0x04,0xf3,0xff,0x97,0x00,0x1c,0x00,0x12,0xa0,0xa3,0x00,0x39,0xa0,0xbb,0x40,0x39,
	0x1f,0x00,0x00,0x71,0xc0,0x00,0x00,0x54,0xa0,0xa3,0x40,0x39,0x1f,0x00,0x00,0x71,
	0x60,0x00,0x00,0x54,0x20,0x00,0x80,0x52,0x02,0x00,0x00,0x14,0x00,0x00,0x80,0x52,
	0xa0,0xbb,0x00,0x39,0xe2,0x0f,0x80,0x12,0x81,0x02,0x80,0x12,0xe0,0x0f,0x80,0x12,
	0xf4,0xf2,0xff,0x97,0x00,0x1c,0x00,0x12,0xa0,0xa3,0x00,0x39,0xa0,0xbb,0x40,0x39,
	0x1f,0x00,0x00,0x71,0xc0,0x00,0x00,0x54,0xa0,0xa3,0x40,0x39,0x1f,0x00,0x00,0x71,
	0x60,0x00,0x00,0x54,0x20,0x00,0x80,0x52,0x02,0x00,0x00,0x14,0x00,0x00,0x80,0x52,
	0xa0,0xbb,0x00,0x39,0x1b,0x00,0x00,0x14,0x60,0x76,0x00,0xb0,0x00,0xf0,0x16,0x91,
	0x00,0x00,0x40,0x39,0xe1,0x03,0x00,0x2a,0x60,0x76,0x00,0xb0,0x00,0xe0,0x17,0x91,
	0x21,0x7c,0x40,0x93,0x01,0x78,0x61,0x78,0x60,0x26,0x84,0x52,0x3f,0x00,0x00,0x6b,
	0x89,0x01,0x00,0x54,0x60,0x76,0x00,0xb0,0x00,0xf0,0x16,0x91,0x00,0x00,0x40,0x39,
	0xe1,0x03,0x00,0x2a,0x60,0x76,0x00,0xb0,0x00,0xe0,0x17,0x91,0x21,0x7c,0x40,0x93,
	0x01,0x78,0x61,0x78,0x00,0x53,0x87,0x52,0x3f,0x00,0x00,0x6b,0xa9,0x00,0x00,0x54,
	0x60,0x76,0x00,0xb0,0x00,0x8c,0x19,0x91,0x21,0x00,0x80,0x52,0x01,0x00,0x00,0x39,
	0xa0,0xa3,0x00,0x91,0xe2,0x03,0x00,0xaa,0xa1,0x07,0x80,0x52,0xe0,0x0f,0x80,0x12,
	0x5e,0xf2,0xff,0x97,0xa0,0xb3,0x00,0x39,0xa0,0xbb,0x40,0x39,0x1f,0x00,0x00,0x71,
	0xc0,0x00,0x00,0x54,0xa0,0xa3,0x40,0x39,0x1f,0x00,0x00,0x71,0x60,0x00,0x00,0x54,
	0x20,0x00,0x80,0x52,0x02,0x00,0x00,0x14,0x00,0x00,0x80,0x52,0xa0,0xbb,0x00,0x39,
	0xa0,0xa3,0x00,0x91,0xe2,0x03,0x00,0xaa,0xc1,0x07,0x80,0x52,0xe0,0x0f,0x80,0x12,
	0x4e,0xf2,0xff,0x97,0xa0,0xaf,0x00,0x39,0xa0,0xbb,0x40,0x39,0x1f,0x00,0x00,0x71,
	0xc0,0x00,0x00,0x54,0xa0,0xa3,0x40,0x39,0x1f,0x00,0x00,0x71,0x60,0x00,0x00,0x54,
	0x20,0x00,0x80,0x52,0x02,0x00,0x00,0x14,0x00,0x00,0x80,0x52,0xa0,0xbb,0x00,0x39,
	0xa0,0xa3,0x00,0x91,0xe2,0x03,0x00,0xaa,0xe1,0x07,0x80,0x52,0xe0,0x0f,0x80,0x12,
	0x3e,0xf2,0xff,0x97,0xa0,0xab,0x00,0x39,0xa0,0xbb,0x40,0x39,0x1f,0x00,0x00,0x71,
	0xc0,0x00,0x00,0x54,0xa0,0xa3,0x40,0x39,0x1f,0x00,0x00,0x71,0x60,0x00,0x00,0x54,
	0x20,0x00,0x80,0x52,0x02,0x00,0x00,0x14,0x00,0x00,0x80,0x52,0xa0,0xbb,0x00,0x39,
	0x60,0x76,0x00,0xb0,0x00,0xf0,0x16,0x91,0x00,0x00,0x40,0x39,0xe3,0x03,0x00,0x2a,
	0xa1,0xb3,0x40,0x39,0xa0,0xaf,0x40,0x39,0x00,0x5c,0x18,0x53,0x21,0x00,0x00,0x0b,
	0xa0,0xab,0x40,0x39,0x00,0x3c,0x10,0x53,0x20,0x00,0x00,0x0b,0xe2,0x03,0x00,0x2a,
	0x60,0x76,0x00,0xb0,0x00,0xe0,0x1c,0x91,0x61,0x7c,0x40,0x93,0x02,0x78,0x21,0xb8,
	0xa0,0xa3,0x00,0x91,0xe2,0x03,0x00,0xaa,0x81,0x08,0x80,0x52,0xe0,0x0f,0x80,0x12,
	0x1e,0xf2,0xff,0x97,0xa0,0xb3,0x00,0x39,0xa0,0xbb,0x40,0x39,0x1f,0x00,0x00,0x71,
	0xc0,0x00,0x00,0x54,0xa0,0xa3,0x40,0x39,0x1f,0x00,0x00,0x71,0x60,0x00,0x00,0x54,
	0x20,0x00,0x80,0x52,0x02,0x00,0x00,0x14,0x00,0x00,0x80,0x52,0xa0,0xbb,0x00,0x39,
	0xa0,0xa3,0x00,0x91,0xe2,0x03,0x00,0xaa,0xa1,0x08,0x80,0x52,0xe0,0x0f,0x80,0x12,
	0x0e,0xf2,0xff,0x97,0xa0,0xaf,0x00,0x39,0xa0,0xbb,0x40,0x39,0x1f,0x00,0x00,0x71,
	0xc0,0x00,0x00,0x54,0xa0,0xa3,0x40,0x39,0x1f,0x00,0x00,0x71,0x60,0x00,0x00,0x54,
	0x20,0x00,0x80,0x52,0x02,0x00,0x00,0x14,0x00,0x00,0x80,0x52,0xa0,0xbb,0x00,0x39,
	0x60,0x76,0x00,0xb0,0x00,0xf0,0x16,0x91,0x00,0x00,0x40,0x39,0xe3,0x03,0x00,0x2a,
	0xa0,0xb3,0x40,0x39,0x00,0x7c,0x02,0x53,0x00,0x1c,0x00,0x12,0x01,0x3c,0x00,0x12,
	0xa0,0xaf,0x40,0x39,0x00,0x3c,0x00,0x12,0x00,0x24,0x1a,0x53,0x00,0x3c,0x00,0x12,
	0x20,0x00,0x00,0x0b,0x02,0x3c,0x00,0x12,0x60,0x76,0x00,0x90,0x00,0xc0,0x18,0x91,
	0x61,0x7c,0x40,0x93,0x02,0x78,0x21,0x78,0x80,0x77,0x00,0xb0,0x00,0x90,0x1a,0x91,
	0x01,0x00,0x40,0xb9,0x80,0x77,0x00,0xb0,0x00,0xb0,0x1a,0x91,0x00,0x00,0x40,0xb9,
	0x3f,0x00,0x00,0x6b,0xa0,0x08,0x00,0x54,0x80,0x77,0x00,0xb0,0x00,0x90,0x1a,0x91,
	0x01,0x00,0x40,0xb9,0x80,0x77,0x00,0xb0,0x00,0xb0,0x1a,0x91,0x01,0x00,0x00,0xb9,
	0x80,0x77,0x00,0xb0,0x00,0x90,0x1a,0x91,0x00,0x00,0x40,0xb9,0x1f,0x04,0x00,0x71,
	0xe1,0x02,0x00,0x54,0x80,0x77,0x00,0xb0,0x00,0xd0,0x1a,0x91,0x00,0x00,0x40,0x39,
	0x00,0x68,0x1b,0x12,0x00,0x1c,0x00,0x12,0xe2,0x03,0x00,0x2a,0xa1,0x02,0x80,0x52,
	0xe0,0x0f,0x80,0x12,0x3f,0xf2,0xff,0x97,0x00,0x1c,0x00,0x12,0xa0,0xa3,0x00,0x39,
	0xa0,0xbb,0x40,0x39,0x1f,0x00,0x00,0x71,0xc0,0x00,0x00,0x54,0xa0,0xa3,0x40,0x39,
	0x1f,0x00,0x00,0x71,0x60,0x00,0x00,0x54,0x20,0x00,0x80,0x52,0x02,0x00,0x00,0x14,
	0x00,0x00,0x80,0x52,0xa0,0xbb,0x00,0x39,0x14,0x00,0x00,0x14,0x80,0x77,0x00,0xb0,
	0x00,0xd0,0x1a,0x91,0x00,0x00,0x40,0x39,0xe2,0x03,0x00,0x2a,0xa1,0x02,0x80,0x52,
	0xe0,0x0f,0x80,0x12,0x2b,0xf2,0xff,0x97,0x00,0x1c,0x00,0x12,0xa0,0xa3,0x00,0x39,
	0xa0,0xbb,0x40,0x39,0x1f,0x00,0x00,0x71,0xc0,0x00,0x00,0x54,0xa0,0xa3,0x40,0x39,
	0x1f,0x00,0x00,0x71,0x60,0x00,0x00,0x54,0x20,0x00,0x80,0x52,0x02,0x00,0x00,0x14,
	0x00,0x00,0x80,0x52,0xa0,0xbb,0x00,0x39,0xe2,0x0f,0x80,0x12,0x81,0x02,0x80,0x12,
	0xe0,0x0f,0x80,0x12,0x1b,0xf2,0xff,0x97,0x00,0x1c,0x00,0x12,0xa0,0xa3,0x00,0x39,
	0xa0,0xbb,0x40,0x39,0x1f,0x00,0x00,0x71,0xc0,0x00,0x00,0x54,0xa0,0xa3,0x40,0x39,
	0x1f,0x00,0x00,0x71,0x60,0x00,0x00,0x54,0x20,0x00,0x80,0x52,0x02,0x00,0x00,0x14,
	0x00,0x00,0x80,0x52,0xa0,0xbb,0x00,0x39,0xa0,0xbb,0x40,0x39,0x1f,0x04,0x00,0x71,
	0xe1,0xd0,0x00,0x54,0x60,0x76,0x00,0x90,0x00,0xf0,0x16,0x91,0x00,0x00,0x40,0x39,
	0x1f,0x48,0x00,0x71,0x48,0x01,0x00,0x54,0x60,0x76,0x00,0x90,0x00,0xf0,0x16,0x91,
	0x00,0x00,0x40,0x39,0x00,0x04,0x00,0x11,0x01,0x1c,0x00,0x12,0x60,0x76,0x00,0x90,
	0x00,0xf0,0x16,0x91,0x01,0x00,0x00,0x39,0x79,0x06,0x00,0x14,0x60,0x76,0x00,0x90,
	0x00,0x80,0x1e,0x91,0x1f,0x50,0x00,0xb9,0x60,0x76,0x00,0x90,0x00,0x20,0x20,0x91,
	0x1f,0x50,0x00,0xb9,0x60,0x76,0x00,0x90,0x00,0xc0,0x21,0x91,0x1f,0x50,0x00,0xb9,
	0xbf,0xbf,0x00,0x39,0x4f,0x00,0x00,0x14,0xa3,0xbf,0x40,0x39,0xa1,0xbf,0x40,0x39,
	0x60,0x76,0x00,0x90,0x00,0xa0,0x19,0x91,0x21,0x7c,0x40,0x93,0x02,0x78,0x61,0xb8,
	0x60,0x76,0x00,0x90,0x00,0x80,0x1e,0x91,0x61,0x7c,0x40,0x93,0x02,0x78,0x21,0xb8,
	0xa3,0xbf,0x40,0x39,0xa1,0xbf,0x40,0x39,0x60,0x76,0x00,0x90,0x00,0x40,0x1b,0x91,
	0x21,0x7c,0x40,0x93,0x02,0x78,0x61,0xb8,0x60,0x76,0x00,0x90,0x00,0x20,0x20,0x91,
	0x61,0x7c,0x40,0x93,0x02,0x78,0x21,0xb8,0xa3,0xbf,0x40,0x39,0xa1,0xbf,0x40,0x39,
	0x60,0x76,0x00,0x90,0x00,0xe0,0x1c,0x91,0x21,0x7c,0x40,0x93,0x02,0x78,0x61,0xb8,
	0x60,0x76,0x00,0x90,0x00,0xc0,0x21,0x91,0x61,0x7c,0x40,0x93,0x02,0x78,0x21,0xb8,
	0xa0,0xbf,0x40,0x39,0x1f,0x3c,0x00,0x71,0x69,0x05,0x00,0x54,0x60,0x76,0x00,0x90,
	0x00,0x80,0x1e,0x91,0x00,0x50,0x40,0xb9,0xa2,0xbf,0x40,0x39,0x61,0x76,0x00,0x90,
	0x21,0x00,0x17,0x91,0x42,0x7c,0x40,0x93,0x21,0x78,0x62,0x78,0x21,0x7c,0x02,0x53,
	0x21,0x3c,0x00,0x12,0x01,0x00,0x01,0x0b,0x60,0x76,0x00,0x90,0x00,0x80,0x1e,0x91,
	0x01,0x50,0x00,0xb9,0x60,0x76,0x00,0x90,0x00,0x20,0x20,0x91,0x00,0x50,0x40,0xb9,
	0xa2,0xbf,0x40,0x39,0x61,0x76,0x00,0x90,0x21,0xe0,0x17,0x91,0x42,0x7c,0x40,0x93,
	0x21,0x78,0x62,0x78,0x21,0x7c,0x02,0x53,0x21,0x3c,0x00,0x12,0x01,0x00,0x01,0x0b,
	0x60,0x76,0x00,0x90,0x00,0x20,0x20,0x91,0x01,0x50,0x00,0xb9,0x60,0x76,0x00,0x90,
	0x00,0xc0,0x21,0x91,0x00,0x50,0x40,0xb9,0xa2,0xbf,0x40,0x39,0x61,0x76,0x00,0x90,
	0x21,0xc0,0x18,0x91,0x42,0x7c,0x40,0x93,0x21,0x78,0x62,0x78,0x21,0x7c,0x02,0x53,
	0x21,0x3c,0x00,0x12,0x01,0x00,0x01,0x0b,0x60,0x76,0x00,0x90,0x00,0xc0,0x21,0x91,
	0x01,0x50,0x00,0xb9,0xa0,0xbf,0x40,0x39,0x00,0x04,0x00,0x11,0xa0,0xbf,0x00,0x39,
	0xa0,0xbf,0x40,0x39,0x1f,0x4c,0x00,0x71,0x09,0xf6,0xff,0x54,0x80,0x77,0x00,0xb0,
	0x00,0x30,0x1b,0x91,0x00,0x00,0x40,0x79,0xe1,0x03,0x00,0x2a,0x60,0x76,0x00,0x90,
	0x00,0x80,0x1e,0x91,0x01,0x54,0x00,0xb9,0x80,0x77,0x00,0xb0,0x00,0x48,0x18,0x91,
	0x00,0x00,0x40,0x79,0xe1,0x03,0x00,0x2a,0x60,0x76,0x00,0x90,0x00,0x20,0x20,0x91,
	0x01,0x54,0x00,0xb9,0x80,0x77,0x00,0xb0,0x00,0x78,0x1a,0x91,0x00,0x00,0x40,0x79,
	0xe1,0x03,0x00,0x2a,0x60,0x76,0x00,0x90,0x00,0xc0,0x21,0x91,0x01,0x54,0x00,0xb9,
	0x60,0x76,0x00,0x90,0x00,0x94,0x19,0x91,0x00,0x00,0x40,0x39,0xe1,0x03,0x00,0x2a,
	0x60,0x76,0x00,0x90,0x00,0x80,0x1e,0x91,0x01,0x58,0x00,0xb9,0x60,0x76,0x00,0x90,
	0x00,0x98,0x19,0x91,0x00,0x00,0x40,0x39,0xe1,0x03,0x00,0x2a,0x60,0x76,0x00,0x90,
	0x00,0x20,0x20,0x91,0x01,0x58,0x00,0xb9,0x60,0x76,0x00,0x90,0x00,0x9c,0x19,0x91,
	0x00,0x00,0x40,0x39,0xe1,0x03,0x00,0x2a,0x60,0x76,0x00,0x90,0x00,0xc0,0x21,0x91,
	0x01,0x58,0x00,0xb9,0x20,0x00,0x80,0x52,0xa0,0xb7,0x00,0x39,0x60,0x76,0x00,0x90,
	0x00,0xf0,0x16,0x91,0x1f,0x00,0x00,0x39,0xed,0x05,0x00,0x14,0xa0,0xa3,0x00,0x91,
	0xe2,0x03,0x00,0xaa,0xe1,0x04,0x80,0x52,0xe0,0x0f,0x80,0x12,0x03,0xf1,0xff,0x97,
	0xa0,0xb3,0x00,0x39,0xa0,0xbb,0x40,0x39,0x1f,0x00,0x00,0x71,0xc0,0x00,0x00,0x54,
	0xa0,0xa3,0x40,0x39,0x1f,0x00,0x00,0x71,0x60,0x00,0x00,0x54,0x20,0x00,0x80,0x52,
	0x02,0x00,0x00,0x14,0x00,0x00,0x80,0x52,0xa0,0xbb,0x00,0x39,0xa0,0xa3,0x00,0x91,
	0xe2,0x03,0x00,0xaa,0x01,0x05,0x80,0x52,0xe0,0x0f,0x80,0x12,0xf3,0xf0,0xff,0x97,
	0xa0,0xaf,0x00,0x39,0xa0,0xbb,0x40,0x39,0x1f,0x00,0x00,0x71,0xc0,0x00,0x00,0x54,
	0xa0,0xa3,0x40,0x39,0x1f,0x00,0x00,0x71,0x60,0x00,0x00,0x54,0x20,0x00,0x80,0x52,
	0x02,0x00,0x00,0x14,0x00,0x00,0x80,0x52,0xa0,0xbb,0x00,0x39,0xa0,0xa3,0x00,0x91,
	0xe2,0x03,0x00,0xaa,0x21,0x05,0x80,0x52,0xe0,0x0f,0x80,0x12,0xe3,0xf0,0xff,0x97,
	0xa0,0xab,0x00,0x39,0xa0,0xbb,0x40,0x39,0x1f,0x00,0x00,0x71,0xc0,0x00,0x00,0x54,
	0xa0,0xa3,0x40,0x39,0x1f,0x00,0x00,0x71,0x60,0x00,0x00,0x54,0x20,0x00,0x80,0x52,
	0x02,0x00,0x00,0x14,0x00,0x00,0x80,0x52,0xa0,0xbb,0x00,0x39,0x60,0x76,0x00,0x90,
	0x00,0xf0,0x16,0x91,0x00,0x00,0x40,0x39,0xe3,0x03,0x00,0x2a,0xa1,0xb3,0x40,0x39,
	0xa0,0xaf,0x40,0x39,0x00,0x5c,0x18,0x53,0x21,0x00,0x00,0x0b,0xa0,0xab,0x40,0x39,
	0x00,0x3c,0x10,0x53,0x20,0x00,0x00,0x0b,0xe2,0x03,0x00,0x2a,0x60,0x76,0x00,0x90,
	0x00,0xa0,0x19,0x91,0x61,0x7c,0x40,0x93,0x02,0x78,0x21,0xb8,0xa0,0xa3,0x00,0x91,
	0xe2,0x03,0x00,0xaa,0xc1,0x05,0x80,0x52,0xe0,0x0f,0x80,0x12,0xc3,0xf0,0xff,0x97,
	0xa0,0xb3,0x00,0x39,0xa0,0xbb,0x40,0x39,0x1f,0x00,0x00,0x71,0xc0,0x00,0x00,0x54,
	0xa0,0xa3,0x40,0x39,0x1f,0x00,0x00,0x71,0x60,0x00,0x00,0x54,0x20,0x00,0x80,0x52,
	0x02,0x00,0x00,0x14,0x00,0x00,0x80,0x52,0xa0,0xbb,0x00,0x39,0xa0,0xa3,0x00,0x91,
	0xe2,0x03,0x00,0xaa,0xe1,0x05,0x80,0x52,0xe0,0x0f,0x80,0x12,0xb3,0xf0,0xff,0x97,
	0xa0,0xaf,0x00,0x39,0xa0,0xbb,0x40,0x39,0x1f,0x00,0x00,0x71,0xc0,0x00,0x00,0x54,
	0xa0,0xa3,0x40,0x39,0x1f,0x00,0x00,0x71,0x60,0x00,0x00,0x54,0x20,0x00,0x80,0x52,
	0x02,0x00,0x00,0x14,0x00,0x00,0x80,0x52,0xa0,0xbb,0x00,0x39,0x60,0x76,0x00,0x90,
	0x00,0xf0,0x16,0x91,0x00,0x00,0x40,0x39,0xe3,0x03,0x00,0x2a,0xa0,0xb3,0x40,0x39,
	0x00,0x7c,0x02,0x53,0x00,0x1c,0x00,0x12,0x01,0x3c,0x00,0x12,0xa0,0xaf,0x40,0x39,
	0x00,0x3c,0x00,0x12,0x00,0x24,0x1a,0x53,0x00,0x3c,0x00,0x12,0x20,0x00,0x00,0x0b,
	0x02,0x3c,0x00,0x12,0x60,0x76,0x00,0x90,0x00,0x00,0x17,0x91,0x61,0x7c,0x40,0x93,
	0x02,0x78,0x21,0x78,0x60,0x76,0x00,0x90,0x00,0x88,0x19,0x91,0x00,0x00,0x40,0x39,
	0x1f,0x04,0x00,0x71,0x81,0x16,0x00,0x54,0x60,0x76,0x00,0x90,0x00,0xf0,0x16,0x91,
	0x00,0x00,0x40,0x39,0xe1,0x03,0x00,0x2a,0x60,0x76,0x00,0x90,0x00,0x00,0x17,0x91,
	0x21,0x7c,0x40,0x93,0x01,0x78,0x61,0x78,0x60,0xa9,0x83,0x52,0x3f,0x00,0x00,0x6b,
	0x09,0x02,0x00,0x54,0x60,0x76,0x00,0x90,0x00,0xf0,0x16,0x91,0x00,0x00,0x40,0x39,
	0xe1,0x03,0x00,0x2a,0x60,0x76,0x00,0x90,0x00,0x00,0x17,0x91,0x21,0x7c,0x40,0x93,
	0x01,0x78,0x61,0x78,0x80,0x97,0x86,0x52,0x3f,0x00,0x00,0x6b,0xa8,0x00,0x00,0x54,
	0x60,0x76,0x00,0x90,0x00,0x88,0x19,0x91,0x1f,0x00,0x00,0x39,0x5a,0x00,0x00,0x14,
	0x60,0x76,0x00,0x90,0x00,0xf0,0x16,0x91,0x00,0x00,0x40,0x39,0xe1,0x03,0x00,0x2a,
	0x60,0x76,0x00,0x90,0x00,0x00,0x17,0x91,0x21,0x7c,0x40,0x93,0x01,0x78,0x61,0x78,
	0x60,0xa9,0x83,0x52,0x3f,0x00,0x00,0x6b,0x68,0x04,0x00,0x54,0x80,0x77,0x00,0xb0,
	0x00,0x30,0x1b,0x91,0x00,0x00,0x40,0x79,0x1f,0xdc,0x01,0x71,0xc8,0x03,0x00,0x54,
	0x60,0x76,0x00,0x90,0x00,0xf0,0x16,0x91,0x00,0x00,0x40,0x39,0xe1,0x03,0x00,0x2a,
	0x60,0x76,0x00,0x90,0x00,0x00,0x17,0x91,0x21,0x7c,0x40,0x93,0x01,0x78,0x61,0x78,
	0xe0,0xed,0x82,0x52,0x3f,0x00,0x00,0x6b,0x48,0x01,0x00,0x54,0x80,0x77,0x00,0xb0,
	0x00,0x30,0x1b,0x91,0x00,0x00,0x40,0x79,0x00,0x14,0x00,0x11,0x01,0x3c,0x00,0x12,
	0x80,0x77,0x00,0xb0,0x00,0x30,0x1b,0x91,0x01,0x00,0x00,0x79,0x36,0x00,0x00,0x14,
	0x80,0x77,0x00,0xb0,0x00,0x30,0x1b,0x91,0x00,0x00,0x40,0x79,0x00,0x04,0x00,0x11,
	0x01,0x3c,0x00,0x12,0x80,0x77,0x00,0xb0,0x00,0x30,0x1b,0x91,0x01,0x00,0x00,0x79,
	0x2d,0x00,0x00,0x14,0x60,0x76,0x00,0x90,0x00,0xf0,0x16,0x91,0x00,0x00,0x40,0x39,
	0xe1,0x03,0x00,0x2a,0x60,0x76,0x00,0x90,0x00,0x00,0x17,0x91,0x21,0x7c,0x40,0x93,
	0x01,0x78,0x61,0x78,0x80,0x97,0x86,0x52,0x3f,0x00,0x00,0x6b,0x49,0x04,0x00,0x54,
	0x80,0x77,0x00,0xb0,0x00,0x30,0x1b,0x91,0x00,0x00,0x40,0x79,0x1f,0x18,0x00,0x71,
	0xa9,0x03,0x00,0x54,0x60,0x76,0x00,0x90,0x00,0xf0,0x16,0x91,0x00,0x00,0x40,0x39,
	0xe1,0x03,0x00,0x2a,0x60,0x76,0x00,0x90,0x00,0x00,0x17,0x91,0x21,0x7c,0x40,0x93,
	0x01,0x78,0x61,0x78,0x80,0x91,0x87,0x52,0x3f,0x00,0x00,0x6b,0x49,0x01,0x00,0x54,
	0x80,0x77,0x00,0xb0,0x00,0x30,0x1b,0x91,0x00,0x00,0x40,0x79,0x00,0x14,0x00,0x51,
	0x01,0x3c,0x00,0x12,0x80,0x77,0x00,0xb0,0x00,0x30,0x1b,0x91,0x01,0x00,0x00,0x79,
	0x09,0x00,0x00,0x14,0x80,0x77,0x00,0xb0,0x00,0x30,0x1b,0x91,0x00,0x00,0x40,0x79,
	0x00,0x04,0x00,0x51,0x01,0x3c,0x00,0x12,0x80,0x77,0x00,0xb0,0x00,0x30,0x1b,0x91,
	0x01,0x00,0x00,0x79,0x60,0x76,0x00,0x90,0x00,0x88,0x19,0x91,0x00,0x00,0x40,0x39,
	0x1f,0x04,0x00,0x71,0xc1,0x0a,0x00,0x54,0x80,0x77,0x00,0xb0,0x00,0x30,0x1b,0x91,
	0x00,0x00,0x40,0x79,0xa0,0xa7,0x00,0x39,0xa2,0xa7,0x40,0x39,0xe1,0x02,0x80,0x52,
	0xe0,0x0f,0x80,0x12,0x7b,0xf0,0xff,0x97,0x00,0x1c,0x00,0x12,0xa0,0xa3,0x00,0x39,
	0xa0,0xbb,0x40,0x39,0x1f,0x00,0x00,0x71,0xc0,0x00,0x00,0x54,0xa0,0xa3,0x40,0x39,
	0x1f,0x00,0x00,0x71,0x60,0x00,0x00,0x54,0x20,0x00,0x80,0x52,0x02,0x00,0x00,0x14,
	0x00,0x00,0x80,0x52,0xa0,0xbb,0x00,0x39,0x80,0x77,0x00,0xb0,0x00,0x30,0x1b,0x91,
	0x00,0x00,0x40,0x79,0x00,0x7c,0x08,0x53,0x00,0x3c,0x00,0x12,0xa0,0xa7,0x00,0x39,
	0xa2,0xa7,0x40,0x39,0x01,0x03,0x80,0x52,0xe0,0x0f,0x80,0x12,0x65,0xf0,0xff,0x97,
	0x00,0x1c,0x00,0x12,0xa0,0xa3,0x00,0x39,0xa0,0xbb,0x40,0x39,0x1f,0x00,0x00,0x71,
	0xc0,0x00,0x00,0x54,0xa0,0xa3,0x40,0x39,0x1f,0x00,0x00,0x71,0x60,0x00,0x00,0x54,
	0x20,0x00,0x80,0x52,0x02,0x00,0x00,0x14,0x00,0x00,0x80,0x52,0xa0,0xbb,0x00,0x39,
	0xe2,0x0f,0x80,0x12,0x81,0x02,0x80,0x12,0xe0,0x0f,0x80,0x12,0x55,0xf0,0xff,0x97,
	0x00,0x1c,0x00,0x12,0xa0,0xa3,0x00,0x39,0xa0,0xbb,0x40,0x39,0x1f,0x00,0x00,0x71,
	0xc0,0x00,0x00,0x54,0xa0,0xa3,0x40,0x39,0x1f,0x00,0x00,0x71,0x60,0x00,0x00,0x54,
	0x20,0x00,0x80,0x52,0x02,0x00,0x00,0x14,0x00,0x00,0x80,0x52,0xa0,0xbb,0x00,0x39,
	0x1b,0x00,0x00,0x14,0x60,0x76,0x00,0x90,0x00,0xf0,0x16,0x91,0x00,0x00,0x40,0x39,
	0xe1,0x03,0x00,0x2a,0x60,0x76,0x00,0x90,0x00,0x00,0x17,0x91,0x21,0x7c,0x40,0x93,
	0x01,0x78,0x61,0x78,0xe0,0x6a,0x83,0x52,0x3f,0x00,0x00,0x6b,0x89,0x01,0x00,0x54,
	0x60,0x76,0x00,0x90,0x00,0xf0,0x16,0x91,0x00,0x00,0x40,0x39,0xe1,0x03,0x00,0x2a,
	0x60,0x76,0x00,0x90,0x00,0x00,0x17,0x91,0x21,0x7c,0x40,0x93,0x01,0x78,0x61,0x78,
	0x00,0x53,0x87,0x52,0x3f,0x00,0x00,0x6b,0xa9,0x00,0x00,0x54,0x60,0x76,0x00,0x90,
	0x00,0x88,0x19,0x91,0x21,0x00,0x80,0x52,0x01,0x00,0x00,0x39,0xa0,0xa3,0x00,0x91,
	0xe2,0x03,0x00,0xaa,0x41,0x06,0x80,0x52,0xe0,0x0f,0x80,0x12,0xbf,0xef,0xff,0x97,
	0xa0,0xb3,0x00,0x39,0xa0,0xbb,0x40,0x39,0x1f,0x00,0x00,0x71,0xc0,0x00,0x00,0x54,
	0xa0,0xa3,0x40,0x39,0x1f,0x00,0x00,0x71,0x60,0x00,0x00,0x54,0x20,0x00,0x80,0x52,
	0x02,0x00,0x00,0x14,0x00,0x00,0x80,0x52,0xa0,0xbb,0x00,0x39,0xa0,0xa3,0x00,0x91,
	0xe2,0x03,0x00,0xaa,0x61,0x06,0x80,0x52,0xe0,0x0f,0x80,0x12,0xaf,0xef,0xff,0x97,
	0xa0,0xaf,0x00,0x39,0xa0,0xbb,0x40,0x39,0x1f,0x00,0x00,0x71,0xc0,0x00,0x00,0x54,
	0xa0,0xa3,0x40,0x39,0x1f,0x00,0x00,0x71,0x60,0x00,0x00,0x54,0x20,0x00,0x80,0x52,
	0x02,0x00,0x00,0x14,0x00,0x00,0x80,0x52,0xa0,0xbb,0x00,0x39,0xa0,0xa3,0x00,0x91,
	0xe2,0x03,0x00,0xaa,0x81,0x06,0x80,0x52,0xe0,0x0f,0x80,0x12,0x9f,0xef,0xff,0x97,
	0xa0,0xab,0x00,0x39,0xa0,0xbb,0x40,0x39,0x1f,0x00,0x00,0x71,0xc0,0x00,0x00,0x54,
	0xa0,0xa3,0x40,0x39,0x1f,0x00,0x00,0x71,0x60,0x00,0x00,0x54,0x20,0x00,0x80,0x52,
	0x02,0x00,0x00,0x14,0x00,0x00,0x80,0x52,0xa0,0xbb,0x00,0x39,0x60,0x76,0x00,0x90,
	0x00,0xf0,0x16,0x91,0x00,0x00,0x40,0x39,0xe3,0x03,0x00,0x2a,0xa1,0xb3,0x40,0x39,
	0xa0,0xaf,0x40,0x39,0x00,0x5c,0x18,0x53,0x21,0x00,0x00,0x0b,0xa0,0xab,0x40,0x39,
	0x00,0x3c,0x10,0x53,0x20,0x00,0x00,0x0b,0xe2,0x03,0x00,0x2a,0x60,0x76,0x00,0x90,
	0x00,0x40,0x1b,0x91,0x61,0x7c,0x40,0x93,0x02,0x78,0x21,0xb8,0xa0,0xa3,0x00,0x91,
	0xe2,0x03,0x00,0xaa,0x21,0x07,0x80,0x52,0xe0,0x0f,0x80,0x12,0x7f,0xef,0xff,0x97,
	0xa0,0xb3,0x00,0x39,0xa0,0xbb,0x40,0x39,0x1f,0x00,0x00,0x71,0xc0,0x00,0x00,0x54,
	0xa0,0xa3,0x40,0x39,0x1f,0x00,0x00,0x71,0x60,0x00,0x00,0x54,0x20,0x00,0x80,0x52,
	0x02,0x00,0x00,0x14,0x00,0x00,0x80,0x52,0xa0,0xbb,0x00,0x39,0xa0,0xa3,0x00,0x91,
	0xe2,0x03,0x00,0xaa,0x41,0x07,0x80,0x52,0xe0,0x0f,0x80,0x12,0x6f,0xef,0xff,0x97,
	0xa0,0xaf,0x00,0x39,0xa0,0xbb,0x40,0x39,0x1f,0x00,0x00,0x71,0xc0,0x00,0x00,0x54,
	0xa0,0xa3,0x40,0x39,0x1f,0x00,0x00,0x71,0x60,0x00,0x00,0x54,0x20,0x00,0x80,0x52,
	0x02,0x00,0x00,0x14,0x00,0x00,0x80,0x52,0xa0,0xbb,0x00,0x39,0x60,0x76,0x00,0x90,
	0x00,0xf0,0x16,0x91,0x00,0x00,0x40,0x39,0xe3,0x03,0x00,0x2a,0xa0,0xb3,0x40,0x39,
	0x00,0x7c,0x02,0x53,0x00,0x1c,0x00,0x12,0x01,0x3c,0x00,0x12,0xa0,0xaf,0x40,0x39,
	0x00,0x3c,0x00,0x12,0x00,0x24,0x1a,0x53,0x00,0x3c,0x00,0x12,0x20,0x00,0x00,0x0b,
	0x02,0x3c,0x00,0x12,0x60,0x76,0x00,0x90,0x00,0xe0,0x17,0x91,0x61,0x7c,0x40,0x93,
	0x02,0x78,0x21,0x78,0xa0,0xa3,0x00,0x91,0xe2,0x03,0x00,0xaa,0xa1,0x07,0x80,0x52,
	0xe0,0x0f,0x80,0x12,0x4d,0xef,0xff,0x97,0xa0,0xb3,0x00,0x39,0xa0,0xbb,0x40,0x39,
	0x1f,0x00,0x00,0x71,0xc0,0x00,0x00,0x54,0xa0,0xa3,0x40,0x39,0x1f,0x00,0x00,0x71,
	0x60,0x00,0x00,0x54,0x20,0x00,0x80,0x52,0x02,0x00,0x00,0x14,0x00,0x00,0x80,0x52,
	0xa0,0xbb,0x00,0x39,0xa0,0xa3,0x00,0x91,0xe2,0x03,0x00,0xaa,0xc1,0x07,0x80,0x52,
	0xe0,0x0f,0x80,0x12,0x3d,0xef,0xff,0x97,0xa0,0xaf,0x00,0x39,0xa0,0xbb,0x40,0x39,
	0x1f,0x00,0x00,0x71,0xc0,0x00,0x00,0x54,0xa0,0xa3,0x40,0x39,0x1f,0x00,0x00,0x71,
	0x60,0x00,0x00,0x54,0x20,0x00,0x80,0x52,0x02,0x00,0x00,0x14,0x00,0x00,0x80,0x52,
	0xa0,0xbb,0x00,0x39,0xa0,0xa3,0x00,0x91,0xe2,0x03,0x00,0xaa,0xe1,0x07,0x80,0x52,
	0xe0,0x0f,0x80,0x12,0x2d,0xef,0xff,0x97,0xa0,0xab,0x00,0x39,0xa0,0xbb,0x40,0x39,
	0x1f,0x00,0x00,0x71,0xc0,0x00,0x00,0x54,0xa0,0xa3,0x40,0x39,0x1f,0x00,0x00,0x71,
	0x60,0x00,0x00,0x54,0x20,0x00,0x80,0x52,0x02,0x00,0x00,0x14,0x00,0x00,0x80,0x52,
	0xa0,0xbb,0x00,0x39,0x60,0x76,0x00,0x90,0x00,0xf0,0x16,0x91,0x00,0x00,0x40,0x39,
	0xe3,0x03,0x00,0x2a,0xa1,0xb3,0x40,0x39,0xa0,0xaf,0x40,0x39,0x00,0x5c,0x18,0x53,
	0x21,0x00,0x00,0x0b,0xa0,0xab,0x40,0x39,0x00,0x3c,0x10,0x53,0x20,0x00,0x00,0x0b,
	0xe2,0x03,0x00,0x2a,0x60,0x76,0x00,0x90,0x00,0xe0,0x1c,0x91,0x61,0x7c,0x40,0x93,
	0x02,0x78,0x21,0xb8,0xa0,0xa3,0x00,0x91,0xe2,0x03,0x00,0xaa,0x81,0x08,0x80,0x52,
	0xe0,0x0f,0x80,0x12,0x0d,0xef,0xff,0x97,0xa0,0xb3,0x00,0x39,0xa0,0xbb,0x40,0x39,
	0x1f,0x00,0x00,0x71,0xc0,0x00,0x00,0x54,0xa0,0xa3,0x40,0x39,0x1f,0x00,0x00,0x71,
	0x60,0x00,0x00,0x54,0x20,0x00,0x80,0x52,0x02,0x00,0x00,0x14,0x00,0x00,0x80,0x52,
	0xa0,0xbb,0x00,0x39,0xa0,0xa3,0x00,0x91,0xe2,0x03,0x00,0xaa,0xa1,0x08,0x80,0x52,
	0xe0,0x0f,0x80,0x12,0xfd,0xee,0xff,0x97,0xa0,0xaf,0x00,0x39,0xa0,0xbb,0x40,0x39,
	0x1f,0x00,0x00,0x71,0xc0,0x00,0x00,0x54,0xa0,0xa3,0x40,0x39,0x1f,0x00,0x00,0x71,
	0x60,0x00,0x00,0x54,0x20,0x00,0x80,0x52,0x02,0x00,0x00,0x14,0x00,0x00,0x80,0x52,
	0xa0,0xbb,0x00,0x39,0x60,0x76,0x00,0x90,0x00,0xf0,0x16,0x91,0x00,0x00,0x40,0x39,
	0xe3,0x03,0x00,0x2a,0xa0,0xb3,0x40,0x39,0x00,0x7c,0x02,0x53,0x00,0x1c,0x00,0x12,
	0x01,0x3c,0x00,0x12,0xa0,0xaf,0x40,0x39,0x00,0x3c,0x00,0x12,0x00,0x24,0x1a,0x53,
	0x00,0x3c,0x00,0x12,0x20,0x00,0x00,0x0b,0x02,0x3c,0x00,0x12,0x60,0x76,0x00,0x90,
	0x00,0xc0,0x18,0x91,0x61,0x7c,0x40,0x93,0x02,0x78,0x21,0x78,0x80,0x77,0x00,0xb0,
	0x00,0x90,0x1a,0x91,0x01,0x00,0x40,0xb9,0x80,0x77,0x00,0xb0,0x00,0xb0,0x1a,0x91,
	0x00,0x00,0x40,0xb9,0x3f,0x00,0x00,0x6b,0xa0,0x08,0x00,0x54,0x80,0x77,0x00,0xb0,
	0x00,0x90,0x1a,0x91,0x01,0x00,0x40,0xb9,0x80,0x77,0x00,0xb0,0x00,0xb0,0x1a,0x91,
	0x01,0x00,0x00,0xb9,0x80,0x77,0x00,0xb0,0x00,0x90,0x1a,0x91,0x00,0x00,0x40,0xb9,
	0x1f,0x04,0x00,0x71,0xe1,0x02,0x00,0x54,0x80,0x77,0x00,0xb0,0x00,0xe8,0x1a,0x91,
	0x00,0x00,0x40,0x39,0x00,0x68,0x1b,0x12,0x00,0x1c,0x00,0x12,0xe2,0x03,0x00,0x2a,
	0x81,0x02,0x80,0x52,0xe0,0x0f,0x80,0x12,0x2e,0xef,0xff,0x97,0x00,0x1c,0x00,0x12,
	0xa0,0xa3,0x00,0x39,0xa0,0xbb,0x40,0x39,0x1f,0x00,0x00,0x71,0xc0,0x00,0x00,0x54,
	0xa0,0xa3,0x40,0x39,0x1f,0x00,0x00,0x71,0x60,0x00,0x00,0x54,0x20,0x00,0x80,0x52,
	0x02,0x00,0x00,0x14,0x00,0x00,0x80,0x52,0xa0,0xbb,0x00,0x39,0x14,0x00,0x00,0x14,
	0x80,0x77,0x00,0xb0,0x00,0xe8,0x1a,0x91,0x00,0x00,0x40,0x39,0xe2,0x03,0x00,0x2a,
	0x81,0x02,0x80,0x52,0xe0,0x0f,0x80,0x12,0x1a,0xef,0xff,0x97,0x00,0x1c,0x00,0x12,
	0xa0,0xa3,0x00,0x39,0xa0,0xbb,0x40,0x39,0x1f,0x00,0x00,0x71,0xc0,0x00,0x00,0x54,
	0xa0,0xa3,0x40,0x39,0x1f,0x00,0x00,0x71,0x60,0x00,0x00,0x54,0x20,0x00,0x80,0x52,
	0x02,0x00,0x00,0x14,0x00,0x00,0x80,0x52,0xa0,0xbb,0x00,0x39,0xe2,0x0f,0x80,0x12,
	0x81,0x02,0x80,0x12,0xe0,0x0f,0x80,0x12,0x0a,0xef,0xff,0x97,0x00,0x1c,0x00,0x12,
	0xa0,0xa3,0x00,0x39,0xa0,0xbb,0x40,0x39,0x1f,0x00,0x00,0x71,0xc0,0x00,0x00,0x54,
	0xa0,0xa3,0x40,0x39,0x1f,0x00,0x00,0x71,0x60,0x00,0x00,0x54,0x20,0x00,0x80,0x52,
	0x02,0x00,0x00,0x14,0x00,0x00,0x80,0x52,0xa0,0xbb,0x00,0x39,0xa0,0xbb,0x40,0x39,
	0x1f,0x04,0x00,0x71,0x01,0x6f,0x00,0x54,0x60,0x76,0x00,0x90,0x00,0xf0,0x16,0x91,
	0x00,0x00,0x40,0x39,0x1f,0x0c,0x00,0x71,0x48,0x01,0x00,0x54,0x60,0x76,0x00,0x90,
	0x00,0xf0,0x16,0x91,0x00,0x00,0x40,0x39,0x00,0x04,0x00,0x11,0x01,0x1c,0x00,0x12,
	0x60,0x76,0x00,0x90,0x00,0xf0,0x16,0x91,0x01,0x00,0x00,0x39,0x6a,0x03,0x00,0x14,
	0x60,0x76,0x00,0x90,0x00,0x80,0x1e,0x91,0x1f,0x50,0x00,0xb9,0x60,0x76,0x00,0x90,
	0x00,0x20,0x20,0x91,0x1f,0x50,0x00,0xb9,0x60,0x76,0x00,0x90,0x00,0xc0,0x21,0x91,
	0x1f,0x50,0x00,0xb9,0xbf,0xbf,0x00,0x39,0x43,0x00,0x00,0x14,0xa3,0xbf,0x40,0x39,
	0xa1,0xbf,0x40,0x39,0x60,0x76,0x00,0x90,0x00,0xa0,0x19,0x91,0x21,0x7c,0x40,0x93,
	0x02,0x78,0x61,0xb8,0x60,0x76,0x00,0x90,0x00,0x80,0x1e,0x91,0x61,0x7c,0x40,0x93,
	0x02,0x78,0x21,0xb8,0xa3,0xbf,0x40,0x39,0xa1,0xbf,0x40,0x39,0x60,0x76,0x00,0x90,
	0x00,0x40,0x1b,0x91,0x21,0x7c,0x40,0x93,0x02,0x78,0x61,0xb8,0x60,0x76,0x00,0x90,
	0x00,0x20,0x20,0x91,0x61,0x7c,0x40,0x93,0x02,0x78,0x21,0xb8,0xa3,0xbf,0x40,0x39,
	0xa1,0xbf,0x40,0x39,0x60,0x76,0x00,0x90,0x00,0xe0,0x1c,0x91,0x21,0x7c,0x40,0x93,
	0x02,0x78,0x61,0xb8,0x60,0x76,0x00,0x90,0x00,0xc0,0x21,0x91,0x61,0x7c,0x40,0x93,
	0x02,0x78,0x21,0xb8,0xa1,0xbf,0x40,0x39,0x60,0x76,0x00,0x90,0x00,0x00,0x17,0x91,
	0x21,0x7c,0x40,0x93,0x00,0x78,0x61,0x78,0x00,0x7c,0x02,0x53,0x00,0x3c,0x00,0x12,
	0xe1,0x03,0x00,0x2a,0x60,0x76,0x00,0x90,0x00,0x80,0x1e,0x91,0x01,0x50,0x00,0xb9,
	0xa1,0xbf,0x40,0x39,0x60,0x76,0x00,0x90,0x00,0xe0,0x17,0x91,0x21,0x7c,0x40,0x93,
	0x00,0x78,0x61,0x78,0x00,0x7c,0x02,0x53,0x00,0x3c,0x00,0x12,0xe1,0x03,0x00,0x2a,
	0x60,0x76,0x00,0x90,0x00,0x20,0x20,0x91,0x01,0x50,0x00,0xb9,0xa1,0xbf,0x40,0x39,
	0x60,0x76,0x00,0x90,0x00,0xc0,0x18,0x91,0x21,0x7c,0x40,0x93,0x00,0x78,0x61,0x78,
	0x00,0x7c,0x02,0x53,0x00,0x3c,0x00,0x12,0xe1,0x03,0x00,0x2a,0x60,0x76,0x00,0x90,
	0x00,0xc0,0x21,0x91,0x01,0x50,0x00,0xb9,0xa0,0xbf,0x40,0x39,0x00,0x04,0x00,0x11,
	0xa0,0xbf,0x00,0x39,0xa0,0xbf,0x40,0x39,0x1f,0x0c,0x00,0x71,0x89,0xf7,0xff,0x54,
	0x80,0x77,0x00,0xb0,0x00,0x30,0x1b,0x91,0x00,0x00,0x40,0x79,0xe1,0x03,0x00,0x2a,
	0x60,0x76,0x00,0x90,0x00,0x80,0x1e,0x91,0x01,0x54,0x00,0xb9,0x80,0x77,0x00,0xb0,
	0x00,0x48,0x18,0x91,0x00,0x00,0x40,0x79,0xe1,0x03,0x00,0x2a,0x60,0x76,0x00,0x90,
	0x00,0x20,0x20,0x91,0x01,0x54,0x00,0xb9,0x80,0x77,0x00,0xb0,0x00,0x78,0x1a,0x91,
	0x00,0x00,0x40,0x79,0xe1,0x03,0x00,0x2a,0x60,0x76,0x00,0x90,0x00,0xc0,0x21,0x91,
	0x01,0x54,0x00,0xb9,0x20,0x00,0x80,0x52,0xa0,0xb7,0x00,0x39,0x60,0x76,0x00,0x90,
	0x00,0xf0,0x16,0x91,0x1f,0x00,0x00,0x39,0xff,0x02,0x00,0x14,0xa0,0xa3,0x00,0x91,
	0xe2,0x03,0x00,0xaa,0xe1,0x04,0x80,0x52,0xe0,0x0f,0x80,0x12,0x13,0xee,0xff,0x97,
	0xa0,0xb3,0x00,0x39,0xa0,0xbb,0x40,0x39,0x1f,0x00,0x00,0x71,0xc0,0x00,0x00,0x54,
	0xa0,0xa3,0x40,0x39,0x1f,0x00,0x00,0x71,0x60,0x00,0x00,0x54,0x20,0x00,0x80,0x52,
	0x02,0x00,0x00,0x14,0x00,0x00,0x80,0x52,0xa0,0xbb,0x00,0x39,0xa0,0xa3,0x00,0x91,
	0xe2,0x03,0x00,0xaa,0x01,0x05,0x80,0x52,0xe0,0x0f,0x80,0x12,0x03,0xee,0xff,0x97,
	0xa0,0xaf,0x00,0x39,0xa0,0xbb,0x40,0x39,0x1f,0x00,0x00,0x71,0xc0,0x00,0x00,0x54,
	0xa0,0xa3,0x40,0x39,0x1f,0x00,0x00,0x71,0x60,0x00,0x00,0x54,0x20,0x00,0x80,0x52,
	0x02,0x00,0x00,0x14,0x00,0x00,0x80,0x52,0xa0,0xbb,0x00,0x39,0xa0,0xa3,0x00,0x91,
	0xe2,0x03,0x00,0xaa,0x21,0x05,0x80,0x52,0xe0,0x0f,0x80,0x12,0xf3,0xed,0xff,0x97,
	0xa0,0xab,0x00,0x39,0xa0,0xbb,0x40,0x39,0x1f,0x00,0x00,0x71,0xc0,0x00,0x00,0x54,
	0xa0,0xa3,0x40,0x39,0x1f,0x00,0x00,0x71,0x60,0x00,0x00,0x54,0x20,0x00,0x80,0x52,
	0x02,0x00,0x00,0x14,0x00,0x00,0x80,0x52,0xa0,0xbb,0x00,0x39,0x40,0x76,0x00,0xf0,
	0x00,0xf0,0x16,0x91,0x00,0x00,0x40,0x39,0xe3,0x03,0x00,0x2a,0xa1,0xb3,0x40,0x39,
	0xa0,0xaf,0x40,0x39,0x00,0x5c,0x18,0x53,0x21,0x00,0x00,0x0b,0xa0,0xab,0x40,0x39,
	0x00,0x3c,0x10,0x53,0x20,0x00,0x00,0x0b,0xe2,0x03,0x00,0x2a,0x40,0x76,0x00,0xf0,
	0x00,0xa0,0x19,0x91,0x61,0x7c,0x40,0x93,0x02,0x78,0x21,0xb8,0xa0,0xa3,0x00,0x91,
	0xe2,0x03,0x00,0xaa,0xc1,0x05,0x80,0x52,0xe0,0x0f,0x80,0x12,0xd3,0xed,0xff,0x97,
	0xa0,0xb3,0x00,0x39,0xa0,0xbb,0x40,0x39,0x1f,0x00,0x00,0x71,0xc0,0x00,0x00,0x54,
	0xa0,0xa3,0x40,0x39,0x1f,0x00,0x00,0x71,0x60,0x00,0x00,0x54,0x20,0x00,0x80,0x52,
	0x02,0x00,0x00,0x14,0x00,0x00,0x80,0x52,0xa0,0xbb,0x00,0x39,0xa0,0xa3,0x00,0x91,
	0xe2,0x03,0x00,0xaa,0xe1,0x05,0x80,0x52,0xe0,0x0f,0x80,0x12,0xc3,0xed,0xff,0x97,
	0xa0,0xaf,0x00,0x39,0xa0,0xbb,0x40,0x39,0x1f,0x00,0x00,0x71,0xc0,0x00,0x00,0x54,
	0xa0,0xa3,0x40,0x39,0x1f,0x00,0x00,0x71,0x60,0x00,0x00,0x54,0x20,0x00,0x80,0x52,
	0x02,0x00,0x00,0x14,0x00,0x00,0x80,0x52,0xa0,0xbb,0x00,0x39,0x40,0x76,0x00,0xf0,
	0x00,0xf0,0x16,0x91,0x00,0x00,0x40,0x39,0xe3,0x03,0x00,0x2a,0xa0,0xb3,0x40,0x39,
	0x00,0x7c,0x02,0x53,0x00,0x1c,0x00,0x12,0x01,0x3c,0x00,0x12,0xa0,0xaf,0x40,0x39,
	0x00,0x3c,0x00,0x12,0x00,0x24,0x1a,0x53,0x00,0x3c,0x00,0x12,0x20,0x00,0x00,0x0b,
	0x02,0x3c,0x00,0x12,0x40,0x76,0x00,0xf0,0x00,0x00,0x17,0x91,0x61,0x7c,0x40,0x93,
	0x02,0x78,0x21,0x78,0x40,0x76,0x00,0xf0,0x00,0x88,0x19,0x91,0x00,0x00,0x40,0x39,
	0x1f,0x04,0x00,0x71,0x81,0x16,0x00,0x54,0x40,0x76,0x00,0xf0,0x00,0xf0,0x16,0x91,
	0x00,0x00,0x40,0x39,0xe1,0x03,0x00,0x2a,0x40,0x76,0x00,0xf0,0x00,0x00,0x17,0x91,
	0x21,0x7c,0x40,0x93,0x01,0x78,0x61,0x78,0x60,0xa9,0x83,0x52,0x3f,0x00,0x00,0x6b,
	0x09,0x02,0x00,0x54,0x40,0x76,0x00,0xf0,0x00,0xf0,0x16,0x91,0x00,0x00,0x40,0x39,
	0xe1,0x03,0x00,0x2a,0x40,0x76,0x00,0xf0,0x00,0x00,0x17,0x91,0x21,0x7c,0x40,0x93,
	0x01,0x78,0x61,0x78,0x80,0x97,0x86,0x52,0x3f,0x00,0x00,0x6b,0xa8,0x00,0x00,0x54,
	0x40,0x76,0x00,0xf0,0x00,0x88,0x19,0x91,0x1f,0x00,0x00,0x39,0x5a,0x00,0x00,0x14,
	0x40,0x76,0x00,0xf0,0x00,0xf0,0x16,0x91,0x00,0x00,0x40,0x39,0xe1,0x03,0x00,0x2a,
	0x40,0x76,0x00,0xf0,0x00,0x00,0x17,0x91,0x21,0x7c,0x40,0x93,0x01,0x78,0x61,0x78,
	0x60,0xa9,0x83,0x52,0x3f,0x00,0x00,0x6b,0x68,0x04,0x00,0x54,0x80,0x77,0x00,0x90,
	0x00,0x30,0x1b,0x91,0x00,0x00,0x40,0x79,0x1f,0xdc,0x01,0x71,0xc8,0x03,0x00,0x54,
	0x40,0x76,0x00,0xf0,0x00,0xf0,0x16,0x91,0x00,0x00,0x40,0x39,0xe1,0x03,0x00,0x2a,
	0x40,0x76,0x00,0xf0,0x00,0x00,0x17,0x91,0x21,0x7c,0x40,0x93,0x01,0x78,0x61,0x78,
	0xe0,0xed,0x82,0x52,0x3f,0x00,0x00,0x6b,0x48,0x01,0x00,0x54,0x80,0x77,0x00,0x90,
	0x00,0x30,0x1b,0x91,0x00,0x00,0x40,0x79,0x00,0x0c,0x00,0x11,0x01,0x3c,0x00,0x12,
	0x80,0x77,0x00,0x90,0x00,0x30,0x1b,0x91,0x01,0x00,0x00,0x79,0x36,0x00,0x00,0x14,
	0x80,0x77,0x00,0x90,0x00,0x30,0x1b,0x91,0x00,0x00,0x40,0x79,0x00,0x04,0x00,0x11,
	0x01,0x3c,0x00,0x12,0x80,0x77,0x00,0x90,0x00,0x30,0x1b,0x91,0x01,0x00,0x00,0x79,
	0x2d,0x00,0x00,0x14,0x40,0x76,0x00,0xf0,0x00,0xf0,0x16,0x91,0x00,0x00,0x40,0x39,
	0xe1,0x03,0x00,0x2a,0x40,0x76,0x00,0xf0,0x00,0x00,0x17,0x91,0x21,0x7c,0x40,0x93,
	0x01,0x78,0x61,0x78,0x80,0x97,0x86,0x52,0x3f,0x00,0x00,0x6b,0x49,0x04,0x00,0x54,
	0x80,0x77,0x00,0x90,0x00,0x30,0x1b,0x91,0x00,0x00,0x40,0x79,0x1f,0x18,0x00,0x71,
	0xa9,0x03,0x00,0x54,0x40,0x76,0x00,0xf0,0x00,0xf0,0x16,0x91,0x00,0x00,0x40,0x39,
	0xe1,0x03,0x00,0x2a,0x40,0x76,0x00,0xf0,0x00,0x00,0x17,0x91,0x21,0x7c,0x40,0x93,
	0x01,0x78,0x61,0x78,0x80,0x91,0x87,0x52,0x3f,0x00,0x00,0x6b,0x49,0x01,0x00,0x54,
	0x80,0x77,0x00,0x90,0x00,0x30,0x1b,0x91,0x00,0x00,0x40,0x79,0x00,0x0c,0x00,0x51,
	0x01,0x3c,0x00,0x12,0x80,0x77,0x00,0x90,0x00,0x30,0x1b,0x91,0x01,0x00,0x00,0x79,
	0x09,0x00,0x00,0x14,0x80,0x77,0x00,0x90,0x00,0x30,0x1b,0x91,0x00,0x00,0x40,0x79,
	0x00,0x04,0x00,0x51,0x01,0x3c,0x00,0x12,0x80,0x77,0x00,0x90,0x00,0x30,0x1b,0x91,
	0x01,0x00,0x00,0x79,0x40,0x76,0x00,0xf0,0x00,0x88,0x19,0x91,0x00,0x00,0x40,0x39,
	0x1f,0x04,0x00,0x71,0xc1,0x0a,0x00,0x54,0x80,0x77,0x00,0x90,0x00,0x30,0x1b,0x91,
	0x00,0x00,0x40,0x79,0xa0,0xa7,0x00,0x39,0xa2,0xa7,0x40,0x39,0xe1,0x02,0x80,0x52,
	0xe0,0x0f,0x80,0x12,0x8b,0xed,0xff,0x97,0x00,0x1c,0x00,0x12,0xa0,0xa3,0x00,0x39,
	0xa0,0xbb,0x40,0x39,0x1f,0x00,0x00,0x71,0xc0,0x00,0x00,0x54,0xa0,0xa3,0x40,0x39,
	0x1f,0x00,0x00,0x71,0x60,0x00,0x00,0x54,0x20,0x00,0x80,0x52,0x02,0x00,0x00,0x14,
	0x00,0x00,0x80,0x52,0xa0,0xbb,0x00,0x39,0x80,0x77,0x00,0x90,0x00,0x30,0x1b,0x91,
	0x00,0x00,0x40,0x79,0x00,0x7c,0x08,0x53,0x00,0x3c,0x00,0x12,0xa0,0xa7,0x00,0x39,
	0xa2,0xa7,0x40,0x39,0x01,0x03,0x80,0x52,0xe0,0x0f,0x80,0x12,0x75,0xed,0xff,0x97,
	0x00,0x1c,0x00,0x12,0xa0,0xa3,0x00,0x39,0xa0,0xbb,0x40,0x39,0x1f,0x00,0x00,0x71,
	0xc0,0x00,0x00,0x54,0xa0,0xa3,0x40,0x39,0x1f,0x00,0x00,0x71,0x60,0x00,0x00,0x54,
	0x20,0x00,0x80,0x52,0x02,0x00,0x00,0x14,0x00,0x00,0x80,0x52,0xa0,0xbb,0x00,0x39,
	0xe2,0x0f,0x80,0x12,0x81,0x02,0x80,0x12,0xe0,0x0f,0x80,0x12,0x65,0xed,0xff,0x97,
	0x00,0x1c,0x00,0x12,0xa0,0xa3,0x00,0x39,0xa0,0xbb,0x40,0x39,0x1f,0x00,0x00,0x71,
	0xc0,0x00,0x00,0x54,0xa0,0xa3,0x40,0x39,0x1f,0x00,0x00,0x71,0x60,0x00,0x00,0x54,
	0x20,0x00,0x80,0x52,0x02,0x00,0x00,0x14,0x00,0x00,0x80,0x52,0xa0,0xbb,0x00,0x39,
	0x1b,0x00,0x00,0x14,0x40,0x76,0x00,0xf0,0x00,0xf0,0x16,0x91,0x00,0x00,0x40,0x39,
	0xe1,0x03,0x00,0x2a,0x40,0x76,0x00,0xf0,0x00,0x00,0x17,0x91,0x21,0x7c,0x40,0x93,
	0x01,0x78,0x61,0x78,0xe0,0x6a,0x83,0x52,0x3f,0x00,0x00,0x6b,0x89,0x01,0x00,0x54,
	0x40,0x76,0x00,0xf0,0x00,0xf0,0x16,0x91,0x00,0x00,0x40,0x39,0xe1,0x03,0x00,0x2a,
	0x40,0x76,0x00,0xf0,0x00,0x00,0x17,0x91,0x21,0x7c,0x40,0x93,0x01,0x78,0x61,0x78,
	0x00,0x53,0x87,0x52,0x3f,0x00,0x00,0x6b,0xa9,0x00,0x00,0x54,0x40,0x76,0x00,0xf0,
	0x00,0x88,0x19,0x91,0x21,0x00,0x80,0x52,0x01,0x00,0x00,0x39,0xa0,0xa3,0x00,0x91,
	0xe2,0x03,0x00,0xaa,0x41,0x06,0x80,0x52,0xe0,0x0f,0x80,0x12,0xcf,0xec,0xff,0x97,
	0xa0,0xb3,0x00,0x39,0xa0,0xbb,0x40,0x39,0x1f,0x00,0x00,0x71,0xc0,0x00,0x00,0x54,
	0xa0,0xa3,0x40,0x39,0x1f,0x00,0x00,0x71,0x60,0x00,0x00,0x54,0x20,0x00,0x80,0x52,
	0x02,0x00,0x00,0x14,0x00,0x00,0x80,0x52,0xa0,0xbb,0x00,0x39,0xa0,0xa3,0x00,0x91,
	0xe2,0x03,0x00,0xaa,0x61,0x06,0x80,0x52,0xe0,0x0f,0x80,0x12,0xbf,0xec,0xff,0x97,
	0xa0,0xaf,0x00,0x39,0xa0,0xbb,0x40,0x39,0x1f,0x00,0x00,0x71,0xc0,0x00,0x00,0x54,
	0xa0,0xa3,0x40,0x39,0x1f,0x00,0x00,0x71,0x60,0x00,0x00,0x54,0x20,0x00,0x80,0x52,
	0x02,0x00,0x00,0x14,0x00,0x00,0x80,0x52,0xa0,0xbb,0x00,0x39,0xa0,0xa3,0x00,0x91,
	0xe2,0x03,0x00,0xaa,0x81,0x06,0x80,0x52,0xe0,0x0f,0x80,0x12,0xaf,0xec,0xff,0x97,
	0xa0,0xab,0x00,0x39,0xa0,0xbb,0x40,0x39,0x1f,0x00,0x00,0x71,0xc0,0x00,0x00,0x54,
	0xa0,0xa3,0x40,0x39,0x1f,0x00,0x00,0x71,0x60,0x00,0x00,0x54,0x20,0x00,0x80,0x52,
	0x02,0x00,0x00,0x14,0x00,0x00,0x80,0x52,0xa0,0xbb,0x00,0x39,0x40,0x76,0x00,0xf0,
	0x00,0xf0,0x16,0x91,0x00,0x00,0x40,0x39,0xe3,0x03,0x00,0x2a,0xa1,0xb3,0x40,0x39,
	0xa0,0xaf,0x40,0x39,0x00,0x5c,0x18,0x53,0x21,0x00,0x00,0x0b,0xa0,0xab,0x40,0x39,
	0x00,0x3c,0x10,0x53,0x20,0x00,0x00,0x0b,0xe2,0x03,0x00,0x2a,0x40,0x76,0x00,0xf0,
	0x00,0x40,0x1b,0x91,0x61,0x7c,0x40,0x93,0x02,0x78,0x21,0xb8,0xa0,0xa3,0x00,0x91,
	0xe2,0x03,0x00,0xaa,0x21,0x07,0x80,0x52,0xe0,0x0f,0x80,0x12,0x8f,0xec,0xff,0x97,
	0xa0,0xb3,0x00,0x39,0xa0,0xbb,0x40,0x39,0x1f,0x00,0x00,0x71,0xc0,0x00,0x00,0x54,
	0xa0,0xa3,0x40,0x39,0x1f,0x00,0x00,0x71,0x60,0x00,0x00,0x54,0x20,0x00,0x80,0x52,
	0x02,0x00,0x00,0x14,0x00,0x00,0x80,0x52,0xa0,0xbb,0x00,0x39,0xa0,0xa3,0x00,0x91,
	0xe2,0x03,0x00,0xaa,0x41,0x07,0x80,0x52,0xe0,0x0f,0x80,0x12,0x7f,0xec,0xff,0x97,
	0xa0,0xaf,0x00,0x39,0xa0,0xbb,0x40,0x39,0x1f,0x00,0x00,0x71,0xc0,0x00,0x00,0x54,
	0xa0,0xa3,0x40,0x39,0x1f,0x00,0x00,0x71,0x60,0x00,0x00,0x54,0x20,0x00,0x80,0x52,
	0x02,0x00,0x00,0x14,0x00,0x00,0x80,0x52,0xa0,0xbb,0x00,0x39,0x40,0x76,0x00,0xf0,
	0x00,0xf0,0x16,0x91,0x00,0x00,0x40,0x39,0xe3,0x03,0x00,0x2a,0xa0,0xb3,0x40,0x39,
	0x00,0x7c,0x02,0x53,0x00,0x1c,0x00,0x12,0x01,0x3c,0x00,0x12,0xa0,0xaf,0x40,0x39,
	0x00,0x3c,0x00,0x12,0x00,0x24,0x1a,0x53,0x00,0x3c,0x00,0x12,0x20,0x00,0x00,0x0b,
	0x02,0x3c,0x00,0x12,0x40,0x76,0x00,0xf0,0x00,0xe0,0x17,0x91,0x61,0x7c,0x40,0x93,
	0x02,0x78,0x21,0x78,0xa0,0xa3,0x00,0x91,0xe2,0x03,0x00,0xaa,0xa1,0x07,0x80,0x52,
	0xe0,0x0f,0x80,0x12,0x5d,0xec,0xff,0x97,0xa0,0xb3,0x00,0x39,0xa0,0xbb,0x40,0x39,
	0x1f,0x00,0x00,0x71,0xc0,0x00,0x00,0x54,0xa0,0xa3,0x40,0x39,0x1f,0x00,0x00,0x71,
	0x60,0x00,0x00,0x54,0x20,0x00,0x80,0x52,0x02,0x00,0x00,0x14,0x00,0x00,0x80,0x52,
	0xa0,0xbb,0x00,0x39,0xa0,0xa3,0x00,0x91,0xe2,0x03,0x00,0xaa,0xc1,0x07,0x80,0x52,
	0xe0,0x0f,0x80,0x12,0x4d,0xec,0xff,0x97,0xa0,0xaf,0x00,0x39,0xa0,0xbb,0x40,0x39,
	0x1f,0x00,0x00,0x71,0xc0,0x00,0x00,0x54,0xa0,0xa3,0x40,0x39,0x1f,0x00,0x00,0x71,
	0x60,0x00,0x00,0x54,0x20,0x00,0x80,0x52,0x02,0x00,0x00,0x14,0x00,0x00,0x80,0x52,
	0xa0,0xbb,0x00,0x39,0xa0,0xa3,0x00,0x91,0xe2,0x03,0x00,0xaa,0xe1,0x07,0x80,0x52,
	0xe0,0x0f,0x80,0x12,0x3d,0xec,0xff,0x97,0xa0,0xab,0x00,0x39,0xa0,0xbb,0x40,0x39,
	0x1f,0x00,0x00,0x71,0xc0,0x00,0x00,0x54,0xa0,0xa3,0x40,0x39,0x1f,0x00,0x00,0x71,
	0x60,0x00,0x00,0x54,0x20,0x00,0x80,0x52,0x02,0x00,0x00,0x14,0x00,0x00,0x80,0x52,
	0xa0,0xbb,0x00,0x39,0x40,0x76,0x00,0xf0,0x00,0xf0,0x16,0x91,0x00,0x00,0x40,0x39,
	0xe3,0x03,0x00,0x2a,0xa1,0xb3,0x40,0x39,0xa0,0xaf,0x40,0x39,0x00,0x5c,0x18,0x53,
	0x21,0x00,0x00,0x0b,0xa0,0xab,0x40,0x39,0x00,0x3c,0x10,0x53,0x20,0x00,0x00,0x0b,
	0xe2,0x03,0x00,0x2a,0x40,0x76,0x00,0xf0,0x00,0xe0,0x1c,0x91,0x61,0x7c,0x40,0x93,
	0x02,0x78,0x21,0xb8,0xa0,0xa3,0x00,0x91,0xe2,0x03,0x00,0xaa,0x81,0x08,0x80,0x52,
	0xe0,0x0f,0x80,0x12,0x1d,0xec,0xff,0x97,0xa0,0xb3,0x00,0x39,0xa0,0xbb,0x40,0x39,
	0x1f,0x00,0x00,0x71,0xc0,0x00,0x00,0x54,0xa0,0xa3,0x40,0x39,0x1f,0x00,0x00,0x71,
	0x60,0x00,0x00,0x54,0x20,0x00,0x80,0x52,0x02,0x00,0x00,0x14,0x00,0x00,0x80,0x52,
	0xa0,0xbb,0x00,0x39,0xa0,0xa3,0x00,0x91,0xe2,0x03,0x00,0xaa,0xa1,0x08,0x80,0x52,
	0xe0,0x0f,0x80,0x12,0x0d,0xec,0xff,0x97,0xa0,0xaf,0x00,0x39,0xa0,0xbb,0x40,0x39,
	0x1f,0x00,0x00,0x71,0xc0,0x00,0x00,0x54,0xa0,0xa3,0x40,0x39,0x1f,0x00,0x00,0x71,
	0x60,0x00,0x00,0x54,0x20,0x00,0x80,0x52,0x02,0x00,0x00,0x14,0x00,0x00,0x80,0x52,
	0xa0,0xbb,0x00,0x39,0x40,0x76,0x00,0xf0,0x00,0xf0,0x16,0x91,0x00,0x00,0x40,0x39,
	0xe3,0x03,0x00,0x2a,0xa0,0xb3,0x40,0x39,0x00,0x7c,0x02,0x53,0x00,0x1c,0x00,0x12,
	0x01,0x3c,0x00,0x12,0xa0,0xaf,0x40,0x39,0x00,0x3c,0x00,0x12,0x00,0x24,0x1a,0x53,
	0x00,0x3c,0x00,0x12,0x20,0x00,0x00,0x0b,0x02,0x3c,0x00,0x12,0x40,0x76,0x00,0xf0,
	0x00,0xc0,0x18,0x91,0x61,0x7c,0x40,0x93,0x02,0x78,0x21,0x78,0x80,0x77,0x00,0x90,
	0x00,0x90,0x1a,0x91,0x01,0x00,0x40,0xb9,0x80,0x77,0x00,0x90,0x00,0xb0,0x1a,0x91,
	0x00,0x00,0x40,0xb9,0x3f,0x00,0x00,0x6b,0xa0,0x08,0x00,0x54,0x80,0x77,0x00,0x90,
	0x00,0x90,0x1a,0x91,0x01,0x00,0x40,0xb9,0x80,0x77,0x00,0x90,0x00,0xb0,0x1a,0x91,
	0x01,0x00,0x00,0xb9,0x80,0x77,0x00,0x90,0x00,0x90,0x1a,0x91,0x00,0x00,0x40,0xb9,
	0x1f,0x04,0x00,0x71,0xe1,0x02,0x00,0x54,0x80,0x77,0x00,0x90,0x00,0xe8,0x1a,0x91,
	0x00,0x00,0x40,0x39,0x00,0x68,0x1b,0x12,0x00,0x1c,0x00,0x12,0xe2,0x03,0x00,0x2a,
	0x81,0x02,0x80,0x52,0xe0,0x0f,0x80,0x12,0x3e,0xec,0xff,0x97,0x00,0x1c,0x00,0x12,
	0xa0,0xa3,0x00,0x39,0xa0,0xbb,0x40,0x39,0x1f,0x00,0x00,0x71,0xc0,0x00,0x00,0x54,
	0xa0,0xa3,0x40,0x39,0x1f,0x00,0x00,0x71,0x60,0x00,0x00,0x54,0x20,0x00,0x80,0x52,
	0x02,0x00,0x00,0x14,0x00,0x00,0x80,0x52,0xa0,0xbb,0x00,0x39,0x14,0x00,0x00,0x14,
	0x80,0x77,0x00,0x90,0x00,0xe8,0x1a,0x91,0x00,0x00,0x40,0x39,0xe2,0x03,0x00,0x2a,
	0x81,0x02,0x80,0x52,0xe0,0x0f,0x80,0x12,0x2a,0xec,0xff,0x97,0x00,0x1c,0x00,0x12,
	0xa0,0xa3,0x00,0x39,0xa0,0xbb,0x40,0x39,0x1f,0x00,0x00,0x71,0xc0,0x00,0x00,0x54,
	0xa0,0xa3,0x40,0x39,0x1f,0x00,0x00,0x71,0x60,0x00,0x00,0x54,0x20,0x00,0x80,0x52,
	0x02,0x00,0x00,0x14,0x00,0x00,0x80,0x52,0xa0,0xbb,0x00,0x39,0xe2,0x0f,0x80,0x12,
	0x81,0x02,0x80,0x12,0xe0,0x0f,0x80,0x12,0x1a,0xec,0xff,0x97,0x00,0x1c,0x00,0x12,
	0xa0,0xa3,0x00,0x39,0xa0,0xbb,0x40,0x39,0x1f,0x00,0x00,0x71,0xc0,0x00,0x00,0x54,
	0xa0,0xa3,0x40,0x39,0x1f,0x00,0x00,0x71,0x60,0x00,0x00,0x54,0x20,0x00,0x80,0x52,
	0x02,0x00,0x00,0x14,0x00,0x00,0x80,0x52,0xa0,0xbb,0x00,0x39,0xa0,0xbb,0x40,0x39,
	0x1f,0x04,0x00,0x71,0x41,0x11,0x00,0x54,0x40,0x76,0x00,0xf0,0x00,0xf0,0x16,0x91,
	0x00,0x00,0x40,0x39,0x1f,0x48,0x00,0x71,0x48,0x01,0x00,0x54,0x40,0x76,0x00,0xf0,
	0x00,0xf0,0x16,0x91,0x00,0x00,0x40,0x39,0x00,0x04,0x00,0x11,0x01,0x1c,0x00,0x12,
	0x40,0x76,0x00,0xf0,0x00,0xf0,0x16,0x91,0x01,0x00,0x00,0x39,0x7c,0x00,0x00,0x14,
	0x40,0x76,0x00,0xf0,0x00,0x80,0x1e,0x91,0x1f,0x50,0x00,0xb9,0x40,0x76,0x00,0xf0,
	0x00,0x20,0x20,0x91,0x1f,0x50,0x00,0xb9,0x40,0x76,0x00,0xf0,0x00,0xc0,0x21,0x91,
	0x1f,0x50,0x00,0xb9,0xbf,0xbf,0x00,0x39,0x4f,0x00,0x00,0x14,0xa3,0xbf,0x40,0x39,
	0xa1,0xbf,0x40,0x39,0x40,0x76,0x00,0xf0,0x00,0xa0,0x19,0x91,0x21,0x7c,0x40,0x93,
	0x02,0x78,0x61,0xb8,0x40,0x76,0x00,0xf0,0x00,0x80,0x1e,0x91,0x61,0x7c,0x40,0x93,
	0x02,0x78,0x21,0xb8,0xa3,0xbf,0x40,0x39,0xa1,0xbf,0x40,0x39,0x40,0x76,0x00,0xf0,
	0x00,0x40,0x1b,0x91,0x21,0x7c,0x40,0x93,0x02,0x78,0x61,0xb8,0x40,0x76,0x00,0xf0,
	0x00,0x20,0x20,0x91,0x61,0x7c,0x40,0x93,0x02,0x78,0x21,0xb8,0xa3,0xbf,0x40,0x39,
	0xa1,0xbf,0x40,0x39,0x40,0x76,0x00,0xf0,0x00,0xe0,0x1c,0x91,0x21,0x7c,0x40,0x93,
	0x02,0x78,0x61,0xb8,0x40,0x76,0x00,0xf0,0x00,0xc0,0x21,0x91,0x61,0x7c,0x40,0x93,
	0x02,0x78,0x21,0xb8,0xa0,0xbf,0x40,0x39,0x1f,0x3c,0x00,0x71,0x69,0x05,0x00,0x54,
	0x40,0x76,0x00,0xf0,0x00,0x80,0x1e,0x91,0x00,0x50,0x40,0xb9,0xa2,0xbf,0x40,0x39,
	0x41,0x76,0x00,0xf0,0x21,0x00,0x17,0x91,0x42,0x7c,0x40,0x93,0x21,0x78,0x62,0x78,
	0x21,0x7c,0x02,0x53,0x21,0x3c,0x00,0x12,0x01,0x00,0x01,0x0b,0x40,0x76,0x00,0xf0,
	0x00,0x80,0x1e,0x91,0x01,0x50,0x00,0xb9,0x40,0x76,0x00,0xf0,0x00,0x20,0x20,0x91,
	0x00,0x50,0x40,0xb9,0xa2,0xbf,0x40,0x39,0x41,0x76,0x00,0xf0,0x21,0xe0,0x17,0x91,
	0x42,0x7c,0x40,0x93,0x21,0x78,0x62,0x78,0x21,0x7c,0x02,0x53,0x21,0x3c,0x00,0x12,
	0x01,0x00,0x01,0x0b,0x40,0x76,0x00,0xf0,0x00,0x20,0x20,0x91,0x01,0x50,0x00,0xb9,
	0x40,0x76,0x00,0xf0,0x00,0xc0,0x21,0x91,0x00,0x50,0x40,0xb9,0xa2,0xbf,0x40,0x39,
	0x41,0x76,0x00,0xf0,0x21,0xc0,0x18,0x91,0x42,0x7c,0x40,0x93,0x21,0x78,0x62,0x78,
	0x21,0x7c,0x02,0x53,0x21,0x3c,0x00,0x12,0x01,0x00,0x01,0x0b,0x40,0x76,0x00,0xf0,
	0x00,0xc0,0x21,0x91,0x01,0x50,0x00,0xb9,0xa0,0xbf,0x40,0x39,0x00,0x04,0x00,0x11,
	0xa0,0xbf,0x00,0x39,0xa0,0xbf,0x40,0x39,0x1f,0x4c,0x00,0x71,0x09,0xf6,0xff,0x54,
	0x80,0x77,0x00,0x90,0x00,0x30,0x1b,0x91,0x00,0x00,0x40,0x79,0xe1,0x03,0x00,0x2a,
	0x40,0x76,0x00,0xf0,0x00,0x80,0x1e,0x91,0x01,0x54,0x00,0xb9,0x80,0x77,0x00,0x90,
	0x00,0x48,0x18,0x91,0x00,0x00,0x40,0x79,0xe1,0x03,0x00,0x2a,0x40,0x76,0x00,0xf0,
	0x00,0x20,0x20,0x91,0x01,0x54,0x00,0xb9,0x80,0x77,0x00,0x90,0x00,0x78,0x1a,0x91,
	0x00,0x00,0x40,0x79,0xe1,0x03,0x00,0x2a,0x40,0x76,0x00,0xf0,0x00,0xc0,0x21,0x91,
	0x01,0x54,0x00,0xb9,0x20,0x00,0x80,0x52,0xa0,0xb7,0x00,0x39,0x40,0x76,0x00,0xf0,
	0x00,0xf0,0x16,0x91,0x1f,0x00,0x00,0x39,0x05,0x00,0x00,0x14,0x1f,0x20,0x03,0xd5,
	0x04,0x00,0x00,0x14,0x1f,0x20,0x03,0xd5,0x02,0x00,0x00,0x14,0x1f,0x20,0x03,0xd5,
	0xa0,0xbb,0x40,0x39,0x1f,0x04,0x00,0x71,0xa0,0x00,0x00,0x54,0x40,0x00,0x80,0x52,
	0xa0,0xb7,0x00,0x39,0x02,0x00,0x00,0x14,0xbf,0xb7,0x00,0x39,0xa0,0xb7,0x40,0x39,
	0xfd,0x7b,0xc3,0xa8,0xc0,0x03,0x5f,0xd6,0xff,0x83,0x00,0xd1,0xe0,0x0f,0x00,0xf9,
	0xe1,0x0b,0x00,0xf9,0xe2,0x07,0x00,0xf9,0xe0,0x0f,0x40,0xf9,0x01,0x04,0x40,0xb9,
	0xe0,0x0b,0x40,0xf9,0x00,0x04,0x40,0xb9,0x21,0x00,0x00,0x0b,0xe0,0x07,0x40,0xf9,
	0x01,0x04,0x00,0xb9,0xe0,0x0f,0x40,0xf9,0x01,0x00,0x40,0xb9,0xe0,0x0b,0x40,0xf9,
	0x00,0x00,0x40,0xb9,0x21,0x00,0x00,0x0b,0xe0,0x07,0x40,0xf9,0x01,0x00,0x00,0xb9,
	0x1f,0x20,0x03,0xd5,0xff,0x83,0x00,0x91,0xc0,0x03,0x5f,0xd6,0xff,0x83,0x00,0xd1,
	0xe0,0x0f,0x00,0xf9,0xe1,0x0b,0x00,0xf9,0xe2,0x07,0x00,0xf9,0xe0,0x0f,0x40,0xf9,
	0x01,0x04,0x40,0xb9,0xe0,0x0b,0x40,0xf9,0x00,0x04,0x40,0xb9,0x21,0x00,0x00,0x4b,
	0xe0,0x07,0x40,0xf9,0x01,0x04,0x00,0xb9,0xe0,0x0f,0x40,0xf9,0x01,0x00,0x40,0xb9,
	0xe0,0x0b,0x40,0xf9,0x00,0x00,0x40,0xb9,0x21,0x00,0x00,0x4b,0xe0,0x07,0x40,0xf9,
	0x01,0x00,0x00,0xb9,0x1f,0x20,0x03,0xd5,0xff,0x83,0x00,0x91,0xc0,0x03,0x5f,0xd6,
	0xff,0xc3,0x00,0xd1,0xe0,0x0f,0x00,0xf9,0xe1,0x0b,0x00,0xf9,0xe2,0x07,0x00,0xf9,
	0xff,0x2f,0x00,0xb9,0xff,0x2b,0x00,0xb9,0xff,0x27,0x00,0xb9,0xff,0x23,0x00,0xb9,
	0xe0,0x0f,0x40,0xf9,0x00,0x00,0x40,0xb9,0xe0,0x2f,0x00,0xb9,0xe0,0x0b,0x40,0xf9,
	0x00,0x00,0x40,0xb9,0xe0,0x2b,0x00,0xb9,0xe0,0x0f,0x40,0xf9,0x00,0x04,0x40,0xb9,
	0xe0,0x27,0x00,0xb9,0xe0,0x0b,0x40,0xf9,0x00,0x04,0x40,0xb9,0xe0,0x23,0x00,0xb9,
	0xe1,0x2f,0x40,0xb9,0xe0,0x23,0x40,0xb9,0x21,0x7c,0x00,0x1b,0xe2,0x2b,0x40,0xb9,
	0xe0,0x27,0x40,0xb9,0x40,0x7c,0x00,0x1b,0x20,0x00,0x00,0x0b,0x01,0x7c,0x06,0x13,
	0xe0,0x07,0x40,0xf9,0x01,0x04,0x00,0xb9,0xe1,0x2f,0x40,0xb9,0xe0,0x2b,0x40,0xb9,
	0x21,0x7c,0x00,0x1b,0xe2,0x27,0x40,0xb9,0xe0,0x23,0x40,0xb9,0x40,0x7c,0x00,0x1b,
	0x20,0x00,0x00,0x4b,0x01,0x7c,0x06,0x13,0xe0,0x07,0x40,0xf9,0x01,0x00,0x00,0xb9,
	0x1f,0x20,0x03,0xd5,0xff,0xc3,0x00,0x91,0xc0,0x03,0x5f,0xd6,0xff,0x43,0x00,0xd1,
	0xe0,0x1f,0x00,0x79,0xe1,0x03,0x00,0xf9,0xe0,0x1f,0x40,0x79,0x00,0xf8,0x7f,0xd3,
	0xe1,0x03,0x40,0xf9,0x20,0x00,0x00,0x8b,0x00,0x00,0xc0,0x79,0xff,0x43,0x00,0x91,
	0xc0,0x03,0x5f,0xd6,0xff,0x83,0x00,0xd1,0xe0,0x1f,0x00,0x79,0xe1,0x03,0x00,0xf9,
	0xe2,0x1b,0x00,0x79,0xe0,0x1f,0x40,0x79,0x01,0x74,0x1e,0x53,0xe0,0x1b,0x40,0x79,
	0x20,0x00,0x00,0x0b,0xe1,0x1b,0x40,0x79,0x21,0x74,0x1e,0x53,0x02,0x0c,0xc1,0x1a,
	0x41,0x7c,0x01,0x1b,0x00,0x00,0x01,0x4b,0x01,0x0c,0x00,0x11,0x1f,0x00,0x00,0x71,
	0x20,0xb0,0x80,0x1a,0x00,0x7c,0x02,0x13,0xe0,0x3f,0x00,0x79,0xe0,0x3f,0x40,0x79,
	0x00,0xf8,0x7f,0xd3,0xe1,0x03,0x40,0xf9,0x20,0x00,0x00,0x8b,0x00,0x00,0xc0,0x79,
	0xff,0x83,0x00,0x91,0xc0,0x03,0x5f,0xd6,0xfd,0x7b,0xbd,0xa9,0xfd,0x03,0x00,0x91,
	0xa0,0x5f,0x00,0x79,0xa1,0x13,0x00,0xf9,0xa2,0x0f,0x00,0xf9,0xa3,0x5b,0x00,0x79,
	0xa1,0x13,0x40,0xf9,0xa0,0x5f,0x40,0x79,0xd5,0xff,0xff,0x97,0x00,0x3c,0x00,0x13,
	0xe1,0x03,0x00,0x4b,0xa0,0x0f,0x40,0xf9,0x01,0x04,0x00,0xb9,0xa2,0x5b,0x40,0x79,
	0xa1,0x13,0x40,0xf9,0xa0,0x5f,0x40,0x79,0xd7,0xff,0xff,0x97,0x00,0x3c,0x00,0x13,
	0xe1,0x03,0x00,0x2a,0xa0,0x0f,0x40,0xf9,0x01,0x00,0x00,0xb9,0x1f,0x20,0x03,0xd5,
	0xfd,0x7b,0xc3,0xa8,0xc0,0x03,0x5f,0xd6,0xff,0xc3,0x00,0xd1,0xe0,0x0f,0x00,0xf9,
	0xe1,0x0b,0x00,0xf9,0xe2,0x1f,0x00,0x79,0xe0,0x1f,0x40,0x79,0x00,0x7c,0x01,0x53,
	0xe0,0x4f,0x00,0x79,0xe0,0x1f,0x40,0x79,0x00,0x04,0x00,0x51,0xe0,0x4b,0x00,0x79,
	0xff,0x5f,0x00,0x79,0x36,0x00,0x00,0x14,0x80,0x77,0x00,0x90,0x00,0x90,0x1a,0x91,
	0x00,0x00,0x40,0xb9,0x1f,0x08,0x00,0x71,0xe1,0x03,0x00,0x54,0xe1,0x5f,0x40,0x79,
	0xe0,0x4f,0x40,0x79,0x3f,0x00,0x00,0x6b,0xe2,0x01,0x00,0x54,0xe0,0x5f,0x40,0x79,
	0x00,0xf0,0x7d,0xd3,0xe1,0x0b,0x40,0xf9,0x20,0x00,0x00,0x8b,0xe2,0x5f,0x40,0x79,
	0xe1,0x4f,0x40,0x79,0x41,0x00,0x01,0x0b,0x21,0x7c,0x40,0x93,0x21,0xf4,0x7e,0xd3,
	0xe2,0x0f,0x40,0xf9,0x41,0x00,0x01,0x8b,0x21,0x00,0x40,0xb9,0x01,0x00,0x00,0xb9,
	0x17,0x00,0x00,0x14,0xe0,0x5f,0x40,0x79,0x00,0xf0,0x7d,0xd3,0xe1,0x0b,0x40,0xf9,
	0x20,0x00,0x00,0x8b,0xe1,0x1f,0x40,0x79,0x21,0xf4,0x7e,0xd3,0x21,0x10,0x00,0xd1,
	0xe2,0x0f,0x40,0xf9,0x41,0x00,0x01,0x8b,0x21,0x00,0x40,0xb9,0x01,0x00,0x00,0xb9,
	0x0b,0x00,0x00,0x14,0xe0,0x5f,0x40,0x79,0x00,0xf0,0x7d,0xd3,0xe1,0x0b,0x40,0xf9,
	0x20,0x00,0x00,0x8b,0xe1,0x5f,0x40,0x79,0x21,0xf4,0x7e,0xd3,0xe2,0x0f,0x40,0xf9,
	0x41,0x00,0x01,0x8b,0x21,0x00,0x40,0xb9,0x01,0x00,0x00,0xb9,0xe0,0x5f,0x40,0x79,
	0x00,0xf0,0x7d,0xd3,0xe1,0x0b,0x40,0xf9,0x20,0x00,0x00,0x8b,0x1f,0x04,0x00,0xb9,
	0xe0,0x5f,0x40,0x79,0x00,0x04,0x00,0x11,0xe0,0x5f,0x00,0x79,0xe1,0x5f,0x40,0x79,
	0xe0,0x1f,0x40,0x79,0x3f,0x00,0x00,0x6b,0x03,0xf9,0xff,0x54,0x20,0x00,0x80,0x52,
	0xe0,0x5f,0x00,0x79,0x36,0x00,0x00,0x14,0xe0,0x5f,0x40,0x79,0xe0,0x57,0x00,0x79,
	0xff,0x5b,0x00,0x79,0xe0,0x1f,0x40,0x79,0x00,0x04,0x00,0x51,0xe0,0x53,0x00,0x79,
	0x0f,0x00,0x00,0x14,0xe0,0x5b,0x40,0x79,0x00,0x38,0x1f,0x53,0x01,0x3c,0x00,0x12,
	0xe0,0x57,0x40,0x79,0x00,0x00,0x00,0x12,0x00,0x3c,0x00,0x12,0x20,0x00,0x00,0x0b,
	0xe0,0x5b,0x00,0x79,0xe0,0x57,0x40,0x79,0x00,0x7c,0x01,0x53,0xe0,0x57,0x00,0x79,
	0xe0,0x53,0x40,0x79,0x00,0x7c,0x01,0x53,0xe0,0x53,0x00,0x79,0xe0,0x53,0x40,0x79,
	0x1f,0x00,0x00,0x71,0x01,0xfe,0xff,0x54,0xe1,0x5b,0x40,0x79,0xe0,0x5f,0x40,0x79,
	0x3f,0x00,0x00,0x6b,0xe9,0x02,0x00,0x54,0xe0,0x5f,0x40,0x79,0x00,0xf0,0x7d,0xd3,
	0xe1,0x0b,0x40,0xf9,0x20,0x00,0x00,0x8b,0x00,0x00,0x40,0xb9,0xe0,0x23,0x00,0xb9,
	0xe0,0x5f,0x40,0x79,0x00,0xf0,0x7d,0xd3,0xe1,0x0b,0x40,0xf9,0x20,0x00,0x00,0x8b,
	0xe1,0x5b,0x40,0x79,0x21,0xf0,0x7d,0xd3,0xe2,0x0b,0x40,0xf9,0x41,0x00,0x01,0x8b,
	0x21,0x00,0x40,0xb9,0x01,0x00,0x00,0xb9,0xe0,0x5b,0x40,0x79,0x00,0xf0,0x7d,0xd3,
	0xe1,0x0b,0x40,0xf9,0x20,0x00,0x00,0x8b,0xe1,0x23,0x40,0xb9,0x01,0x00,0x00,0xb9,
	0xe0,0x5f,0x40,0x79,0x00,0x04,0x00,0x11,0xe0,0x5f,0x00,0x79,0xe1,0x5f,0x40,0x79,
	0xe0,0x4b,0x40,0x79,0x3f,0x00,0x00,0x6b,0x09,0xf9,0xff,0x54,0x1f,0x20,0x03,0xd5,
	0xff,0xc3,0x00,0x91,0xc0,0x03,0x5f,0xd6,0xff,0xc3,0x00,0xd1,0xe0,0x0f,0x00,0xf9,
	0xe1,0x0b,0x00,0xf9,0xe2,0x1f,0x00,0x79,0xe0,0x1f,0x40,0x79,0x00,0x04,0x00,0x51,
	0xe0,0x4f,0x00,0x79,0xff,0x5f,0x00,0x79,0x23,0x00,0x00,0x14,0x60,0x77,0x00,0xf0,
	0x00,0x90,0x1a,0x91,0x00,0x00,0x40,0xb9,0x1f,0x08,0x00,0x71,0x81,0x01,0x00,0x54,
	0xe0,0x5f,0x40,0x79,0x00,0xf0,0x7d,0xd3,0xe1,0x0b,0x40,0xf9,0x20,0x00,0x00,0x8b,
	0xe1,0x5f,0x40,0x79,0x21,0xf8,0x7f,0xd3,0xe2,0x0f,0x40,0xf9,0x41,0x00,0x01,0x8b,
	0x21,0x00,0xc0,0x79,0x01,0x00,0x00,0xb9,0x0b,0x00,0x00,0x14,0xe0,0x5f,0x40,0x79,
	0x00,0xf0,0x7d,0xd3,0xe1,0x0b,0x40,0xf9,0x20,0x00,0x00,0x8b,0xe1,0x5f,0x40,0x79,
	0x21,0xf8,0x7f,0xd3,0xe2,0x0f,0x40,0xf9,0x41,0x00,0x01,0x8b,0x21,0x00,0xc0,0x79,
	0x01,0x00,0x00,0xb9,0xe0,0x5f,0x40,0x79,0x00,0xf0,0x7d,0xd3,0xe1,0x0b,0x40,0xf9,
	0x20,0x00,0x00,0x8b,0x1f,0x04,0x00,0xb9,0xe0,0x5f,0x40,0x79,0x00,0x04,0x00,0x11,
	0xe0,0x5f,0x00,0x79,0xe1,0x5f,0x40,0x79,0xe0,0x1f,0x40,0x79,0x3f,0x00,0x00,0x6b,
	0x63,0xfb,0xff,0x54,0x20,0x00,0x80,0x52,0xe0,0x5f,0x00,0x79,0x36,0x00,0x00,0x14,
	0xe0,0x5f,0x40,0x79,0xe0,0x57,0x00,0x79,0xff,0x5b,0x00,0x79,0xe0,0x1f,0x40,0x79,
	0x00,0x04,0x00,0x51,0xe0,0x53,0x00,0x79,0x0f,0x00,0x00,0x14,0xe0,0x5b,0x40,0x79,
	0x00,0x38,0x1f,0x53,0x01,0x3c,0x00,0x12,0xe0,0x57,0x40,0x79,0x00,0x00,0x00,0x12,
	0x00,0x3c,0x00,0x12,0x20,0x00,0x00,0x0b,0xe0,0x5b,0x00,0x79,0xe0,0x57,0x40,0x79,
	0x00,0x7c,0x01,0x53,0xe0,0x57,0x00,0x79,0xe0,0x53,0x40,0x79,0x00,0x7c,0x01,0x53,
	0xe0,0x53,0x00,0x79,0xe0,0x53,0x40,0x79,0x1f,0x00,0x00,0x71,0x01,0xfe,0xff,0x54,
	0xe1,0x5b,0x40,0x79,0xe0,0x5f,0x40,0x79,0x3f,0x00,0x00,0x6b,0xe9,0x02,0x00,0x54,
	0xe0,0x5f,0x40,0x79,0x00,0xf0,0x7d,0xd3,0xe1,0x0b,0x40,0xf9,0x20,0x00,0x00,0x8b,
	0x00,0x00,0x40,0xb9,0xe0,0x23,0x00,0xb9,0xe0,0x5f,0x40,0x79,0x00,0xf0,0x7d,0xd3,
	0xe1,0x0b,0x40,0xf9,0x20,0x00,0x00,0x8b,0xe1,0x5b,0x40,0x79,0x21,0xf0,0x7d,0xd3,
	0xe2,0x0b,0x40,0xf9,0x41,0x00,0x01,0x8b,0x21,0x00,0x40,0xb9,0x01,0x00,0x00,0xb9,
	0xe0,0x5b,0x40,0x79,0x00,0xf0,0x7d,0xd3,0xe1,0x0b,0x40,0xf9,0x20,0x00,0x00,0x8b,
	0xe1,0x23,0x40,0xb9,0x01,0x00,0x00,0xb9,0xe0,0x5f,0x40,0x79,0x00,0x04,0x00,0x11,
	0xe0,0x5f,0x00,0x79,0xe1,0x5f,0x40,0x79,0xe0,0x4f,0x40,0x79,0x3f,0x00,0x00,0x6b,
	0x09,0xf9,0xff,0x54,0x1f,0x20,0x03,0xd5,0xff,0xc3,0x00,0x91,0xc0,0x03,0x5f,0xd6,
	0xfd,0x7b,0xbb,0xa9,0xfd,0x03,0x00,0x91,0xa0,0x17,0x00,0xf9,0xa1,0x13,0x00,0xf9,
	0xa2,0x3f,0x00,0x79,0xbf,0x9b,0x00,0x79,0xbf,0x97,0x00,0x79,0xbf,0x93,0x00,0x79,
	0xa0,0x3f,0x40,0x79,0xa0,0x9f,0x00,0x79,0xbf,0x9b,0x00,0x79,0x04,0x00,0x00,0x14,
	0xa0,0x9b,0x40,0x79,0x00,0x04,0x00,0x11,0xa0,0x9b,0x00,0x79,0xa0,0x9f,0x40,0x79,
	0x00,0x7c,0x01,0x53,0xa0,0x9f,0x00,0x79,0xa0,0x9f,0x40,0x79,0x1f,0x00,0x00,0x71,
	0x01,0xff,0xff,0x54,0xa0,0x9b,0x40,0x79,0xa0,0x9f,0x00,0x79,0xbf,0x97,0x00,0x79,
	0x60,0x00,0x00,0x14,0xbf,0x9b,0x00,0x79,0xbf,0x93,0x00,0x79,0x56,0x00,0x00,0x14,
	0xa1,0x93,0x40,0x79,0xa0,0x97,0x40,0x79,0x20,0x28,0xc0,0x1a,0x1f,0x00,0x00,0x71,
	0x00,0x00,0x00,0x12,0x00,0xa4,0x80,0x5a,0x1f,0x04,0x00,0x71,0x41,0x09,0x00,0x54,
	0xa0,0xc3,0x00,0x91,0xa3,0x3f,0x40,0x79,0xe2,0x03,0x00,0xaa,0xa1,0x17,0x40,0xf9,
	0xa0,0x9b,0x40,0x79,0xcd,0xfe,0xff,0x97,0xa0,0x93,0x40,0x79,0x00,0xf0,0x7d,0xd3,
	0xa1,0x13,0x40,0xf9,0x23,0x00,0x00,0x8b,0xa0,0x93,0x40,0x79,0x00,0xf0,0x7d,0xd3,
	0xa1,0x13,0x40,0xf9,0x21,0x00,0x00,0x8b,0xa0,0xc3,0x00,0x91,0xe2,0x03,0x01,0xaa,
	0xe1,0x03,0x00,0xaa,0xe0,0x03,0x03,0xaa,0x72,0xfe,0xff,0x97,0xa1,0x9f,0x40,0x79,
	0xa0,0x97,0x40,0x79,0x20,0x00,0x00,0x4b,0x00,0x04,0x00,0x51,0x21,0x00,0x80,0x52,
	0x20,0x20,0xc0,0x1a,0x00,0x3c,0x00,0x12,0xa1,0x9b,0x40,0x79,0x00,0x00,0x01,0x0b,
	0xa0,0x9b,0x00,0x79,0xa0,0x97,0x40,0x79,0x21,0x00,0x80,0x52,0x20,0x20,0xc0,0x1a,
	0x00,0x3c,0x00,0x12,0xa1,0x93,0x40,0x79,0x20,0x00,0x00,0x4b,0xa0,0x8f,0x00,0x79,
	0xa0,0x8f,0x40,0x79,0x00,0xf0,0x7d,0xd3,0xa1,0x13,0x40,0xf9,0x20,0x00,0x00,0x8b,
	0x00,0x00,0x40,0xb9,0xa0,0x3b,0x00,0xb9,0xa0,0x8f,0x40,0x79,0x00,0xf0,0x7d,0xd3,
	0xa1,0x13,0x40,0xf9,0x20,0x00,0x00,0x8b,0x00,0x04,0x40,0xb9,0xa0,0x3f,0x00,0xb9,
	0xa0,0x93,0x40,0x79,0x00,0xf0,0x7d,0xd3,0xa1,0x13,0x40,0xf9,0x23,0x00,0x00,0x8b,
	0xa0,0x8f,0x40,0x79,0x00,0xf0,0x7d,0xd3,0xa1,0x13,0x40,0xf9,0x21,0x00,0x00,0x8b,
	0xa0,0xe3,0x00,0x91,0xe2,0x03,0x01,0xaa,0xe1,0x03,0x03,0xaa,0x1f,0xfe,0xff,0x97,
	0xa0,0x93,0x40,0x79,0x00,0xf0,0x7d,0xd3,0xa1,0x13,0x40,0xf9,0x23,0x00,0x00,0x8b,
	0xa0,0x93,0x40,0x79,0x00,0xf0,0x7d,0xd3,0xa1,0x13,0x40,0xf9,0x21,0x00,0x00,0x8b,
	0xa0,0xe3,0x00,0x91,0xe2,0x03,0x01,0xaa,0xe1,0x03,0x03,0xaa,0x28,0xfe,0xff,0x97,
	0x02,0x00,0x00,0x14,0xbf,0x9b,0x00,0x79,0xa0,0x93,0x40,0x79,0x00,0x04,0x00,0x11,
	0xa0,0x93,0x00,0x79,0xa1,0x93,0x40,0x79,0xa0,0x3f,0x40,0x79,0x3f,0x00,0x00,0x6b,
	0x03,0xf5,0xff,0x54,0xa0,0x97,0x40,0x79,0x00,0x04,0x00,0x11,0xa0,0x97,0x00,0x79,
	0xa1,0x97,0x40,0x79,0xa0,0x9f,0x40,0x79,0x3f,0x00,0x00,0x6b,0xc3,0xf3,0xff,0x54,
	0x1f,0x20,0x03,0xd5,0xfd,0x7b,0xc5,0xa8,0xc0,0x03,0x5f,0xd6,0xff,0xc3,0x02,0xd1,
	0xe0,0x3f,0x00,0x79,0xe1,0x0b,0x00,0xf9,0xe2,0x07,0x00,0xf9,0xe3,0x3b,0x00,0x79,
	0xff,0x57,0x01,0x79,0xff,0xa7,0x00,0xb9,0xff,0x5f,0x01,0x79,0x3c,0x00,0x00,0x14,
	0xe0,0x5f,0x41,0x79,0x01,0x7c,0x40,0x93,0xe0,0x03,0x01,0xaa,0x00,0xf8,0x7f,0xd3,
	0x00,0x00,0x01,0x8b,0x00,0xf4,0x7e,0xd3,0xe1,0x83,0x00,0x91,0x22,0x00,0x80,0x52,
	0x22,0x68,0x20,0xb8,0xe0,0x5f,0x41,0x79,0x01,0x7c,0x40,0x93,0xe0,0x03,0x01,0xaa,
	0x00,0xf8,0x7f,0xd3,0x00,0x00,0x01,0x8b,0x00,0xf4,0x7e,0xd3,0xe1,0x93,0x00,0x91,
	0x22,0x00,0x80,0x52,0x22,0x68,0x20,0xb8,0xe0,0x5f,0x41,0x79,0x01,0x7c,0x40,0x93,
	0xe0,0x03,0x01,0xaa,0x00,0xf8,0x7f,0xd3,0x00,0x00,0x01,0x8b,0x00,0xf4,0x7e,0xd3,
	0xe1,0xa3,0x00,0x91,0x22,0x00,0x80,0x52,0x22,0x68,0x20,0xb8,0xe0,0x5f,0x41,0x79,
	0x00,0x7c,0x40,0x93,0x00,0xf8,0x7f,0xd3,0xe1,0x03,0x02,0x91,0x3f,0x68,0x20,0x78,
	0xe0,0x5f,0x41,0x79,0x01,0x7c,0x40,0x93,0xe0,0x03,0x01,0xaa,0x00,0xf8,0x7f,0xd3,
	0x00,0x00,0x01,0x8b,0x00,0xf4,0x7e,0xd3,0xe1,0x43,0x01,0x91,0x3f,0x68,0x20,0xb8,
	0xe0,0x5f,0x41,0x79,0x01,0x7c,0x40,0x93,0xe0,0x03,0x01,0xaa,0x00,0xf8,0x7f,0xd3,
	0x00,0x00,0x01,0x8b,0x00,0xf4,0x7e,0xd3,0xe1,0x53,0x01,0x91,0x3f,0x68,0x20,0xb8,
	0xe0,0x5f,0x41,0x79,0x01,0x7c,0x40,0x93,0xe0,0x03,0x01,0xaa,0x00,0xf8,0x7f,0xd3,
	0x00,0x00,0x01,0x8b,0x00,0xf4,0x7e,0xd3,0xe1,0x63,0x01,0x91,0x3f,0x68,0x20,0xb8,
	0xe0,0x5f,0x41,0x79,0x00,0x04,0x00,0x11,0xe0,0x5f,0x01,0x79,0xe0,0x5f,0x41,0x79,
	0x1f,0x0c,0x00,0x71,0x69,0xf8,0xff,0x54,0xff,0x5f,0x01,0x79,0x32,0x00,0x00,0x14,
	0xe0,0x5f,0x41,0x79,0x00,0xf0,0x7d,0xd3,0xe1,0x0b,0x40,0xf9,0x20,0x00,0x00,0x8b,
	0x00,0x00,0x40,0xb9,0x00,0x7c,0x06,0x13,0xe0,0xa3,0x00,0xb9,0xe0,0x5f,0x41,0x79,
	0x00,0xf0,0x7d,0xd3,0xe1,0x0b,0x40,0xf9,0x20,0x00,0x00,0x8b,0x00,0x04,0x40,0xb9,
	0x00,0x7c,0x06,0x13,0xe0,0x9f,0x00,0xb9,0xe0,0x5f,0x41,0x79,0x03,0x04,0x00,0x11,
	0xe1,0xa3,0x40,0xb9,0xe0,0xa3,0x40,0xb9,0x21,0x7c,0x00,0x1b,0xe2,0x9f,0x40,0xb9,
	0xe0,0x9f,0x40,0xb9,0x40,0x7c,0x00,0x1b,0x20,0x00,0x00,0x0b,0xe2,0x03,0x00,0x2a,
	0x61,0x7c,0x40,0x93,0xe0,0x03,0x01,0xaa,0x00,0xf8,0x7f,0xd3,0x00,0x00,0x01,0x8b,
	0x00,0xf4,0x7e,0xd3,0xe1,0x53,0x01,0x91,0x22,0x68,0x20,0xb8,0xe0,0x5f,0x41,0x79,
	0x1f,0x00,0x00,0x71,0xa1,0x01,0x00,0x54,0xe0,0x5f,0x41,0x79,0x00,0x04,0x00,0x11,
	0x01,0x7c,0x40,0x93,0xe0,0x03,0x01,0xaa,0x00,0xf8,0x7f,0xd3,0x00,0x00,0x01,0x8b,
	0x00,0xf4,0x7e,0xd3,0xe1,0x53,0x01,0x91,0x21,0x68,0x60,0xb8,0x60,0x77,0x00,0xf0,
	0x00,0xc0,0x18,0x91,0x01,0x00,0x00,0xb9,0xe0,0x5f,0x41,0x79,0x00,0x04,0x00,0x11,
	0xe0,0x5f,0x01,0x79,0xe0,0x5f,0x41,0x79,0x1f,0x04,0x00,0x71,0xa9,0xf9,0xff,0x54,
	0x20,0x00,0x80,0x52,0xe0,0x5f,0x01,0x79,0xab,0x00,0x00,0x14,0xff,0x57,0x01,0x79,
	0xe0,0x63,0x40,0xb9,0xe0,0x57,0x00,0xb9,0xe0,0x6f,0x40,0xb9,0xe0,0x63,0x00,0xb9,
	0xe0,0x5f,0x41,0x79,0x00,0x04,0x00,0x91,0x00,0xf0,0x7d,0xd3,0xe1,0x0b,0x40,0xf9,
	0x20,0x00,0x00,0x8b,0x00,0x00,0x40,0xb9,0x00,0x7c,0x06,0x13,0xe0,0xa3,0x00,0xb9,
	0xe0,0x5f,0x41,0x79,0x00,0x04,0x00,0x91,0x00,0xf0,0x7d,0xd3,0xe1,0x0b,0x40,0xf9,
	0x20,0x00,0x00,0x8b,0x00,0x04,0x40,0xb9,0x00,0x7c,0x06,0x13,0xe0,0x9f,0x00,0xb9,
	0xe1,0xa3,0x40,0xb9,0xe0,0xa3,0x40,0xb9,0x21,0x7c,0x00,0x1b,0xe2,0x9f,0x40,0xb9,
	0xe0,0x9f,0x40,0xb9,0x40,0x7c,0x00,0x1b,0x20,0x00,0x00,0x0b,0xe0,0x6f,0x00,0xb9,
	0xe0,0x6f,0x40,0xb9,0xe0,0x67,0x00,0xb9,0xe0,0x57,0x40,0xb9,0xe0,0x5f,0x00,0xb9,
	0xe1,0x57,0x40,0xb9,0xe0,0x63,0x40,0xb9,0x3f,0x00,0x00,0x6b,0xa8,0x00,0x00,0x54,
	0xe1,0x6f,0x40,0xb9,0xe0,0x63,0x40,0xb9,0x3f,0x00,0x00,0x6b,0x69,0x00,0x00,0x54,
	0x20,0x00,0x80,0x52,0xe0,0x57,0x01,0x79,0xe0,0x57,0x41,0x79,0x1f,0x00,0x00,0x71,
	0x41,0x0f,0x00,0x54,0xe1,0x3f,0x40,0x79,0xe0,0x5f,0x41,0x79,0x21,0x7c,0x00,0x1b,
	0xe0,0x03,0x01,0x2a,0x00,0x6c,0x1c,0x53,0x00,0x00,0x01,0x4b,0x00,0x74,0x1e,0x53,
	0xe1,0x03,0x00,0x2a,0xe0,0x3b,0x40,0x79,0x00,0x7c,0x01,0x53,0x00,0x3c,0x00,0x12,
	0x21,0x00,0x00,0x0b,0xe0,0x3b,0x40,0x79,0x20,0x0c,0xc0,0x1a,0xe0,0xa7,0x00,0xb9,
	0xe0,0xa7,0x40,0xb9,0x1f,0xc4,0x00,0x71,0x0d,0x0d,0x00,0x54,0xe0,0xa7,0x40,0xb9,
	0x1f,0x10,0x04,0x71,0xac,0x0c,0x00,0x54,0x80,0x00,0x80,0x52,0xe0,0x5b,0x01,0x79,
	0x5f,0x00,0x00,0x14,0xe2,0x63,0x40,0xb9,0xe0,0x5b,0x41,0x79,0x00,0x04,0x00,0x51,
	0x01,0x7c,0x40,0x93,0xe0,0x03,0x01,0xaa,0x00,0xf8,0x7f,0xd3,0x00,0x00,0x01,0x8b,
	0x00,0xf4,0x7e,0xd3,0xe1,0x93,0x00,0x91,0x20,0x68,0x60,0xb8,0x5f,0x00,0x00,0x6b,
	0x09,0x0a,0x00,0x54,0xe0,0x5b,0x41,0x79,0x1f,0x0c,0x00,0x71,0x08,0x07,0x00,0x54,
	0xe1,0x5b,0x41,0x79,0xe0,0x5b,0x41,0x79,0x02,0x04,0x00,0x51,0x20,0x7c,0x40,0x93,
	0xe1,0x03,0x00,0xaa,0x21,0xf8,0x7f,0xd3,0x21,0x00,0x00,0x8b,0x20,0xf4,0x7e,0xd3,
	0xe1,0x03,0x00,0xaa,0xe3,0x83,0x00,0x91,0x42,0x7c,0x40,0x93,0xe0,0x03,0x02,0xaa,
	0x00,0xf8,0x7f,0xd3,0x00,0x00,0x02,0x8b,0x00,0xf4,0x7e,0xd3,0xe2,0x83,0x00,0x91,
	0x61,0x00,0x01,0x8b,0x40,0x00,0x00,0x8b,0x02,0x00,0x40,0xf9,0x22,0x00,0x00,0xf9,
	0x00,0x08,0x40,0xb9,0x20,0x08,0x00,0xb9,0xe0,0x5b,0x41,0x79,0x00,0x04,0x00,0x51,
	0x01,0x7c,0x40,0x93,0xe0,0x03,0x01,0xaa,0x00,0xf8,0x7f,0xd3,0x00,0x00,0x01,0x8b,
	0x00,0xf4,0x7e,0xd3,0xe1,0x83,0x00,0x91,0x20,0x00,0x00,0x8b,0xe1,0x73,0x01,0x91,
	0x22,0x00,0x40,0xf9,0x02,0x00,0x00,0xf9,0x21,0x08,0x40,0xb9,0x01,0x08,0x00,0xb9,
	0xe3,0x5b,0x41,0x79,0xe0,0x5b,0x41,0x79,0x00,0x04,0x00,0x51,0x00,0x7c,0x40,0x93,
	0x00,0xf8,0x7f,0xd3,0xe1,0x03,0x02,0x91,0x22,0x68,0x60,0x78,0x60,0x7c,0x40,0x93,
	0x00,0xf8,0x7f,0xd3,0xe1,0x03,0x02,0x91,0x22,0x68,0x20,0x78,0xe0,0x5b,0x41,0x79,
	0x00,0x04,0x00,0x51,0x00,0x7c,0x40,0x93,0x00,0xf8,0x7f,0xd3,0xe1,0x03,0x02,0x91,
	0xe2,0x5f,0x41,0x79,0x22,0x68,0x20,0x78,0x16,0x00,0x00,0x14,0xe0,0x5b,0x41,0x79,
	0x00,0x04,0x00,0x51,0x01,0x7c,0x40,0x93,0xe0,0x03,0x01,0xaa,0x00,0xf8,0x7f,0xd3,
	0x00,0x00,0x01,0x8b,0x00,0xf4,0x7e,0xd3,0xe1,0x83,0x00,0x91,0x20,0x00,0x00,0x8b,
	0xe1,0x73,0x01,0x91,0x22,0x00,0x40,0xf9,0x02,0x00,0x00,0xf9,0x21,0x08,0x40,0xb9,
	0x01,0x08,0x00,0xb9,0xe0,0x5b,0x41,0x79,0x00,0x04,0x00,0x51,0x00,0x7c,0x40,0x93,
	0x00,0xf8,0x7f,0xd3,0xe1,0x03,0x02,0x91,0xe2,0x5f,0x41,0x79,0x22,0x68,0x20,0x78,
	0xe0,0x5b,0x41,0x79,0x00,0x04,0x00,0x51,0xe0,0x5b,0x01,0x79,0xe0,0x5b,0x41,0x79,
	0x1f,0x00,0x00,0x71,0x01,0xf4,0xff,0x54,0xe0,0x5f,0x41,0x79,0x00,0x04,0x00,0x11,
	0xe0,0x5f,0x01,0x79,0xe1,0x5f,0x41,0x79,0xe0,0x3b,0x40,0x79,0x00,0x7c,0x01,0x53,
	0x00,0x3c,0x00,0x12,0x00,0x04,0x00,0x51,0x3f,0x00,0x00,0x6b,0x0b,0xea,0xff,0x54,
	0xff,0x5b,0x01,0x79,0x6b,0x00,0x00,0x14,0xe0,0x5b,0x41,0x79,0x00,0x7c,0x40,0x93,
	0x00,0xf8,0x7f,0xd3,0xe1,0x03,0x02,0x91,0x20,0x68,0x60,0x78,0xe0,0x37,0x01,0x79,
	0xe0,0x37,0x41,0x79,0x1f,0x00,0x00,0x71,0x60,0x0a,0x00,0x54,0xe0,0x5b,0x41,0x79,
	0x01,0x7c,0x40,0x93,0xe0,0x03,0x01,0xaa,0x00,0xf8,0x7f,0xd3,0x00,0x00,0x01,0x8b,
	0x00,0xf4,0x7e,0xd3,0xe1,0xa3,0x00,0x91,0x20,0x68,0x60,0xb8,0xe0,0x97,0x00,0xb9,
	0xe0,0x5b,0x41,0x79,0x01,0x7c,0x40,0x93,0xe0,0x03,0x01,0xaa,0x00,0xf8,0x7f,0xd3,
	0x00,0x00,0x01,0x8b,0x00,0xf4,0x7e,0xd3,0xe1,0x83,0x00,0x91,0x20,0x68,0x60,0xb8,
	0xe0,0x93,0x00,0xb9,0xe1,0x3f,0x40,0x79,0xe0,0x03,0x01,0x2a,0x00,0x6c,0x1c,0x53,
	0x00,0x00,0x01,0x4b,0x00,0x64,0x1a,0x53,0xe1,0x03,0x00,0x2a,0xe0,0x3b,0x40,0x79,
	0x21,0x0c,0xc0,0x1a,0xe2,0x97,0x40,0xb9,0xe0,0x93,0x40,0xb9,0x40,0x00,0x00,0x4b,
	0x22,0x7c,0x00,0x1b,0xe0,0x5b,0x41,0x79,0x01,0x7c,0x40,0x93,0xe0,0x03,0x01,0xaa,
	0x00,0xf8,0x7f,0xd3,0x00,0x00,0x01,0x8b,0x00,0xf4,0x7e,0xd3,0xe1,0x93,0x00,0x91,
	0x20,0x68,0x60,0xb8,0x40,0x0c,0xc0,0x1a,0xe0,0x8f,0x00,0xb9,0xe1,0x3f,0x40,0x79,
	0xe0,0x03,0x01,0x2a,0x00,0x6c,0x1c,0x53,0x00,0x00,0x01,0x4b,0x00,0x64,0x1a,0x53,
	0xe1,0x03,0x00,0x2a,0xe0,0x37,0x41,0x79,0x21,0x7c,0x00,0x1b,0xe0,0x3b,0x40,0x79,
	0x21,0x0c,0xc0,0x1a,0xe0,0x8f,0x40,0xb9,0x20,0x00,0x00,0x0b,0x01,0x3c,0x00,0x11,
	0x1f,0x00,0x00,0x71,0x20,0xb0,0x80,0x1a,0x00,0x7c,0x04,0x13,0xe0,0xa7,0x00,0xb9,
	0xe0,0x5b,0x41,0x79,0x00,0xf4,0x7e,0xd3,0xe1,0x07,0x40,0xf9,0x20,0x00,0x00,0x8b,
	0xe1,0xa7,0x40,0xb9,0x01,0x00,0x00,0xb9,0xe0,0x5b,0x41,0x79,0x01,0x7c,0x40,0x93,
	0xe0,0x03,0x01,0xaa,0x00,0xf8,0x7f,0xd3,0x00,0x00,0x01,0x8b,0x00,0xf4,0x7e,0xd3,
	0xe1,0x93,0x00,0x91,0x20,0x68,0x60,0xb8,0xe0,0x8b,0x00,0xb9,0xe0,0x5b,0x41,0x79,
	0x00,0x10,0x00,0x11,0x00,0x7c,0x40,0x93,0x00,0xf4,0x7e,0xd3,0xe1,0x07,0x40,0xf9,
	0x20,0x00,0x00,0x8b,0xe1,0x8b,0x40,0xb9,0x21,0x7c,0x06,0x53,0x01,0x00,0x00,0xb9,
	0x0d,0x00,0x00,0x14,0xe0,0x5b,0x41,0x79,0x00,0xf4,0x7e,0xd3,0xe1,0x07,0x40,0xf9,
	0x20,0x00,0x00,0x8b,0x1f,0x00,0x00,0xb9,0xe0,0x5b,0x41,0x79,0x00,0x10,0x00,0x11,
	0x00,0x7c,0x40,0x93,0x00,0xf4,0x7e,0xd3,0xe1,0x07,0x40,0xf9,0x20,0x00,0x00,0x8b,
	0x1f,0x00,0x00,0xb9,0xe0,0x5b,0x41,0x79,0x00,0x04,0x00,0x11,0xe0,0x5b,0x01,0x79,
	0xe0,0x5b,0x41,0x79,0x1f,0x0c,0x00,0x71,0x89,0xf2,0xff,0x54,0x1f,0x20,0x03,0xd5,
	0xff,0xc3,0x02,0x91,0xc0,0x03,0x5f,0xd6,0xff,0xc3,0x02,0xd1,0xe0,0x3f,0x00,0x79,
	0xe1,0x0b,0x00,0xf9,0xe2,0x07,0x00,0xf9,0xe3,0x3b,0x00,0x79,0xff,0x57,0x01,0x79,
	0xff,0xa7,0x00,0xb9,0xff,0x5f,0x01,0x79,0x3f,0x00,0x00,0x14,0xe0,0x5f,0x41,0x79,
	0x01,0x7c,0x40,0x93,0xe0,0x03,0x01,0xaa,0x00,0xf8,0x7f,0xd3,0x00,0x00,0x01,0x8b,
	0x00,0xf4,0x7e,0xd3,0xe1,0x83,0x00,0x91,0x22,0x00,0x80,0x52,0x22,0x68,0x20,0xb8,
	0xe0,0x5f,0x41,0x79,0x01,0x7c,0x40,0x93,0xe0,0x03,0x01,0xaa,0x00,0xf8,0x7f,0xd3,
	0x00,0x00,0x01,0x8b,0x00,0xf4,0x7e,0xd3,0xe1,0x93,0x00,0x91,0x22,0x00,0x80,0x52,
	0x22,0x68,0x20,0xb8,0xe0,0x5f,0x41,0x79,0x01,0x7c,0x40,0x93,0xe0,0x03,0x01,0xaa,
	0x00,0xf8,0x7f,0xd3,0x00,0x00,0x01,0x8b,0x00,0xf4,0x7e,0xd3,0xe1,0xa3,0x00,0x91,
	0x22,0x00,0x80,0x52,0x22,0x68,0x20,0xb8,0xe0,0x5f,0x41,0x79,0x00,0x7c,0x40,0x93,
	0x00,0xf8,0x7f,0xd3,0xe1,0x03,0x02,0x91,0x3f,0x68,0x20,0x78,0xe0,0x5f,0x41,0x79,
	0x01,0x7c,0x40,0x93,0xe0,0x03,0x01,0xaa,0x00,0xf8,0x7f,0xd3,0x00,0x00,0x01,0x8b,
	0x00,0xf4,0x7e,0xd3,0xe1,0x43,0x01,0x91,0x22,0x00,0x80,0x52,0x22,0x68,0x20,0xb8,
	0xe0,0x5f,0x41,0x79,0x01,0x7c,0x40,0x93,0xe0,0x03,0x01,0xaa,0x00,0xf8,0x7f,0xd3,
	0x00,0x00,0x01,0x8b,0x00,0xf4,0x7e,0xd3,0xe1,0x53,0x01,0x91,0x22,0x00,0x80,0x52,
	0x22,0x68,0x20,0xb8,0xe0,0x5f,0x41,0x79,0x01,0x7c,0x40,0x93,0xe0,0x03,0x01,0xaa,
	0x00,0xf8,0x7f,0xd3,0x00,0x00,0x01,0x8b,0x00,0xf4,0x7e,0xd3,0xe1,0x63,0x01,0x91,
	0x22,0x00,0x80,0x52,0x22,0x68,0x20,0xb8,0xe0,0x5f,0x41,0x79,0x00,0x04,0x00,0x11,
	0xe0,0x5f,0x01,0x79,0xe0,0x5f,0x41,0x79,0x1f,0x0c,0x00,0x71,0x09,0xf8,0xff,0x54,
	0xff,0x5f,0x01,0x79,0x23,0x00,0x00,0x14,0xe0,0x5f,0x41,0x79,0x00,0xf0,0x7d,0xd3,
	0xe1,0x0b,0x40,0xf9,0x20,0x00,0x00,0x8b,0x00,0x00,0x40,0xb9,0x00,0x7c,0x04,0x13,
	0xe0,0xa3,0x00,0xb9,0xe0,0x5f,0x41,0x79,0x00,0xf0,0x7d,0xd3,0xe1,0x0b,0x40,0xf9,
	0x20,0x00,0x00,0x8b,0x00,0x04,0x40,0xb9,0x00,0x7c,0x04,0x13,0xe0,0x9f,0x00,0xb9,
	0xe0,0x5f,0x41,0x79,0x03,0x04,0x00,0x11,0xe1,0xa3,0x40,0xb9,0xe0,0xa3,0x40,0xb9,
	0x21,0x7c,0x00,0x1b,0xe2,0x9f,0x40,0xb9,0xe0,0x9f,0x40,0xb9,0x40,0x7c,0x00,0x1b,
	0x20,0x00,0x00,0x0b,0xe2,0x03,0x00,0x2a,0x61,0x7c,0x40,0x93,0xe0,0x03,0x01,0xaa,
	0x00,0xf8,0x7f,0xd3,0x00,0x00,0x01,0x8b,0x00,0xf4,0x7e,0xd3,0xe1,0x53,0x01,0x91,
	0x22,0x68,0x20,0xb8,0xe0,0x5f,0x41,0x79,0x00,0x04,0x00,0x11,0xe0,0x5f,0x01,0x79,
	0xe0,0x5f,0x41,0x79,0x1f,0x04,0x00,0x71,0x89,0xfb,0xff,0x54,0x20,0x00,0x80,0x52,
	0xe0,0x5f,0x01,0x79,0xab,0x00,0x00,0x14,0xff,0x57,0x01,0x79,0xe0,0x63,0x40,0xb9,
	0xe0,0x57,0x00,0xb9,0xe0,0x6f,0x40,0xb9,0xe0,0x63,0x00,0xb9,0xe0,0x5f,0x41,0x79,
	0x00,0x04,0x00,0x91,0x00,0xf0,0x7d,0xd3,0xe1,0x0b,0x40,0xf9,0x20,0x00,0x00,0x8b,
	0x00,0x00,0x40,0xb9,0x00,0x7c,0x04,0x13,0xe0,0xa3,0x00,0xb9,0xe0,0x5f,0x41,0x79,
	0x00,0x04,0x00,0x91,0x00,0xf0,0x7d,0xd3,0xe1,0x0b,0x40,0xf9,0x20,0x00,0x00,0x8b,
	0x00,0x04,0x40,0xb9,0x00,0x7c,0x04,0x13,0xe0,0x9f,0x00,0xb9,0xe1,0xa3,0x40,0xb9,
	0xe0,0xa3,0x40,0xb9,0x21,0x7c,0x00,0x1b,0xe2,0x9f,0x40,0xb9,0xe0,0x9f,0x40,0xb9,
	0x40,0x7c,0x00,0x1b,0x20,0x00,0x00,0x0b,0xe0,0x6f,0x00,0xb9,0xe0,0x6f,0x40,0xb9,
	0xe0,0x67,0x00,0xb9,0xe0,0x57,0x40,0xb9,0xe0,0x5f,0x00,0xb9,0xe1,0x57,0x40,0xb9,
	0xe0,0x63,0x40,0xb9,0x3f,0x00,0x00,0x6b,0xa8,0x00,0x00,0x54,0xe1,0x6f,0x40,0xb9,
	0xe0,0x63,0x40,0xb9,0x3f,0x00,0x00,0x6b,0x69,0x00,0x00,0x54,0x20,0x00,0x80,0x52,
	0xe0,0x57,0x01,0x79,0xe0,0x57,0x41,0x79,0x1f,0x00,0x00,0x71,0x41,0x0f,0x00,0x54,
	0xe1,0x3f,0x40,0x79,0xe0,0x5f,0x41,0x79,0x21,0x7c,0x00,0x1b,0xe0,0x03,0x01,0x2a,
	0x00,0x6c,0x1c,0x53,0x00,0x00,0x01,0x4b,0x00,0x74,0x1e,0x53,0xe1,0x03,0x00,0x2a,
	0xe0,0x3b,0x40,0x79,0x00,0x7c,0x01,0x53,0x00,0x3c,0x00,0x12,0x21,0x00,0x00,0x0b,
	0xe0,0x3b,0x40,0x79,0x20,0x0c,0xc0,0x1a,0xe0,0xa7,0x00,0xb9,0xe0,0xa7,0x40,0xb9,
	0x1f,0xc4,0x00,0x71,0x0d,0x0d,0x00,0x54,0xe0,0xa7,0x40,0xb9,0x1f,0x10,0x04,0x71,
	0xac,0x0c,0x00,0x54,0x80,0x00,0x80,0x52,0xe0,0x5b,0x01,0x79,0x5f,0x00,0x00,0x14,
	0xe2,0x63,0x40,0xb9,0xe0,0x5b,0x41,0x79,0x00,0x04,0x00,0x51,0x01,0x7c,0x40,0x93,
	0xe0,0x03,0x01,0xaa,0x00,0xf8,0x7f,0xd3,0x00,0x00,0x01,0x8b,0x00,0xf4,0x7e,0xd3,
	0xe1,0x93,0x00,0x91,0x20,0x68,0x60,0xb8,0x5f,0x00,0x00,0x6b,0x09,0x0a,0x00,0x54,
	0xe0,0x5b,0x41,0x79,0x1f,0x0c,0x00,0x71,0x08,0x07,0x00,0x54,0xe1,0x5b,0x41,0x79,
	0xe0,0x5b,0x41,0x79,0x02,0x04,0x00,0x51,0x20,0x7c,0x40,0x93,0xe1,0x03,0x00,0xaa,
	0x21,0xf8,0x7f,0xd3,0x21,0x00,0x00,0x8b,0x20,0xf4,0x7e,0xd3,0xe1,0x03,0x00,0xaa,
	0xe3,0x83,0x00,0x91,0x42,0x7c,0x40,0x93,0xe0,0x03,0x02,0xaa,0x00,0xf8,0x7f,0xd3,
	0x00,0x00,0x02,0x8b,0x00,0xf4,0x7e,0xd3,0xe2,0x83,0x00,0x91,0x61,0x00,0x01,0x8b,
	0x40,0x00,0x00,0x8b,0x02,0x00,0x40,0xf9,0x22,0x00,0x00,0xf9,0x00,0x08,0x40,0xb9,
	0x20,0x08,0x00,0xb9,0xe0,0x5b,0x41,0x79,0x00,0x04,0x00,0x51,0x01,0x7c,0x40,0x93,
	0xe0,0x03,0x01,0xaa,0x00,0xf8,0x7f,0xd3,0x00,0x00,0x01,0x8b,0x00,0xf4,0x7e,0xd3,
	0xe1,0x83,0x00,0x91,0x20,0x00,0x00,0x8b,0xe1,0x73,0x01,0x91,0x22,0x00,0x40,0xf9,
	0x02,0x00,0x00,0xf9,0x21,0x08,0x40,0xb9,0x01,0x08,0x00,0xb9,0xe3,0x5b,0x41,0x79,
	0xe0,0x5b,0x41,0x79,0x00,0x04,0x00,0x51,0x00,0x7c,0x40,0x93,0x00,0xf8,0x7f,0xd3,
	0xe1,0x03,0x02,0x91,0x22,0x68,0x60,0x78,0x60,0x7c,0x40,0x93,0x00,0xf8,0x7f,0xd3,
	0xe1,0x03,0x02,0x91,0x22,0x68,0x20,0x78,0xe0,0x5b,0x41,0x79,0x00,0x04,0x00,0x51,
	0x00,0x7c,0x40,0x93,0x00,0xf8,0x7f,0xd3,0xe1,0x03,0x02,0x91,0xe2,0x5f,0x41,0x79,
	0x22,0x68,0x20,0x78,0x16,0x00,0x00,0x14,0xe0,0x5b,0x41,0x79,0x00,0x04,0x00,0x51,
	0x01,0x7c,0x40,0x93,0xe0,0x03,0x01,0xaa,0x00,0xf8,0x7f,0xd3,0x00,0x00,0x01,0x8b,
	0x00,0xf4,0x7e,0xd3,0xe1,0x83,0x00,0x91,0x20,0x00,0x00,0x8b,0xe1,0x73,0x01,0x91,
	0x22,0x00,0x40,0xf9,0x02,0x00,0x00,0xf9,0x21,0x08,0x40,0xb9,0x01,0x08,0x00,0xb9,
	0xe0,0x5b,0x41,0x79,0x00,0x04,0x00,0x51,0x00,0x7c,0x40,0x93,0x00,0xf8,0x7f,0xd3,
	0xe1,0x03,0x02,0x91,0xe2,0x5f,0x41,0x79,0x22,0x68,0x20,0x78,0xe0,0x5b,0x41,0x79,
	0x00,0x04,0x00,0x51,0xe0,0x5b,0x01,0x79,0xe0,0x5b,0x41,0x79,0x1f,0x00,0x00,0x71,
	0x01,0xf4,0xff,0x54,0xe0,0x5f,0x41,0x79,0x00,0x04,0x00,0x11,0xe0,0x5f,0x01,0x79,
	0xe1,0x5f,0x41,0x79,0xe0,0x3b,0x40,0x79,0x00,0x7c,0x01,0x53,0x00,0x3c,0x00,0x12,
	0x00,0x04,0x00,0x51,0x3f,0x00,0x00,0x6b,0x0b,0xea,0xff,0x54,0xff,0x5b,0x01,0x79,
	0x6b,0x00,0x00,0x14,0xe0,0x5b,0x41,0x79,0x00,0x7c,0x40,0x93,0x00,0xf8,0x7f,0xd3,
	0xe1,0x03,0x02,0x91,0x20,0x68,0x60,0x78,0xe0,0x37,0x01,0x79,0xe0,0x37,0x41,0x79,
	0x1f,0x00,0x00,0x71,0x60,0x0a,0x00,0x54,0xe0,0x5b,0x41,0x79,0x01,0x7c,0x40,0x93,
	0xe0,0x03,0x01,0xaa,0x00,0xf8,0x7f,0xd3,0x00,0x00,0x01,0x8b,0x00,0xf4,0x7e,0xd3,
	0xe1,0xa3,0x00,0x91,0x20,0x68,0x60,0xb8,0xe0,0x97,0x00,0xb9,0xe0,0x5b,0x41,0x79,
	0x01,0x7c,0x40,0x93,0xe0,0x03,0x01,0xaa,0x00,0xf8,0x7f,0xd3,0x00,0x00,0x01,0x8b,
	0x00,0xf4,0x7e,0xd3,0xe1,0x83,0x00,0x91,0x20,0x68,0x60,0xb8,0xe0,0x93,0x00,0xb9,
	0xe1,0x3f,0x40,0x79,0xe0,0x03,0x01,0x2a,0x00,0x6c,0x1c,0x53,0x00,0x00,0x01,0x4b,
	0x00,0x64,0x1a,0x53,0xe1,0x03,0x00,0x2a,0xe0,0x3b,0x40,0x79,0x21,0x0c,0xc0,0x1a,
	0xe2,0x97,0x40,0xb9,0xe0,0x93,0x40,0xb9,0x40,0x00,0x00,0x4b,0x22,0x7c,0x00,0x1b,
	0xe0,0x5b,0x41,0x79,0x01,0x7c,0x40,0x93,0xe0,0x03,0x01,0xaa,0x00,0xf8,0x7f,0xd3,
	0x00,0x00,0x01,0x8b,0x00,0xf4,0x7e,0xd3,0xe1,0x93,0x00,0x91,0x20,0x68,0x60,0xb8,
	0x40,0x0c,0xc0,0x1a,0xe0,0x8f,0x00,0xb9,0xe1,0x3f,0x40,0x79,0xe0,0x03,0x01,0x2a,
	0x00,0x6c,0x1c,0x53,0x00,0x00,0x01,0x4b,0x00,0x64,0x1a,0x53,0xe1,0x03,0x00,0x2a,
	0xe0,0x37,0x41,0x79,0x21,0x7c,0x00,0x1b,0xe0,0x3b,0x40,0x79,0x21,0x0c,0xc0,0x1a,
	0xe0,0x8f,0x40,0xb9,0x20,0x00,0x00,0x0b,0x01,0x3c,0x00,0x11,0x1f,0x00,0x00,0x71,
	0x20,0xb0,0x80,0x1a,0x00,0x7c,0x04,0x13,0xe0,0xa7,0x00,0xb9,0xe0,0x5b,0x41,0x79,
	0x00,0xf4,0x7e,0xd3,0xe1,0x07,0x40,0xf9,0x20,0x00,0x00,0x8b,0xe1,0xa7,0x40,0xb9,
	0x01,0x00,0x00,0xb9,0xe0,0x5b,0x41,0x79,0x01,0x7c,0x40,0x93,0xe0,0x03,0x01,0xaa,
	0x00,0xf8,0x7f,0xd3,0x00,0x00,0x01,0x8b,0x00,0xf4,0x7e,0xd3,0xe1,0x93,0x00,0x91,
	0x20,0x68,0x60,0xb8,0xe0,0x8b,0x00,0xb9,0xe0,0x5b,0x41,0x79,0x00,0x10,0x00,0x11,
	0x00,0x7c,0x40,0x93,0x00,0xf4,0x7e,0xd3,0xe1,0x07,0x40,0xf9,0x20,0x00,0x00,0x8b,
	0xe1,0x8b,0x40,0xb9,0x21,0x7c,0x06,0x53,0x01,0x00,0x00,0xb9,0x0d,0x00,0x00,0x14,
	0xe0,0x5b,0x41,0x79,0x00,0xf4,0x7e,0xd3,0xe1,0x07,0x40,0xf9,0x20,0x00,0x00,0x8b,
	0x1f,0x00,0x00,0xb9,0xe0,0x5b,0x41,0x79,0x00,0x10,0x00,0x11,0x00,0x7c,0x40,0x93,
	0x00,0xf4,0x7e,0xd3,0xe1,0x07,0x40,0xf9,0x20,0x00,0x00,0x8b,0x1f,0x00,0x00,0xb9,
	0xe0,0x5b,0x41,0x79,0x00,0x04,0x00,0x11,0xe0,0x5b,0x01,0x79,0xe0,0x5b,0x41,0x79,
	0x1f,0x0c,0x00,0x71,0x89,0xf2,0xff,0x54,0x1f,0x20,0x03,0xd5,0xff,0xc3,0x02,0x91,
	0xc0,0x03,0x5f,0xd6,0xff,0xc3,0x00,0xd1,0xe0,0x1f,0x00,0x79,0xff,0x5f,0x00,0x79,
	0xff,0x2b,0x00,0xb9,0xff,0x27,0x00,0xb9,0xff,0x23,0x00,0xb9,0xe0,0x1f,0x40,0x79,
	0xe0,0x2b,0x00,0xb9,0x20,0x76,0x00,0xd0,0x00,0xa0,0x2d,0x91,0x00,0x04,0x40,0xb9,
	0xe1,0x2b,0x40,0xb9,0x20,0x00,0x00,0x4b,0xe0,0x27,0x00,0xb9,0x20,0x76,0x00,0xd0,
	0x00,0xa0,0x2d,0x91,0x01,0x00,0x40,0xb9,0x20,0x76,0x00,0xd0,0x00,0xa0,0x2d,0x91,
	0x01,0x04,0x00,0xb9,0x20,0x76,0x00,0xd0,0x00,0xa0,0x2d,0x91,0xe1,0x2b,0x40,0xb9,
	0x01,0x00,0x00,0xb9,0x20,0x76,0x00,0xd0,0x00,0xa0,0x2d,0x91,0x01,0x08,0x40,0xb9,
	0x00,0x0d,0x80,0x12,0x21,0x7c,0x00,0x1b,0x20,0x76,0x00,0xd0,0x00,0xa0,0x2d,0x91,
	0x02,0x0c,0x40,0xb9,0xc0,0x05,0x80,0x52,0x40,0x7c,0x00,0x1b,0x20,0x00,0x00,0x0b,
	0x00,0x7c,0x06,0x13,0xe1,0x27,0x40,0xb9,0x21,0x00,0x00,0x4b,0x20,0x76,0x00,0xd0,
	0x00,0xa0,0x2d,0x91,0x01,0x10,0x00,0xb9,0x20,0x76,0x00,0xd0,0x00,0xa0,0x2d,0x91,
	0x01,0x08,0x40,0xb9,0x20,0x76,0x00,0xd0,0x00,0xa0,0x2d,0x91,0x01,0x0c,0x00,0xb9,
	0x20,0x76,0x00,0xd0,0x00,0xa0,0x2d,0x91,0x01,0x10,0x40,0xb9,0x20,0x76,0x00,0xd0,
	0x00,0xa0,0x2d,0x91,0x01,0x08,0x00,0xb9,0x20,0x76,0x00,0xd0,0x00,0xa0,0x2d,0x91,
	0x01,0x10,0x40,0xb9,0x20,0x76,0x00,0xd0,0x00,0xa0,0x2d,0x91,0x00,0x18,0x40,0xb9,
	0x20,0x00,0x00,0x4b,0xe0,0x23,0x00,0xb9,0x20,0x76,0x00,0xd0,0x00,0xa0,0x2d,0x91,
	0x01,0x14,0x40,0xb9,0x20,0x76,0x00,0xd0,0x00,0xa0,0x2d,0x91,0x01,0x18,0x00,0xb9,
	0x20,0x76,0x00,0xd0,0x00,0xa0,0x2d,0x91,0x01,0x10,0x40,0xb9,0x20,0x76,0x00,0xd0,
	0x00,0xa0,0x2d,0x91,0x01,0x14,0x00,0xb9,0x20,0x76,0x00,0xd0,0x00,0xa0,0x2d,0x91,
	0x01,0x1c,0x40,0xb9,0x00,0x00,0x80,0x52,0x00,0x00,0x01,0x4b,0x00,0x70,0x1d,0x53,
	0xe2,0x03,0x00,0x2a,0x20,0x76,0x00,0xd0,0x00,0xa0,0x2d,0x91,0x01,0x20,0x40,0xb9,
	0xe0,0x03,0x01,0x2a,0x00,0x6c,0x1c,0x53,0x00,0x00,0x01,0x0b,0x40,0x00,0x00,0x0b,
	0x00,0x7c,0x06,0x13,0xe1,0x23,0x40,0xb9,0x21,0x00,0x00,0x4b,0x20,0x76,0x00,0xd0,
	0x00,0xa0,0x2d,0x91,0x01,0x24,0x00,0xb9,0x20,0x76,0x00,0xd0,0x00,0xa0,0x2d,0x91,
	0x01,0x1c,0x40,0xb9,0x20,0x76,0x00,0xd0,0x00,0xa0,0x2d,0x91,0x01,0x20,0x00,0xb9,
	0x20,0x76,0x00,0xd0,0x00,0xa0,0x2d,0x91,0x01,0x24,0x40,0xb9,0x20,0x76,0x00,0xd0,
	0x00,0xa0,0x2d,0x91,0x01,0x1c,0x00,0xb9,0x20,0x76,0x00,0xd0,0x00,0xa0,0x2d,0x91,
	0x00,0x24,0x40,0xb9,0x00,0x7c,0x40,0x93,0x1f,0x00,0x00,0xf1,0x00,0xa4,0x80,0xda,
	0xe0,0x1f,0x00,0xb9,0xe1,0x1f,0x40,0xb9,0xe0,0xff,0x8f,0x52,0x3f,0x00,0x00,0x6b,
	0x89,0x01,0x00,0x54,0x20,0x76,0x00,0xd0,0x00,0xa0,0x2d,0x91,0x00,0x24,0x40,0xb9,
	0x1f,0x00,0x00,0x71,0x8a,0x00,0x00,0x54,0xe0,0xff,0x8f,0x12,0xe0,0x5f,0x00,0x79,
	0x08,0x00,0x00,0x14,0xe0,0xff,0x8f,0x52,0xe0,0x5f,0x00,0x79,0x05,0x00,0x00,0x14,
	0x20,0x76,0x00,0xd0,0x00,0xa0,0x2d,0x91,0x00,0x24,0x40,0xb9,0xe0,0x5f,0x00,0x79,
	0xe0,0x5f,0xc0,0x79,0xff,0xc3,0x00,0x91,0xc0,0x03,0x5f,0xd6,0xfd,0x7b,0xbb,0xa9,
	0xfd,0x03,0x00,0x91,0xf3,0x0b,0x00,0xf9,0xa0,0xff,0x00,0x39,0xa1,0x1b,0x00,0xf9,
	0xa2,0x17,0x00,0xf9,0xbf,0x9f,0x00,0x79,0xbf,0x9b,0x00,0x79,0xbf,0x1f,0x01,0x39,
	0xbf,0x9f,0x00,0x79,0x20,0x76,0x00,0xd0,0x00,0x84,0x2b,0x91,0x1f,0x00,0x00,0x39,
	0x35,0x00,0x00,0x14,0x20,0x76,0x00,0xd0,0x00,0x80,0x2b,0x91,0x00,0x00,0x40,0x39,
	0x1f,0x08,0x00,0x71,0x09,0x01,0x00,0x54,0xa0,0x9f,0x40,0x79,0x00,0x04,0x00,0x11,
	0xa0,0x9f,0x00,0x79,0x20,0x76,0x00,0xd0,0x00,0x80,0x2b,0x91,0x1f,0x00,0x00,0x39,
	0x09,0x00,0x00,0x14,0x20,0x76,0x00,0xd0,0x00,0x80,0x2b,0x91,0x00,0x00,0x40,0x39,
	0x00,0x04,0x00,0x11,0x01,0x1c,0x00,0x12,0x20,0x76,0x00,0xd0,0x00,0x80,0x2b,0x91,
	0x01,0x00,0x00,0x39,0xa0,0xff,0x40,0x39,0x00,0x3c,0x00,0x12,0xa1,0x9f,0x40,0x79,
	0x3f,0x00,0x00,0x6b,0x22,0x04,0x00,0x54,0xa0,0x9f,0x40,0x79,0x1f,0xfc,0x00,0x71,
	0xc8,0x03,0x00,0x54,0x20,0x76,0x00,0xd0,0x00,0x84,0x2b,0x91,0x00,0x00,0x40,0x39,
	0xe3,0x03,0x00,0x2a,0xa0,0x9f,0x40,0x79,0x00,0xf8,0x7f,0xd3,0xa1,0x1b,0x40,0xf9,
	0x20,0x00,0x00,0x8b,0x02,0x00,0x40,0x79,0x20,0x76,0x00,0xd0,0x00,0x80,0x3b,0x91,
	0x61,0x7c,0x40,0x93,0x02,0x78,0x21,0x78,0x20,0x76,0x00,0xd0,0x00,0x84,0x2b,0x91,
	0x00,0x00,0x40,0x39,0x00,0x04,0x00,0x11,0x01,0x1c,0x00,0x12,0x20,0x76,0x00,0xd0,
	0x00,0x84,0x2b,0x91,0x01,0x00,0x00,0x39,0xa0,0x9f,0x40,0x79,0x00,0x04,0x00,0x11,
	0xa0,0x9f,0x00,0x79,0xa0,0xff,0x40,0x39,0x00,0x3c,0x00,0x12,0xa1,0x9f,0x40,0x79,
	0x3f,0x00,0x00,0x6b,0x03,0xf9,0xff,0x54,0x40,0x76,0x00,0xb0,0x00,0x60,0x05,0x91,
	0x00,0x00,0x40,0x79,0x1f,0x08,0x00,0x71,0xc8,0x05,0x00,0x54,0xbf,0x9b,0x00,0x79,
	0xbf,0x4b,0x00,0xb9,0x23,0x00,0x00,0x14,0xa1,0x9b,0x40,0x79,0x20,0x76,0x00,0xd0,
	0x00,0x80,0x3b,0x91,0x21,0x7c,0x40,0x93,0x00,0x78,0x61,0x78,0xa0,0x8b,0x00,0x79,
	0xa0,0x9b,0x40,0x79,0x1f,0x00,0x00,0x71,0x80,0x02,0x00,0x54,0xa1,0x9b,0x40,0x79,
	0x20,0x76,0x00,0xd0,0x00,0x80,0x3b,0x91,0x21,0x7c,0x40,0x93,0x00,0x78,0x61,0x78,
	0xe2,0x03,0x00,0x2a,0xa0,0x9b,0x40,0x79,0x01,0x04,0x00,0x51,0x20,0x76,0x00,0xd0,
	0x00,0x80,0x3b,0x91,0x21,0x7c,0x40,0x93,0x00,0x78,0x61,0x78,0x40,0x00,0x00,0x4b,
	0x1f,0x00,0x00,0x71,0x00,0xa4,0x80,0x5a,0xe1,0x03,0x00,0x2a,0xa0,0x4b,0x40,0xb9,
	0x00,0x00,0x01,0x0b,0xa0,0x4b,0x00,0xb9,0xa0,0x8b,0x40,0x79,0x0e,0xff,0xff,0x97,
	0xa0,0x87,0x00,0x79,0xa0,0x9b,0x40,0x79,0x00,0x04,0x00,0x11,0xa0,0x9b,0x00,0x79,
	0x20,0x76,0x00,0xd0,0x00,0x84,0x2b,0x91,0x00,0x00,0x40,0x39,0x00,0x3c,0x00,0x12,
	0xa1,0x9b,0x40,0x79,0x3f,0x00,0x00,0x6b,0x03,0xfb,0xff,0x54,0x57,0x00,0x00,0x14,
	0xbf,0x9f,0x00,0x79,0x13,0x00,0x00,0x14,0xa0,0x9f,0x40,0x79,0x00,0xf8,0x7f,0xd3,
	0xa1,0x17,0x40,0xf9,0x20,0x00,0x00,0x8b,0xa1,0x9f,0x40,0x79,0x22,0x76,0x00,0xd0,
	0x42,0x84,0x2b,0x91,0x42,0x00,0x40,0x39,0x21,0x00,0x02,0x0b,0x21,0x7c,0x40,0x93,
	0x21,0xf8,0x7f,0xd3,0xa2,0x17,0x40,0xf9,0x41,0x00,0x01,0x8b,0x21,0x00,0xc0,0x79,
	0x01,0x00,0x00,0x79,0xa0,0x9f,0x40,0x79,0x00,0x04,0x00,0x11,0xa0,0x9f,0x00,0x79,
	0xa1,0x9f,0x40,0x79,0x20,0x76,0x00,0xd0,0x00,0x84,0x2b,0x91,0x00,0x00,0x40,0x39,
	0xe2,0x03,0x00,0x2a,0x00,0x10,0x80,0x52,0x00,0x00,0x02,0x4b,0x3f,0x00,0x00,0x6b,
	0xcb,0xfc,0xff,0x54,0xbf,0x9b,0x00,0x79,0xbf,0x4b,0x00,0xb9,0x30,0x00,0x00,0x14,
	0xa1,0x9b,0x40,0x79,0x20,0x76,0x00,0xd0,0x00,0x80,0x3b,0x91,0x21,0x7c,0x40,0x93,
	0x00,0x78,0x61,0x78,0xa0,0x8b,0x00,0x79,0xa0,0x9b,0x40,0x79,0x1f,0x00,0x00,0x71,
	0x80,0x02,0x00,0x54,0xa1,0x9b,0x40,0x79,0x20,0x76,0x00,0xd0,0x00,0x80,0x3b,0x91,
	0x21,0x7c,0x40,0x93,0x00,0x78,0x61,0x78,0xe2,0x03,0x00,0x2a,0xa0,0x9b,0x40,0x79,
	0x01,0x04,0x00,0x51,0x20,0x76,0x00,0xd0,0x00,0x80,0x3b,0x91,0x21,0x7c,0x40,0x93,
	0x00,0x78,0x61,0x78,0x40,0x00,0x00,0x4b,0x1f,0x00,0x00,0x71,0x00,0xa4,0x80,0x5a,
	0xe1,0x03,0x00,0x2a,0xa0,0x4b,0x40,0xb9,0x00,0x00,0x01,0x0b,0xa0,0x4b,0x00,0xb9,
	0x20,0x76,0x00,0xd0,0x00,0x84,0x2b,0x91,0x00,0x00,0x40,0x39,0xe1,0x03,0x00,0x2a,
	0x00,0x10,0x80,0x52,0x01,0x00,0x01,0x4b,0xa0,0x9b,0x40,0x79,0x20,0x00,0x00,0x0b,
	0x00,0x7c,0x40,0x93,0x00,0xf8,0x7f,0xd3,0xa1,0x17,0x40,0xf9,0x33,0x00,0x00,0x8b,
	0xa0,0x8b,0x40,0x79,0xb8,0xfe,0xff,0x97,0x00,0x3c,0x00,0x13,0x60,0x02,0x00,0x79,
	0xa0,0x9b,0x40,0x79,0x00,0x04,0x00,0x11,0xa0,0x9b,0x00,0x79,0x20,0x76,0x00,0xd0,
	0x00,0x84,0x2b,0x91,0x00,0x00,0x40,0x39,0x00,0x3c,0x00,0x12,0xa1,0x9b,0x40,0x79,
	0x3f,0x00,0x00,0x6b,0x63,0xf9,0xff,0x54,0x20,0x76,0x00,0xd0,0x00,0x84,0x2b,0x91,
	0x00,0x00,0x40,0x39,0x1f,0x04,0x00,0x71,0xa9,0x01,0x00,0x54,0xa1,0x4b,0x40,0xb9,
	0x60,0x05,0x80,0x52,0x20,0x7c,0x00,0x1b,0x21,0x76,0x00,0xd0,0x21,0x84,0x2b,0x91,
	0x21,0x00,0x40,0x39,0x21,0x04,0x00,0x51,0x01,0x08,0xc1,0x1a,0x60,0x77,0x00,0xd0,
	0x00,0x80,0x1a,0x91,0x01,0x00,0x00,0xb9,0x05,0x00,0x00,0x14,0x60,0x77,0x00,0xd0,
	0x00,0x80,0x1a,0x91,0x21,0x00,0x80,0x52,0x01,0x00,0x00,0xb9,0xbf,0x9f,0x00,0x79,
	0x0f,0x00,0x00,0x14,0xa3,0x9f,0x40,0x79,0xa0,0x9f,0x40,0x79,0x01,0x04,0x00,0x11,
	0x40,0x76,0x00,0xb0,0x00,0x40,0x03,0x91,0x21,0x7c,0x40,0x93,0x02,0x78,0x61,0x78,
	0x40,0x76,0x00,0xb0,0x00,0x40,0x03,0x91,0x61,0x7c,0x40,0x93,0x02,0x78,0x21,0x78,
	0xa0,0x9f,0x40,0x79,0x00,0x04,0x00,0x11,0xa0,0x9f,0x00,0x79,0xa0,0x9f,0x40,0x79,
	0x1f,0x08,0x00,0x71,0x09,0xfe,0xff,0x54,0x60,0x77,0x00,0xd0,0x00,0x80,0x1a,0x91,
	0x01,0x00,0x40,0xb9,0xc0,0xff,0x9f,0x52,0x3f,0x00,0x00,0x6b,0xc9,0x00,0x00,0x54,
	0x40,0x76,0x00,0xb0,0x00,0x40,0x03,0x91,0x01,0x00,0x80,0x12,0x01,0x0c,0x00,0x79,
	0x08,0x00,0x00,0x14,0x60,0x77,0x00,0xd0,0x00,0x80,0x1a,0x91,0x00,0x00,0x40,0xb9,
	0x01,0x3c,0x00,0x12,0x40,0x76,0x00,0xb0,0x00,0x40,0x03,0x91,0x01,0x0c,0x00,0x79,
	0xbf,0x9f,0x00,0x79,0x40,0x76,0x00,0xb0,0x00,0xa0,0x03,0x91,0x1f,0x00,0x00,0x79,
	0x13,0x00,0x00,0x14,0xa1,0x9f,0x40,0x79,0x40,0x76,0x00,0xb0,0x00,0x40,0x03,0x91,
	0x21,0x7c,0x40,0x93,0x00,0x78,0x61,0x78,0x00,0x7c,0x02,0x53,0x01,0x3c,0x00,0x12,
	0x40,0x76,0x00,0xb0,0x00,0xa0,0x03,0x91,0x00,0x00,0x40,0x79,0x20,0x00,0x00,0x0b,
	0x01,0x3c,0x00,0x12,0x40,0x76,0x00,0xb0,0x00,0xa0,0x03,0x91,0x01,0x00,0x00,0x79,
	0xa0,0x9f,0x40,0x79,0x00,0x04,0x00,0x11,0xa0,0x9f,0x00,0x79,0xa0,0x9f,0x40,0x79,
	0x1f,0x0c,0x00,0x71,0x89,0xfd,0xff,0x54,0x60,0x77,0x00,0xd0,0x00,0x80,0x1a,0x91,
	0x00,0x00,0x40,0xb9,0x1f,0x0c,0x27,0x71,0xe9,0x01,0x00,0x54,0x40,0x76,0x00,0xb0,
	0x00,0xa0,0x04,0x91,0x00,0x00,0x40,0x39,0x1f,0x1c,0x00,0x71,0x68,0x03,0x00,0x54,
	0x40,0x76,0x00,0xb0,0x00,0xa0,0x04,0x91,0x00,0x00,0x40,0x39,0x00,0x10,0x00,0x11,
	0x01,0x1c,0x00,0x12,0x40,0x76,0x00,0xb0,0x00,0xa0,0x04,0x91,0x01,0x00,0x00,0x39,
	0x12,0x00,0x00,0x14,0x40,0x76,0x00,0xb0,0x00,0xa0,0x04,0x91,0x00,0x00,0x40,0x39,
	0x1f,0x00,0x00,0x71,0x40,0x01,0x00,0x54,0x40,0x76,0x00,0xb0,0x00,0xa0,0x04,0x91,
	0x00,0x00,0x40,0x39,0x00,0x04,0x00,0x51,0x01,0x1c,0x00,0x12,0x40,0x76,0x00,0xb0,
	0x00,0xa0,0x04,0x91,0x01,0x00,0x00,0x39,0x04,0x00,0x00,0x14,0x40,0x76,0x00,0xb0,
	0x00,0x18,0x04,0x91,0x1f,0x00,0x00,0x39,0x40,0x76,0x00,0xb0,0x00,0x10,0x04,0x91,
	0x00,0x00,0x40,0x39,0x1f,0x00,0x00,0x71,0x01,0x08,0x00,0x54,0x60,0x77,0x00,0xd0,
	0x00,0x80,0x1a,0x91,0x00,0x00,0x40,0xb9,0x1f,0xe0,0x2e,0x71,0x29,0x05,0x00,0x54,
	0x60,0x77,0x00,0xd0,0x00,0xf0,0x19,0x91,0x00,0x00,0x40,0x39,0x00,0x04,0x00,0x11,
	0x01,0x1c,0x00,0x12,0x60,0x77,0x00,0xd0,0x00,0xf0,0x19,0x91,0x01,0x00,0x00,0x39,
	0x60,0x77,0x00,0xd0,0x00,0xf0,0x19,0x91,0x00,0x00,0x40,0x39,0x1f,0x14,0x00,0x71,
	0x89,0x0b,0x00,0x54,0x20,0x76,0x00,0xd0,0x00,0xa8,0x2b,0x91,0x00,0x00,0x40,0x39,
	0x1f,0x00,0x00,0x71,0x61,0x01,0x00,0x54,0x40,0x76,0x00,0xb0,0x00,0xe0,0x04,0x91,
	0x01,0x0a,0x80,0x52,0x01,0x00,0x00,0x79,0x40,0x76,0x00,0xb0,0x00,0xe0,0x04,0x91,
	0x01,0x00,0x40,0x79,0x40,0x76,0x00,0xb0,0x00,0xb8,0x01,0x91,0x01,0x00,0x00,0x79,
	0x60,0x77,0x00,0xd0,0x00,0xf0,0x19,0x91,0x1f,0x00,0x00,0x39,0x40,0x76,0x00,0xb0,
	0x00,0x10,0x04,0x91,0x21,0x00,0x80,0x52,0x01,0x00,0x00,0x39,0x60,0x55,0x00,0x90,
	0x00,0xa0,0x0f,0x91,0xa1,0x00,0x80,0x52,0x01,0x00,0x00,0x39,0x41,0x00,0x00,0x14,
	0x60,0x77,0x00,0xd0,0x00,0xf0,0x19,0x91,0x00,0x00,0x40,0x39,0x1f,0x04,0x00,0x71,
	0x49,0x01,0x00,0x54,0x60,0x77,0x00,0xd0,0x00,0xf0,0x19,0x91,0x00,0x00,0x40,0x39,
	0x00,0x08,0x00,0x51,0x01,0x1c,0x00,0x12,0x60,0x77,0x00,0xd0,0x00,0xf0,0x19,0x91,
	0x01,0x00,0x00,0x39,0x33,0x00,0x00,0x14,0x60,0x77,0x00,0xd0,0x00,0xf0,0x19,0x91,
	0x1f,0x00,0x00,0x39,0x2f,0x00,0x00,0x14,0x60,0x77,0x00,0xd0,0x00,0x80,0x1a,0x91,
	0x00,0x00,0x40,0xb9,0x1f,0xe0,0x2e,0x71,0x28,0x03,0x00,0x54,0x60,0x77,0x00,0xd0,
	0x00,0xd0,0x19,0x91,0x00,0x00,0x40,0x39,0x00,0x04,0x00,0x11,0x01,0x1c,0x00,0x12,
	0x60,0x77,0x00,0xd0,0x00,0xd0,0x19,0x91,0x01,0x00,0x00,0x39,0x60,0x77,0x00,0xd0,
	0x00,0xd0,0x19,0x91,0x00,0x00,0x40,0x39,0x1f,0x0c,0x00,0x71,0xa9,0x03,0x00,0x54,
	0x60,0x77,0x00,0xd0,0x00,0xd0,0x19,0x91,0x1f,0x00,0x00,0x39,0x40,0x76,0x00,0xb0,
	0x00,0x10,0x04,0x91,0x1f,0x00,0x00,0x39,0x60,0x55,0x00,0x90,0x00,0xa0,0x0f,0x91,
	0x41,0x00,0x80,0x52,0x01,0x00,0x00,0x39,0x12,0x00,0x00,0x14,0x60,0x77,0x00,0xd0,
	0x00,0xd0,0x19,0x91,0x00,0x00,0x40,0x39,0x1f,0x04,0x00,0x71,0x49,0x01,0x00,0x54,
	0x60,0x77,0x00,0xd0,0x00,0xd0,0x19,0x91,0x00,0x00,0x40,0x39,0x00,0x08,0x00,0x51,
	0x01,0x1c,0x00,0x12,0x60,0x77,0x00,0xd0,0x00,0xd0,0x19,0x91,0x01,0x00,0x00,0x39,
	0x04,0x00,0x00,0x14,0x60,0x77,0x00,0xd0,0x00,0xd0,0x19,0x91,0x1f,0x00,0x00,0x39,
	0x20,0x00,0x80,0x52,0xa0,0x1f,0x01,0x39,0xa0,0x1f,0x41,0x39,0xf3,0x0b,0x40,0xf9,
	0xfd,0x7b,0xc5,0xa8,0xc0,0x03,0x5f,0xd6,0xff,0x83,0x00,0xd1,0xe0,0x0f,0x00,0xb9,
	0xe1,0x0b,0x00,0xb9,0xff,0x1f,0x00,0xb9,0xff,0x1b,0x00,0xb9,0xff,0x17,0x00,0xb9,
	0xff,0x13,0x00,0xb9,0xe0,0x0b,0x40,0xb9,0xe0,0x1f,0x00,0xb9,0x40,0x76,0x00,0xb0,
	0x00,0xb0,0x13,0x91,0x00,0x00,0x40,0xb9,0xe1,0x1f,0x40,0xb9,0x20,0x00,0x00,0x4b,
	0x1f,0x00,0x00,0x71,0x00,0xa4,0x80,0x5a,0x1f,0xb0,0x36,0x71,0xad,0x01,0x00,0x54,
	0x40,0x76,0x00,0xb0,0x00,0xc0,0x13,0x91,0x01,0x00,0x40,0xb9,0xe0,0x1f,0x40,0xb9,
	0x21,0x00,0x00,0x0b,0x40,0x76,0x00,0xb0,0x00,0xb0,0x13,0x91,0x00,0x00,0x40,0xb9,
	0x21,0x00,0x00,0x4b,0x40,0x76,0x00,0xb0,0x00,0xc0,0x13,0x91,0x01,0x00,0x00,0xb9,
	0x40,0x76,0x00,0xb0,0x00,0xc0,0x13,0x91,0x00,0x00,0x40,0xb9,0xe1,0x1f,0x40,0xb9,
	0x20,0x00,0x00,0x4b,0xe0,0x1f,0x00,0xb9,0xe0,0x0f,0x40,0xb9,0x1f,0x1c,0x00,0x71,
	0x21,0x13,0x00,0x54,0x20,0x76,0x00,0xd0,0x00,0xc0,0x2b,0x91,0x00,0x04,0x40,0xb9,
	0xe1,0x1f,0x40,0xb9,0x20,0x00,0x00,0x4b,0xe0,0x1b,0x00,0xb9,0x20,0x76,0x00,0xd0,
	0x00,0xc0,0x2b,0x91,0x01,0x00,0x40,0xb9,0x20,0x76,0x00,0xd0,0x00,0xc0,0x2b,0x91,
	0x01,0x04,0x00,0xb9,0x20,0x76,0x00,0xd0,0x00,0xc0,0x2b,0x91,0xe1,0x1f,0x40,0xb9,
	0x01,0x00,0x00,0xb9,0x60,0x77,0x00,0xd0,0x00,0x90,0x1a,0x91,0x00,0x00,0x40,0xb9,
	0x1f,0x0c,0x00,0x71,0x61,0x02,0x00,0x54,0x20,0x76,0x00,0xd0,0x00,0xc0,0x2b,0x91,
	0x01,0x08,0x40,0xb9,0x20,0x0d,0x80,0x12,0x21,0x7c,0x00,0x1b,0x20,0x76,0x00,0xd0,
	0x00,0xc0,0x2b,0x91,0x02,0x0c,0x40,0xb9,0xe0,0x05,0x80,0x52,0x40,0x7c,0x00,0x1b,
	0x20,0x00,0x00,0x0b,0x00,0x7c,0x06,0x13,0xe1,0x1b,0x40,0xb9,0x21,0x00,0x00,0x4b,
	0x20,0x76,0x00,0xd0,0x00,0xc0,0x2b,0x91,0x01,0x10,0x00,0xb9,0x12,0x00,0x00,0x14,
	0x20,0x76,0x00,0xd0,0x00,0xc0,0x2b,0x91,0x01,0x08,0x40,0xb9,0x80,0x0d,0x80,0x12,
	0x21,0x7c,0x00,0x1b,0x20,0x76,0x00,0xd0,0x00,0xc0,0x2b,0x91,0x02,0x0c,0x40,0xb9,
	0x20,0x06,0x80,0x52,0x40,0x7c,0x00,0x1b,0x20,0x00,0x00,0x0b,0x00,0x7c,0x06,0x13,
	0xe1,0x1b,0x40,0xb9,0x21,0x00,0x00,0x4b,0x20,0x76,0x00,0xd0,0x00,0xc0,0x2b,0x91,
	0x01,0x10,0x00,0xb9,0x20,0x76,0x00,0xd0,0x00,0xc0,0x2b,0x91,0x01,0x08,0x40,0xb9,
	0x20,0x76,0x00,0xd0,0x00,0xc0,0x2b,0x91,0x01,0x0c,0x00,0xb9,0x20,0x76,0x00,0xd0,
	0x00,0xc0,0x2b,0x91,0x01,0x10,0x40,0xb9,0x20,0x76,0x00,0xd0,0x00,0xc0,0x2b,0x91,
	0x01,0x08,0x00,0xb9,0x20,0x76,0x00,0xd0,0x00,0xc0,0x2b,0x91,0x01,0x10,0x40,0xb9,
	0x20,0x76,0x00,0xd0,0x00,0xc0,0x2b,0x91,0x00,0x18,0x40,0xb9,0x20,0x00,0x00,0x4b,
	0xe0,0x17,0x00,0xb9,0x20,0x76,0x00,0xd0,0x00,0xc0,0x2b,0x91,0x01,0x14,0x40,0xb9,
	0x20,0x76,0x00,0xd0,0x00,0xc0,0x2b,0x91,0x01,0x18,0x00,0xb9,0x20,0x76,0x00,0xd0,
	0x00,0xc0,0x2b,0x91,0x01,0x10,0x40,0xb9,0x20,0x76,0x00,0xd0,0x00,0xc0,0x2b,0x91,
	0x01,0x14,0x00,0xb9,0x60,0x77,0x00,0xd0,0x00,0x90,0x1a,0x91,0x00,0x00,0x40,0xb9,
	0x1f,0x0c,0x00,0x71,0x61,0x02,0x00,0x54,0x20,0x76,0x00,0xd0,0x00,0xc0,0x2b,0x91,
	0x01,0x1c,0x40,0xb9,0xa0,0x02,0x80,0x12,0x21,0x7c,0x00,0x1b,0x20,0x76,0x00,0xd0,
	0x00,0xc0,0x2b,0x91,0x02,0x20,0x40,0xb9,0x60,0x02,0x80,0x52,0x40,0x7c,0x00,0x1b,
	0x20,0x00,0x00,0x0b,0x00,0x7c,0x06,0x13,0xe1,0x17,0x40,0xb9,0x21,0x00,0x00,0x4b,
	0x20,0x76,0x00,0xd0,0x00,0xc0,0x2b,0x91,0x01,0x24,0x00,0xb9,0x14,0x00,0x00,0x14,
	0x20,0x76,0x00,0xd0,0x00,0xc0,0x2b,0x91,0x00,0x1c,0x40,0xb9,0xe1,0x03,0x00,0x2a,
	0x00,0x64,0x1a,0x53,0x22,0x00,0x00,0x4b,0x20,0x76,0x00,0xd0,0x00,0xc0,0x2b,0x91,
	0x01,0x20,0x40,0xb9,0xe0,0x03,0x01,0x2a,0x00,0x68,0x1b,0x53,0x00,0x00,0x01,0x4b,
	0x40,0x00,0x00,0x0b,0x00,0x7c,0x06,0x13,0xe1,0x17,0x40,0xb9,0x21,0x00,0x00,0x4b,
	0x20,0x76,0x00,0xd0,0x00,0xc0,0x2b,0x91,0x01,0x24,0x00,0xb9,0x20,0x76,0x00,0xd0,
	0x00,0xc0,0x2b,0x91,0x01,0x1c,0x40,0xb9,0x20,0x76,0x00,0xd0,0x00,0xc0,0x2b,0x91,
	0x01,0x20,0x00,0xb9,0x20,0x76,0x00,0xd0,0x00,0xc0,0x2b,0x91,0x01,0x24,0x40,0xb9,
	0x20,0x76,0x00,0xd0,0x00,0xc0,0x2b,0x91,0x01,0x1c,0x00,0xb9,0x20,0x76,0x00,0xd0,
	0x00,0xc0,0x2b,0x91,0x00,0x24,0x40,0xb9,0xe0,0x13,0x00,0xb9,0x40,0x76,0x00,0xb0,
	0x00,0xb0,0x13,0x91,0xe1,0x0b,0x40,0xb9,0x01,0x00,0x00,0xb9,0xe0,0x13,0x40,0xb9,
	0x9b,0x00,0x00,0x14,0x20,0x76,0x00,0xd0,0x00,0xc0,0x2b,0x91,0x00,0x04,0x40,0xb9,
	0xe1,0x1f,0x40,0xb9,0x20,0x00,0x00,0x4b,0xe0,0x1b,0x00,0xb9,0x20,0x76,0x00,0xd0,
	0x00,0xc0,0x2b,0x91,0x01,0x00,0x40,0xb9,0x20,0x76,0x00,0xd0,0x00,0xc0,0x2b,0x91,
	0x01,0x04,0x00,0xb9,0x20,0x76,0x00,0xd0,0x00,0xc0,0x2b,0x91,0xe1,0x1f,0x40,0xb9,
	0x01,0x00,0x00,0xb9,0x60,0x77,0x00,0xd0,0x00,0x90,0x1a,0x91,0x00,0x00,0x40,0xb9,
	0x1f,0x0c,0x00,0x71,0x61,0x02,0x00,0x54,0x20,0x76,0x00,0xd0,0x00,0xc0,0x2b,0x91,
	0x01,0x08,0x40,0xb9,0x00,0x0d,0x80,0x12,0x21,0x7c,0x00,0x1b,0x20,0x76,0x00,0xd0,
	0x00,0xc0,0x2b,0x91,0x02,0x0c,0x40,0xb9,0xc0,0x05,0x80,0x52,0x40,0x7c,0x00,0x1b,
	0x20,0x00,0x00,0x0b,0x00,0x7c,0x06,0x13,0xe1,0x1b,0x40,0xb9,0x21,0x00,0x00,0x4b,
	0x20,0x76,0x00,0xd0,0x00,0xc0,0x2b,0x91,0x01,0x10,0x00,0xb9,0x12,0x00,0x00,0x14,
	0x20,0x76,0x00,0xd0,0x00,0xc0,0x2b,0x91,0x01,0x08,0x40,0xb9,0x80,0x0d,0x80,0x12,
	0x21,0x7c,0x00,0x1b,0x20,0x76,0x00,0xd0,0x00,0xc0,0x2b,0x91,0x02,0x0c,0x40,0xb9,
	0x20,0x06,0x80,0x52,0x40,0x7c,0x00,0x1b,0x20,0x00,0x00,0x0b,0x00,0x7c,0x06,0x13,
	0xe1,0x1b,0x40,0xb9,0x21,0x00,0x00,0x4b,0x20,0x76,0x00,0xd0,0x00,0xc0,0x2b,0x91,
	0x01,0x10,0x00,0xb9,0x20,0x76,0x00,0xd0,0x00,0xc0,0x2b,0x91,0x01,0x08,0x40,0xb9,
	0x20,0x76,0x00,0xd0,0x00,0xc0,0x2b,0x91,0x01,0x0c,0x00,0xb9,0x20,0x76,0x00,0xd0,
	0x00,0xc0,0x2b,0x91,0x01,0x10,0x40,0xb9,0x20,0x76,0x00,0xd0,0x00,0xc0,0x2b,0x91,
	0x01,0x08,0x00,0xb9,0x20,0x76,0x00,0xd0,0x00,0xc0,0x2b,0x91,0x01,0x10,0x40,0xb9,
	0x20,0x76,0x00,0xd0,0x00,0xc0,0x2b,0x91,0x00,0x18,0x40,0xb9,0x20,0x00,0x00,0x4b,
	0xe0,0x17,0x00,0xb9,0x20,0x76,0x00,0xd0,0x00,0xc0,0x2b,0x91,0x01,0x14,0x40,0xb9,
	0x20,0x76,0x00,0xd0,0x00,0xc0,0x2b,0x91,0x01,0x18,0x00,0xb9,0x20,0x76,0x00,0xd0,
	0x00,0xc0,0x2b,0x91,0x01,0x10,0x40,0xb9,0x20,0x76,0x00,0xd0,0x00,0xc0,0x2b,0x91,
	0x01,0x14,0x00,0xb9,0x60,0x77,0x00,0xd0,0x00,0x90,0x1a,0x91,0x00,0x00,0x40,0xb9,
	0x1f,0x0c,0x00,0x71,0xc1,0x02,0x00,0x54,0x20,0x76,0x00,0xd0,0x00,0xc0,0x2b,0x91,
	0x01,0x1c,0x40,0xb9,0x00,0x00,0x80,0x52,0x00,0x00,0x01,0x4b,0x00,0x70,0x1d,0x53,
	0xe2,0x03,0x00,0x2a,0x20,0x76,0x00,0xd0,0x00,0xc0,0x2b,0x91,0x01,0x20,0x40,0xb9,
	0xe0,0x03,0x01,0x2a,0x00,0x6c,0x1c,0x53,0x00,0x00,0x01,0x0b,0x40,0x00,0x00,0x0b,
	0x00,0x7c,0x06,0x13,0xe1,0x17,0x40,0xb9,0x21,0x00,0x00,0x4b,0x20,0x76,0x00,0xd0,
	0x00,0xc0,0x2b,0x91,0x01,0x24,0x00,0xb9,0x14,0x00,0x00,0x14,0x20,0x76,0x00,0xd0,
	0x00,0xc0,0x2b,0x91,0x00,0x1c,0x40,0xb9,0xe1,0x03,0x00,0x2a,0x00,0x64,0x1a,0x53,
	0x22,0x00,0x00,0x4b,0x20,0x76,0x00,0xd0,0x00,0xc0,0x2b,0x91,0x01,0x20,0x40,0xb9,
	0xe0,0x03,0x01,0x2a,0x00,0x68,0x1b,0x53,0x00,0x00,0x01,0x4b,0x40,0x00,0x00,0x0b,
	0x00,0x7c,0x06,0x13,0xe1,0x17,0x40,0xb9,0x21,0x00,0x00,0x4b,0x20,0x76,0x00,0xd0,
	0x00,0xc0,0x2b,0x91,0x01,0x24,0x00,0xb9,0x20,0x76,0x00,0xd0,0x00,0xc0,0x2b,0x91,
	0x01,0x1c,0x40,0xb9,0x20,0x76,0x00,0xd0,0x00,0xc0,0x2b,0x91,0x01,0x20,0x00,0xb9,
	0x20,0x76,0x00,0xd0,0x00,0xc0,0x2b,0x91,0x01,0x24,0x40,0xb9,0x20,0x76,0x00,0xd0,
	0x00,0xc0,0x2b,0x91,0x01,0x1c,0x00,0xb9,0x20,0x76,0x00,0xd0,0x00,0xc0,0x2b,0x91,
	0x00,0x24,0x40,0xb9,0xe0,0x13,0x00,0xb9,0x40,0x76,0x00,0xb0,0x00,0xb0,0x13,0x91,
	0xe1,0x0b,0x40,0xb9,0x01,0x00,0x00,0xb9,0xe0,0x13,0x40,0xb9,0xff,0x83,0x00,0x91,
	0xc0,0x03,0x5f,0xd6,0xff,0x83,0x00,0xd1,0xe0,0x0f,0x00,0xb9,0xff,0x1f,0x00,0xb9,
	0xff,0x1b,0x00,0xb9,0xff,0x17,0x00,0xb9,0xff,0x13,0x00,0xb9,0xe0,0x0f,0x40,0xb9,
	0xe0,0x1f,0x00,0xb9,0x40,0x76,0x00,0xb0,0x00,0xb0,0x13,0x91,0x00,0x00,0x40,0xb9,
	0xe1,0x1f,0x40,0xb9,0x20,0x00,0x00,0x4b,0x1f,0x00,0x00,0x71,0x01,0xa4,0x80,0x5a,
	0x80,0x32,0x82,0x52,0x3f,0x00,0x00,0x6b,0xad,0x01,0x00,0x54,0x40,0x76,0x00,0xb0,
	0x00,0xc0,0x13,0x91,0x01,0x00,0x40,0xb9,0xe0,0x1f,0x40,0xb9,0x21,0x00,0x00,0x0b,
	0x40,0x76,0x00,0xb0,0x00,0xb0,0x13,0x91,0x00,0x00,0x40,0xb9,0x21,0x00,0x00,0x4b,
	0x40,0x76,0x00,0xb0,0x00,0xc0,0x13,0x91,0x01,0x00,0x00,0xb9,0x40,0x76,0x00,0xb0,
	0x00,0xc0,0x13,0x91,0x00,0x00,0x40,0xb9,0xe1,0x1f,0x40,0xb9,0x20,0x00,0x00,0x4b,
	0xe0,0x1f,0x00,0xb9,0x20,0x76,0x00,0xd0,0x00,0xc0,0x2b,0x91,0x00,0x04,0x40,0xb9,
	0xe1,0x1f,0x40,0xb9,0x20,0x00,0x00,0x4b,0xe0,0x1b,0x00,0xb9,0x20,0x76,0x00,0xd0,
	0x00,0xc0,0x2b,0x91,0x01,0x00,0x40,0xb9,0x20,0x76,0x00,0xd0,0x00,0xc0,0x2b,0x91,
	0x01,0x04,0x00,0xb9,0x20,0x76,0x00,0xd0,0x00,0xc0,0x2b,0x91,0xe1,0x1f,0x40,0xb9,
	0x01,0x00,0x00,0xb9,0x20,0x76,0x00,0xd0,0x00,0xc0,0x2b,0x91,0x01,0x08,0x40,0xb9,
	0xe0,0x0c,0x80,0x12,0x21,0x7c,0x00,0x1b,0x20,0x76,0x00,0xb0,0x00,0xc0,0x2b,0x91,
	0x02,0x0c,0x40,0xb9,0xe0,0x05,0x80,0x52,0x40,0x7c,0x00,0x1b,0x20,0x00,0x00,0x0b,
	0x00,0x7c,0x06,0x13,0xe1,0x1b,0x40,0xb9,0x21,0x00,0x00,0x4b,0x20,0x76,0x00,0xb0,
	0x00,0xc0,0x2b,0x91,0x01,0x10,0x00,0xb9,0x20,0x76,0x00,0xb0,0x00,0xc0,0x2b,0x91,
	0x01,0x08,0x40,0xb9,0x20,0x76,0x00,0xb0,0x00,0xc0,0x2b,0x91,0x01,0x0c,0x00,0xb9,
	0x20,0x76,0x00,0xb0,0x00,0xc0,0x2b,0x91,0x01,0x10,0x40,0xb9,0x20,0x76,0x00,0xb0,
	0x00,0xc0,0x2b,0x91,0x01,0x08,0x00,0xb9,0x20,0x76,0x00,0xb0,0x00,0xc0,0x2b,0x91,
	0x01,0x10,0x40,0xb9,0x20,0x76,0x00,0xb0,0x00,0xc0,0x2b,0x91,0x00,0x18,0x40,0xb9,
	0x20,0x00,0x00,0x4b,0xe0,0x17,0x00,0xb9,0x20,0x76,0x00,0xb0,0x00,0xc0,0x2b,0x91,
	0x01,0x14,0x40,0xb9,0x20,0x76,0x00,0xb0,0x00,0xc0,0x2b,0x91,0x01,0x18,0x00,0xb9,
	0x20,0x76,0x00,0xb0,0x00,0xc0,0x2b,0x91,0x01,0x10,0x40,0xb9,0x20,0x76,0x00,0xb0,
	0x00,0xc0,0x2b,0x91,0x01,0x14,0x00,0xb9,0x20,0x76,0x00,0xb0,0x00,0xc0,0x2b,0x91,
	0x01,0x1c,0x40,0xb9,0x40,0x06,0x80,0x12,0x21,0x7c,0x00,0x1b,0x20,0x76,0x00,0xb0,
	0x00,0xc0,0x2b,0x91,0x02,0x20,0x40,0xb9,0xa0,0x03,0x80,0x52,0x40,0x7c,0x00,0x1b,
	0x20,0x00,0x00,0x0b,0x00,0x7c,0x06,0x13,0xe1,0x17,0x40,0xb9,0x21,0x00,0x00,0x4b,
	0x20,0x76,0x00,0xb0,0x00,0xc0,0x2b,0x91,0x01,0x24,0x00,0xb9,0x20,0x76,0x00,0xb0,
	0x00,0xc0,0x2b,0x91,0x01,0x1c,0x40,0xb9,0x20,0x76,0x00,0xb0,0x00,0xc0,0x2b,0x91,
	0x01,0x20,0x00,0xb9,0x20,0x76,0x00,0xb0,0x00,0xc0,0x2b,0x91,0x01,0x24,0x40,0xb9,
	0x20,0x76,0x00,0xb0,0x00,0xc0,0x2b,0x91,0x01,0x1c,0x00,0xb9,0x20,0x76,0x00,0xb0,
	0x00,0xc0,0x2b,0x91,0x00,0x24,0x40,0xb9,0xe0,0x13,0x00,0xb9,0x40,0x76,0x00,0x90,
	0x00,0xb0,0x13,0x91,0xe1,0x0f,0x40,0xb9,0x01,0x00,0x00,0xb9,0xe0,0x13,0x40,0xb9,
	0xff,0x83,0x00,0x91,0xc0,0x03,0x5f,0xd6,0xff,0x83,0x00,0xd1,0xe0,0x0f,0x00,0xb9,
	0xff,0x1f,0x00,0xb9,0xff,0x1b,0x00,0xb9,0xff,0x17,0x00,0xb9,0xff,0x13,0x00,0xb9,
	0xe0,0x0f,0x40,0xb9,0xe0,0x1f,0x00,0xb9,0x40,0x76,0x00,0x90,0x00,0xd0,0x13,0x91,
	0x00,0x00,0x40,0xb9,0xe1,0x1f,0x40,0xb9,0x20,0x00,0x00,0x4b,0x1f,0x00,0x00,0x71,
	0x01,0xa4,0x80,0x5a,0x80,0x32,0x82,0x52,0x3f,0x00,0x00,0x6b,0xad,0x01,0x00,0x54,
	0x40,0x76,0x00,0x90,0x00,0xe0,0x13,0x91,0x01,0x00,0x40,0xb9,0xe0,0x1f,0x40,0xb9,
	0x21,0x00,0x00,0x0b,0x40,0x76,0x00,0x90,0x00,0xd0,0x13,0x91,0x00,0x00,0x40,0xb9,
	0x21,0x00,0x00,0x4b,0x40,0x76,0x00,0x90,0x00,0xe0,0x13,0x91,0x01,0x00,0x00,0xb9,
	0x40,0x76,0x00,0x90,0x00,0xe0,0x13,0x91,0x00,0x00,0x40,0xb9,0xe1,0x1f,0x40,0xb9,
	0x20,0x00,0x00,0x4b,0xe0,0x1f,0x00,0xb9,0x20,0x76,0x00,0xb0,0x00,0x60,0x2c,0x91,
	0x00,0x04,0x40,0xb9,0xe1,0x1f,0x40,0xb9,0x20,0x00,0x00,0x4b,0xe0,0x1b,0x00,0xb9,
	0x20,0x76,0x00,0xb0,0x00,0x60,0x2c,0x91,0x01,0x00,0x40,0xb9,0x20,0x76,0x00,0xb0,
	0x00,0x60,0x2c,0x91,0x01,0x04,0x00,0xb9,0x20,0x76,0x00,0xb0,0x00,0x60,0x2c,0x91,
	0xe1,0x1f,0x40,0xb9,0x01,0x00,0x00,0xb9,0x20,0x76,0x00,0xb0,0x00,0x60,0x2c,0x91,
	0x01,0x08,0x40,0xb9,0xe0,0x0c,0x80,0x12,0x21,0x7c,0x00,0x1b,0x20,0x76,0x00,0xb0,
	0x00,0x60,0x2c,0x91,0x02,0x0c,0x40,0xb9,0xe0,0x05,0x80,0x52,0x40,0x7c,0x00,0x1b,
	0x20,0x00,0x00,0x0b,0x00,0x7c,0x06,0x13,0xe1,0x1b,0x40,0xb9,0x21,0x00,0x00,0x4b,
	0x20,0x76,0x00,0xb0,0x00,0x60,0x2c,0x91,0x01,0x10,0x00,0xb9,0x20,0x76,0x00,0xb0,
	0x00,0x60,0x2c,0x91,0x01,0x08,0x40,0xb9,0x20,0x76,0x00,0xb0,0x00,0x60,0x2c,0x91,
	0x01,0x0c,0x00,0xb9,0x20,0x76,0x00,0xb0,0x00,0x60,0x2c,0x91,0x01,0x10,0x40,0xb9,
	0x20,0x76,0x00,0xb0,0x00,0x60,0x2c,0x91,0x01,0x08,0x00,0xb9,0x20,0x76,0x00,0xb0,
	0x00,0x60,0x2c,0x91,0x01,0x10,0x40,0xb9,0x20,0x76,0x00,0xb0,0x00,0x60,0x2c,0x91,
	0x00,0x18,0x40,0xb9,0x20,0x00,0x00,0x4b,0xe0,0x17,0x00,0xb9,0x20,0x76,0x00,0xb0,
	0x00,0x60,0x2c,0x91,0x01,0x14,0x40,0xb9,0x20,0x76,0x00,0xb0,0x00,0x60,0x2c,0x91,
	0x01,0x18,0x00,0xb9,0x20,0x76,0x00,0xb0,0x00,0x60,0x2c,0x91,0x01,0x10,0x40,0xb9,
	0x20,0x76,0x00,0xb0,0x00,0x60,0x2c,0x91,0x01,0x14,0x00,0xb9,0x20,0x76,0x00,0xb0,
	0x00,0x60,0x2c,0x91,0x01,0x1c,0x40,0xb9,0x40,0x06,0x80,0x12,0x21,0x7c,0x00,0x1b,
	0x20,0x76,0x00,0xb0,0x00,0x60,0x2c,0x91,0x02,0x20,0x40,0xb9,0xa0,0x03,0x80,0x52,
	0x40,0x7c,0x00,0x1b,0x20,0x00,0x00,0x0b,0x00,0x7c,0x06,0x13,0xe1,0x17,0x40,0xb9,
	0x21,0x00,0x00,0x4b,0x20,0x76,0x00,0xb0,0x00,0x60,0x2c,0x91,0x01,0x24,0x00,0xb9,
	0x20,0x76,0x00,0xb0,0x00,0x60,0x2c,0x91,0x01,0x1c,0x40,0xb9,0x20,0x76,0x00,0xb0,
	0x00,0x60,0x2c,0x91,0x01,0x20,0x00,0xb9,0x20,0x76,0x00,0xb0,0x00,0x60,0x2c,0x91,
	0x01,0x24,0x40,0xb9,0x20,0x76,0x00,0xb0,0x00,0x60,0x2c,0x91,0x01,0x1c,0x00,0xb9,
	0x20,0x76,0x00,0xb0,0x00,0x60,0x2c,0x91,0x00,0x24,0x40,0xb9,0xe0,0x13,0x00,0xb9,
	0x40,0x76,0x00,0x90,0x00,0xd0,0x13,0x91,0xe1,0x0f,0x40,0xb9,0x01,0x00,0x00,0xb9,
	0xe0,0x13,0x40,0xb9,0xff,0x83,0x00,0x91,0xc0,0x03,0x5f,0xd6,0xff,0x83,0x00,0xd1,
	0xe0,0x0f,0x00,0xb9,0xff,0x1f,0x00,0xb9,0xff,0x1b,0x00,0xb9,0xff,0x17,0x00,0xb9,
	0xff,0x13,0x00,0xb9,0xe0,0x0f,0x40,0xb9,0xe0,0x1f,0x00,0xb9,0x40,0x76,0x00,0x90,
	0x00,0xf0,0x13,0x91,0x00,0x00,0x40,0xb9,0xe1,0x1f,0x40,0xb9,0x20,0x00,0x00,0x4b,
	0x1f,0x00,0x00,0x71,0x01,0xa4,0x80,0x5a,0x80,0x32,0x82,0x52,0x3f,0x00,0x00,0x6b,
	0xad,0x01,0x00,0x54,0x40,0x76,0x00,0x90,0x00,0x00,0x14,0x91,0x01,0x00,0x40,0xb9,
	0xe0,0x1f,0x40,0xb9,0x21,0x00,0x00,0x0b,0x40,0x76,0x00,0x90,0x00,0xf0,0x13,0x91,
	0x00,0x00,0x40,0xb9,0x21,0x00,0x00,0x4b,0x40,0x76,0x00,0x90,0x00,0x00,0x14,0x91,
	0x01,0x00,0x00,0xb9,0x40,0x76,0x00,0x90,0x00,0x00,0x14,0x91,0x00,0x00,0x40,0xb9,
	0xe1,0x1f,0x40,0xb9,0x20,0x00,0x00,0x4b,0xe0,0x1f,0x00,0xb9,0x20,0x76,0x00,0xb0,
	0x00,0x00,0x2d,0x91,0x00,0x04,0x40,0xb9,0xe1,0x1f,0x40,0xb9,0x20,0x00,0x00,0x4b,
	0xe0,0x1b,0x00,0xb9,0x20,0x76,0x00,0xb0,0x00,0x00,0x2d,0x91,0x01,0x00,0x40,0xb9,
	0x20,0x76,0x00,0xb0,0x00,0x00,0x2d,0x91,0x01,0x04,0x00,0xb9,0x20,0x76,0x00,0xb0,
	0x00,0x00,0x2d,0x91,0xe1,0x1f,0x40,0xb9,0x01,0x00,0x00,0xb9,0x20,0x76,0x00,0xb0,
	0x00,0x00,0x2d,0x91,0x01,0x08,0x40,0xb9,0xe0,0x0c,0x80,0x12,0x21,0x7c,0x00,0x1b,
	0x20,0x76,0x00,0xb0,0x00,0x00,0x2d,0x91,0x02,0x0c,0x40,0xb9,0xe0,0x05,0x80,0x52,
	0x40,0x7c,0x00,0x1b,0x20,0x00,0x00,0x0b,0x00,0x7c,0x06,0x13,0xe1,0x1b,0x40,0xb9,
	0x21,0x00,0x00,0x4b,0x20,0x76,0x00,0xb0,0x00,0x00,0x2d,0x91,0x01,0x10,0x00,0xb9,
	0x20,0x76,0x00,0xb0,0x00,0x00,0x2d,0x91,0x01,0x08,0x40,0xb9,0x20,0x76,0x00,0xb0,
	0x00,0x00,0x2d,0x91,0x01,0x0c,0x00,0xb9,0x20,0x76,0x00,0xb0,0x00,0x00,0x2d,0x91,
	0x01,0x10,0x40,0xb9,0x20,0x76,0x00,0xb0,0x00,0x00,0x2d,0x91,0x01,0x08,0x00,0xb9,
	0x20,0x76,0x00,0xb0,0x00,0x00,0x2d,0x91,0x01,0x10,0x40,0xb9,0x20,0x76,0x00,0xb0,
	0x00,0x00,0x2d,0x91,0x00,0x18,0x40,0xb9,0x20,0x00,0x00,0x4b,0xe0,0x17,0x00,0xb9,
	0x20,0x76,0x00,0xb0,0x00,0x00,0x2d,0x91,0x01,0x14,0x40,0xb9,0x20,0x76,0x00,0xb0,
	0x00,0x00,0x2d,0x91,0x01,0x18,0x00,0xb9,0x20,0x76,0x00,0xb0,0x00,0x00,0x2d,0x91,
	0x01,0x10,0x40,0xb9,0x20,0x76,0x00,0xb0,0x00,0x00,0x2d,0x91,0x01,0x14,0x00,0xb9,
	0x20,0x76,0x00,0xb0,0x00,0x00,0x2d,0x91,0x01,0x1c,0x40,0xb9,0x40,0x06,0x80,0x12,
	0x21,0x7c,0x00,0x1b,0x20,0x76,0x00,0xb0,0x00,0x00,0x2d,0x91,0x02,0x20,0x40,0xb9,
	0xa0,0x03,0x80,0x52,0x40,0x7c,0x00,0x1b,0x20,0x00,0x00,0x0b,0x00,0x7c,0x06,0x13,
	0xe1,0x17,0x40,0xb9,0x21,0x00,0x00,0x4b,0x20,0x76,0x00,0xb0,0x00,0x00,0x2d,0x91,
	0x01,0x24,0x00,0xb9,0x20,0x76,0x00,0xb0,0x00,0x00,0x2d,0x91,0x01,0x1c,0x40,0xb9,
	0x20,0x76,0x00,0xb0,0x00,0x00,0x2d,0x91,0x01,0x20,0x00,0xb9,0x20,0x76,0x00,0xb0,
	0x00,0x00,0x2d,0x91,0x01,0x24,0x40,0xb9,0x20,0x76,0x00,0xb0,0x00,0x00,0x2d,0x91,
	0x01,0x1c,0x00,0xb9,0x20,0x76,0x00,0xb0,0x00,0x00,0x2d,0x91,0x00,0x24,0x40,0xb9,
	0xe0,0x13,0x00,0xb9,0x40,0x76,0x00,0x90,0x00,0xf0,0x13,0x91,0xe1,0x0f,0x40,0xb9,
	0x01,0x00,0x00,0xb9,0xe0,0x13,0x40,0xb9,0xff,0x83,0x00,0x91,0xc0,0x03,0x5f,0xd6,
	0xff,0x83,0x00,0xd1,0xe0,0x0f,0x00,0xb9,0xff,0x1f,0x00,0xb9,0xff,0x1b,0x00,0xb9,
	0xff,0x17,0x00,0xb9,0xff,0x13,0x00,0xb9,0xe0,0x0f,0x40,0xb9,0xe0,0x1f,0x00,0xb9,
	0x40,0x76,0x00,0x90,0x00,0xb0,0x13,0x91,0x00,0x00,0x40,0xb9,0xe1,0x1f,0x40,0xb9,
	0x20,0x00,0x00,0x4b,0x1f,0x00,0x00,0x71,0x00,0xa4,0x80,0x5a,0x1f,0xb0,0x36,0x71,
	0xad,0x01,0x00,0x54,0x40,0x76,0x00,0x90,0x00,0xc0,0x13,0x91,0x01,0x00,0x40,0xb9,
	0xe0,0x1f,0x40,0xb9,0x21,0x00,0x00,0x0b,0x40,0x76,0x00,0x90,0x00,0xb0,0x13,0x91,
	0x00,0x00,0x40,0xb9,0x21,0x00,0x00,0x4b,0x40,0x76,0x00,0x90,0x00,0xc0,0x13,0x91,
	0x01,0x00,0x00,0xb9,0x40,0x76,0x00,0x90,0x00,0xc0,0x13,0x91,0x00,0x00,0x40,0xb9,
	0xe1,0x1f,0x40,0xb9,0x20,0x00,0x00,0x4b,0xe0,0x1f,0x00,0xb9,0x20,0x76,0x00,0xb0,
	0x00,0xc0,0x2b,0x91,0x00,0x04,0x40,0xb9,0xe1,0x1f,0x40,0xb9,0x20,0x00,0x00,0x4b,
	0xe0,0x1b,0x00,0xb9,0x20,0x76,0x00,0xb0,0x00,0xc0,0x2b,0x91,0x01,0x00,0x40,0xb9,
	0x20,0x76,0x00,0xb0,0x00,0xc0,0x2b,0x91,0x01,0x04,0x00,0xb9,0x20,0x76,0x00,0xb0,
	0x00,0xc0,0x2b,0x91,0xe1,0x1f,0x40,0xb9,0x01,0x00,0x00,0xb9,0x20,0x76,0x00,0xb0,
	0x00,0xc0,0x2b,0x91,0x01,0x08,0x40,0xb9,0xc0,0x0e,0x80,0x12,0x22,0x7c,0x00,0x1b,
	0x20,0x76,0x00,0xb0,0x00,0xc0,0x2b,0x91,0x01,0x0c,0x40,0xb9,0xe0,0x03,0x01,0x2a,
	0x00,0x70,0x1d,0x53,0x00,0x00,0x01,0x4b,0x00,0x70,0x1d,0x53,0x40,0x00,0x00,0x0b,
	0x00,0x7c,0x06,0x13,0xe1,0x1b,0x40,0xb9,0x21,0x00,0x00,0x4b,0x20,0x76,0x00,0xb0,
	0x00,0xc0,0x2b,0x91,0x01,0x10,0x00,0xb9,0x20,0x76,0x00,0xb0,0x00,0xc0,0x2b,0x91,
	0x01,0x08,0x40,0xb9,0x20,0x76,0x00,0xb0,0x00,0xc0,0x2b,0x91,0x01,0x0c,0x00,0xb9,
	0x20,0x76,0x00,0xb0,0x00,0xc0,0x2b,0x91,0x01,0x10,0x40,0xb9,0x20,0x76,0x00,0xb0,
	0x00,0xc0,0x2b,0x91,0x01,0x08,0x00,0xb9,0x20,0x76,0x00,0xb0,0x00,0xc0,0x2b,0x91,
	0x01,0x10,0x40,0xb9,0x20,0x76,0x00,0xb0,0x00,0xc0,0x2b,0x91,0x00,0x18,0x40,0xb9,
	0x20,0x00,0x00,0x4b,0xe0,0x17,0x00,0xb9,0x20,0x76,0x00,0xb0,0x00,0xc0,0x2b,0x91,
	0x01,0x14,0x40,0xb9,0x20,0x76,0x00,0xb0,0x00,0xc0,0x2b,0x91,0x01,0x18,0x00,0xb9,
	0x20,0x76,0x00,0xb0,0x00,0xc0,0x2b,0x91,0x01,0x10,0x40,0xb9,0x20,0x76,0x00,0xb0,
	0x00,0xc0,0x2b,0x91,0x01,0x14,0x00,0xb9,0x20,0x76,0x00,0xb0,0x00,0xc0,0x2b,0x91,
	0x01,0x1c,0x40,0xb9,0x60,0x0a,0x80,0x12,0x21,0x7c,0x00,0x1b,0x20,0x76,0x00,0xb0,
	0x00,0xc0,0x2b,0x91,0x02,0x20,0x40,0xb9,0x60,0x04,0x80,0x52,0x40,0x7c,0x00,0x1b,
	0x20,0x00,0x00,0x0b,0x00,0x7c,0x06,0x13,0xe1,0x17,0x40,0xb9,0x21,0x00,0x00,0x4b,
	0x20,0x76,0x00,0xb0,0x00,0xc0,0x2b,0x91,0x01,0x24,0x00,0xb9,0x20,0x76,0x00,0xb0,
	0x00,0xc0,0x2b,0x91,0x01,0x1c,0x40,0xb9,0x20,0x76,0x00,0xb0,0x00,0xc0,0x2b,0x91,
	0x01,0x20,0x00,0xb9,0x20,0x76,0x00,0xb0,0x00,0xc0,0x2b,0x91,0x01,0x24,0x40,0xb9,
	0x20,0x76,0x00,0xb0,0x00,0xc0,0x2b,0x91,0x01,0x1c,0x00,0xb9,0x20,0x76,0x00,0xb0,
	0x00,0xc0,0x2b,0x91,0x00,0x24,0x40,0xb9,0xe0,0x13,0x00,0xb9,0x40,0x76,0x00,0x90,
	0x00,0xb0,0x13,0x91,0xe1,0x0f,0x40,0xb9,0x01,0x00,0x00,0xb9,0xe0,0x13,0x40,0xb9,
	0xff,0x83,0x00,0x91,0xc0,0x03,0x5f,0xd6,0xff,0xc3,0x00,0xd1,0xe0,0x0f,0x00,0xb9,
	0xff,0xbf,0x00,0x39,0xff,0x8f,0x00,0x39,0xe0,0x0f,0x40,0xb9,0xe0,0x1f,0x00,0xb9,
	0x40,0x76,0x00,0x90,0x00,0x60,0x05,0x91,0x00,0x00,0x40,0x79,0x1f,0x04,0x00,0x71,
	0xa8,0x02,0x00,0x54,0xff,0xbf,0x00,0x39,0x10,0x00,0x00,0x14,0xe1,0xbf,0x40,0x39,
	0x40,0x76,0x00,0x90,0x00,0x00,0x10,0x91,0x21,0x7c,0x40,0x93,0xe2,0x1f,0x40,0xb9,
	0x02,0x78,0x21,0xb8,0xe1,0xbf,0x40,0x39,0x40,0x76,0x00,0x90,0x00,0x60,0x10,0x91,
	0x21,0x7c,0x40,0x93,0xe2,0x1f,0x40,0xb9,0x02,0x78,0x21,0xb8,0xe0,0xbf,0x40,0x39,
	0x00,0x04,0x00,0x11,0xe0,0xbf,0x00,0x39,0xe0,0xbf,0x40,0x39,0x1f,0x10,0x00,0x71,
	0xe9,0xfd,0xff,0x54,0xff,0xbf,0x00,0x39,0x1a,0x00,0x00,0x14,0xe3,0xbf,0x40,0x39,
	0xe0,0xbf,0x40,0x39,0x01,0x04,0x00,0x11,0x40,0x76,0x00,0x90,0x00,0x00,0x10,0x91,
	0x21,0x7c,0x40,0x93,0x02,0x78,0x61,0xb8,0x40,0x76,0x00,0x90,0x00,0x00,0x10,0x91,
	0x61,0x7c,0x40,0x93,0x02,0x78,0x21,0xb8,0xe3,0xbf,0x40,0x39,0xe0,0xbf,0x40,0x39,
	0x01,0x04,0x00,0x11,0x40,0x76,0x00,0x90,0x00,0x60,0x10,0x91,0x21,0x7c,0x40,0x93,
	0x02,0x78,0x61,0xb8,0x40,0x76,0x00,0x90,0x00,0x60,0x10,0x91,0x61,0x7c,0x40,0x93,
	0x02,0x78,0x21,0xb8,0xe0,0xbf,0x40,0x39,0x00,0x04,0x00,0x11,0xe0,0xbf,0x00,0x39,
	0xe0,0xbf,0x40,0x39,0x1f,0x0c,0x00,0x71,0xa9,0xfc,0xff,0x54,0x40,0x76,0x00,0x90,
	0x00,0x00,0x10,0x91,0xe1,0x1f,0x40,0xb9,0x01,0x10,0x00,0xb9,0xff,0xbf,0x00,0x39,
	0xff,0x2b,0x00,0xb9,0x12,0x00,0x00,0x14,0xe1,0xbf,0x40,0x39,0x40,0x76,0x00,0x90,
	0x00,0x00,0x10,0x91,0x21,0x7c,0x40,0x93,0x00,0x78,0x61,0xb8,0xe2,0xbf,0x40,0x39,
	0x41,0x21,0x00,0x90,0x21,0xc0,0x3d,0x91,0x42,0x7c,0x40,0x93,0x21,0x78,0xe2,0x78,
	0x00,0x7c,0x01,0x1b,0xe1,0x2b,0x40,0xb9,0x20,0x00,0x00,0x0b,0xe0,0x2b,0x00,0xb9,
	0xe0,0xbf,0x40,0x39,0x00,0x04,0x00,0x11,0xe0,0xbf,0x00,0x39,0xe0,0xbf,0x40,0x39,
	0x1f,0x10,0x00,0x71,0xa9,0xfd,0xff,0x54,0xff,0xbf,0x00,0x39,0xff,0x27,0x00,0xb9,
	0x12,0x00,0x00,0x14,0xe1,0xbf,0x40,0x39,0x40,0x76,0x00,0x90,0x00,0x60,0x10,0x91,
	0x21,0x7c,0x40,0x93,0x00,0x78,0x61,0xb8,0xe2,0xbf,0x40,0x39,0x41,0x21,0x00,0x90,
	0x21,0x80,0x3d,0x91,0x42,0x7c,0x40,0x93,0x21,0x78,0xe2,0x78,0x00,0x7c,0x01,0x1b,
	0xe1,0x27,0x40,0xb9,0x20,0x00,0x00,0x0b,0xe0,0x27,0x00,0xb9,0xe0,0xbf,0x40,0x39,
	0x00,0x04,0x00,0x11,0xe0,0xbf,0x00,0x39,0xe0,0xbf,0x40,0x39,0x1f,0x0c,0x00,0x71,
	0xa9,0xfd,0xff,0x54,0xe0,0x2b,0x40,0xb9,0x01,0x7c,0x0a,0x13,0xe0,0x27,0x40,0xb9,
	0x00,0x7c,0x0a,0x13,0x21,0x00,0x00,0x4b,0x40,0x76,0x00,0x90,0x00,0x60,0x10,0x91,
	0x01,0x10,0x00,0xb9,0x40,0x76,0x00,0x90,0x00,0x60,0x10,0x91,0x00,0x10,0x40,0xb9,
	0xe0,0x1b,0x00,0xb9,0xe0,0x1b,0x40,0xb9,0xff,0xc3,0x00,0x91,0xc0,0x03,0x5f,0xd6,
	0xff,0xc3,0x00,0xd1,0xe0,0x0f,0x00,0xb9,0xff,0xbf,0x00,0x39,0xff,0x8f,0x00,0x39,
	0xe0,0x0f,0x40,0xb9,0xe0,0x1f,0x00,0xb9,0x40,0x76,0x00,0x90,0x00,0x60,0x05,0x91,
	0x00,0x00,0x40,0x79,0x1f,0x04,0x00,0x71,0xa8,0x02,0x00,0x54,0xff,0xbf,0x00,0x39,
	0x10,0x00,0x00,0x14,0xe1,0xbf,0x40,0x39,0x40,0x76,0x00,0x90,0x00,0x00,0x10,0x91,
	0x21,0x7c,0x40,0x93,0xe2,0x1f,0x40,0xb9,0x02,0x78,0x21,0xb8,0xe1,0xbf,0x40,0x39,
	0x40,0x76,0x00,0x90,0x00,0x60,0x10,0x91,0x21,0x7c,0x40,0x93,0xe2,0x1f,0x40,0xb9,
	0x02,0x78,0x21,0xb8,0xe0,0xbf,0x40,0x39,0x00,0x04,0x00,0x11,0xe0,0xbf,0x00,0x39,
	0xe0,0xbf,0x40,0x39,0x1f,0x10,0x00,0x71,0xe9,0xfd,0xff,0x54,0xff,0xbf,0x00,0x39,
	0x1a,0x00,0x00,0x14,0xe3,0xbf,0x40,0x39,0xe0,0xbf,0x40,0x39,0x01,0x04,0x00,0x11,
	0x40,0x76,0x00,0x90,0x00,0x00,0x10,0x91,0x21,0x7c,0x40,0x93,0x02,0x78,0x61,0xb8,
	0x40,0x76,0x00,0x90,0x00,0x00,0x10,0x91,0x61,0x7c,0x40,0x93,0x02,0x78,0x21,0xb8,
	0xe3,0xbf,0x40,0x39,0xe0,0xbf,0x40,0x39,0x01,0x04,0x00,0x11,0x40,0x76,0x00,0x90,
	0x00,0x60,0x10,0x91,0x21,0x7c,0x40,0x93,0x02,0x78,0x61,0xb8,0x40,0x76,0x00,0x90,
	0x00,0x60,0x10,0x91,0x61,0x7c,0x40,0x93,0x02,0x78,0x21,0xb8,0xe0,0xbf,0x40,0x39,
	0x00,0x04,0x00,0x11,0xe0,0xbf,0x00,0x39,0xe0,0xbf,0x40,0x39,0x1f,0x0c,0x00,0x71,
	0xa9,0xfc,0xff,0x54,0x40,0x76,0x00,0x90,0x00,0x00,0x10,0x91,0xe1,0x1f,0x40,0xb9,
	0x01,0x10,0x00,0xb9,0xff,0xbf,0x00,0x39,0xff,0x2b,0x00,0xb9,0x12,0x00,0x00,0x14,
	0xe1,0xbf,0x40,0x39,0x40,0x76,0x00,0x90,0x00,0x00,0x10,0x91,0x21,0x7c,0x40,0x93,
	0x00,0x78,0x61,0xb8,0xe2,0xbf,0x40,0x39,0x41,0x21,0x00,0x90,0x21,0x40,0x3d,0x91,
	0x42,0x7c,0x40,0x93,0x21,0x78,0xe2,0x78,0x00,0x7c,0x01,0x1b,0xe1,0x2b,0x40,0xb9,
	0x20,0x00,0x00,0x0b,0xe0,0x2b,0x00,0xb9,0xe0,0xbf,0x40,0x39,0x00,0x04,0x00,0x11,
	0xe0,0xbf,0x00,0x39,0xe0,0xbf,0x40,0x39,0x1f,0x10,0x00,0x71,0xa9,0xfd,0xff,0x54,
	0xff,0xbf,0x00,0x39,0xff,0x27,0x00,0xb9,0x12,0x00,0x00,0x14,0xe1,0xbf,0x40,0x39,
	0x40,0x76,0x00,0x90,0x00,0x60,0x10,0x91,0x21,0x7c,0x40,0x93,0x00,0x78,0x61,0xb8,
	0xe2,0xbf,0x40,0x39,0x41,0x21,0x00,0x90,0x21,0x00,0x3d,0x91,0x42,0x7c,0x40,0x93,
	0x21,0x78,0xe2,0x78,0x00,0x7c,0x01,0x1b,0xe1,0x27,0x40,0xb9,0x20,0x00,0x00,0x0b,
	0xe0,0x27,0x00,0xb9,0xe0,0xbf,0x40,0x39,0x00,0x04,0x00,0x11,0xe0,0xbf,0x00,0x39,
	0xe0,0xbf,0x40,0x39,0x1f,0x0c,0x00,0x71,0xa9,0xfd,0xff,0x54,0xe0,0x2b,0x40,0xb9,
	0x01,0x7c,0x0a,0x13,0xe0,0x27,0x40,0xb9,0x00,0x7c,0x0a,0x13,0x21,0x00,0x00,0x4b,
	0x40,0x76,0x00,0x90,0x00,0x60,0x10,0x91,0x01,0x10,0x00,0xb9,0x40,0x76,0x00,0x90,
	0x00,0x60,0x10,0x91,0x00,0x10,0x40,0xb9,0xe0,0x1b,0x00,0xb9,0xe0,0x1b,0x40,0xb9,
	0xff,0xc3,0x00,0x91,0xc0,0x03,0x5f,0xd6,0xff,0xc3,0x00,0xd1,0xe0,0x0f,0x00,0xb9,
	0xff,0xbf,0x00,0x39,0xff,0x8f,0x00,0x39,0xe0,0x0f,0x40,0xb9,0xe0,0x1f,0x00,0xb9,
	0x40,0x76,0x00,0x90,0x00,0x60,0x05,0x91,0x00,0x00,0x40,0x79,0x1f,0x04,0x00,0x71,
	0xa1,0x02,0x00,0x54,0xff,0xbf,0x00,0x39,0x10,0x00,0x00,0x14,0xe1,0xbf,0x40,0x39,
	0x40,0x76,0x00,0x90,0x00,0x00,0x10,0x91,0x21,0x7c,0x40,0x93,0xe2,0x1f,0x40,0xb9,
	0x02,0x78,0x21,0xb8,0xe1,0xbf,0x40,0x39,0x40,0x76,0x00,0x90,0x00,0x60,0x10,0x91,
	0x21,0x7c,0x40,0x93,0xe2,0x1f,0x40,0xb9,0x02,0x78,0x21,0xb8,0xe0,0xbf,0x40,0x39,
	0x00,0x04,0x00,0x11,0xe0,0xbf,0x00,0x39,0xe0,0xbf,0x40,0x39,0x1f,0x10,0x00,0x71,
	0xe9,0xfd,0xff,0x54,0xff,0xbf,0x00,0x39,0x1a,0x00,0x00,0x14,0xe3,0xbf,0x40,0x39,
	0xe0,0xbf,0x40,0x39,0x01,0x04,0x00,0x11,0x40,0x76,0x00,0x90,0x00,0x00,0x10,0x91,
	0x21,0x7c,0x40,0x93,0x02,0x78,0x61,0xb8,0x40,0x76,0x00,0x90,0x00,0x00,0x10,0x91,
	0x61,0x7c,0x40,0x93,0x02,0x78,0x21,0xb8,0xe3,0xbf,0x40,0x39,0xe0,0xbf,0x40,0x39,
	0x01,0x04,0x00,0x11,0x40,0x76,0x00,0x90,0x00,0x60,0x10,0x91,0x21,0x7c,0x40,0x93,
	0x02,0x78,0x61,0xb8,0x40,0x76,0x00,0x90,0x00,0x60,0x10,0x91,0x61,0x7c,0x40,0x93,
	0x02,0x78,0x21,0xb8,0xe0,0xbf,0x40,0x39,0x00,0x04,0x00,0x11,0xe0,0xbf,0x00,0x39,
	0xe0,0xbf,0x40,0x39,0x1f,0x0c,0x00,0x71,0xa9,0xfc,0xff,0x54,0x40,0x76,0x00,0x90,
	0x00,0x00,0x10,0x91,0xe1,0x1f,0x40,0xb9,0x01,0x10,0x00,0xb9,0xff,0xbf,0x00,0x39,
	0xff,0x2b,0x00,0xb9,0x12,0x00,0x00,0x14,0xe1,0xbf,0x40,0x39,0x40,0x76,0x00,0x90,
	0x00,0x00,0x10,0x91,0x21,0x7c,0x40,0x93,0x00,0x78,0x61,0xb8,0xe2,0xbf,0x40,0x39,
	0x41,0x21,0x00,0x90,0x21,0x40,0x3e,0x91,0x42,0x7c,0x40,0x93,0x21,0x78,0xe2,0x78,
	0x00,0x7c,0x01,0x1b,0xe1,0x2b,0x40,0xb9,0x20,0x00,0x00,0x0b,0xe0,0x2b,0x00,0xb9,
	0xe0,0xbf,0x40,0x39,0x00,0x04,0x00,0x11,0xe0,0xbf,0x00,0x39,0xe0,0xbf,0x40,0x39,
	0x1f,0x10,0x00,0x71,0xa9,0xfd,0xff,0x54,0xff,0xbf,0x00,0x39,0xff,0x27,0x00,0xb9,
	0x12,0x00,0x00,0x14,0xe1,0xbf,0x40,0x39,0x40,0x76,0x00,0x90,0x00,0x60,0x10,0x91,
	0x21,0x7c,0x40,0x93,0x00,0x78,0x61,0xb8,0xe2,0xbf,0x40,0x39,0x41,0x21,0x00,0x90,
	0x21,0x00,0x3e,0x91,0x42,0x7c,0x40,0x93,0x21,0x78,0xe2,0x78,0x00,0x7c,0x01,0x1b,
	0xe1,0x27,0x40,0xb9,0x20,0x00,0x00,0x0b,0xe0,0x27,0x00,0xb9,0xe0,0xbf,0x40,0x39,
	0x00,0x04,0x00,0x11,0xe0,0xbf,0x00,0x39,0xe0,0xbf,0x40,0x39,0x1f,0x0c,0x00,0x71,
	0xa9,0xfd,0xff,0x54,0xe0,0x2b,0x40,0xb9,0x01,0x7c,0x0a,0x13,0xe0,0x27,0x40,0xb9,
	0x00,0x7c,0x0a,0x13,0x21,0x00,0x00,0x4b,0x40,0x76,0x00,0x90,0x00,0x60,0x10,0x91,
	0x01,0x10,0x00,0xb9,0x40,0x76,0x00,0x90,0x00,0x60,0x10,0x91,0x00,0x10,0x40,0xb9,
	0xe0,0x1b,0x00,0xb9,0xe0,0x1b,0x40,0xb9,0xff,0xc3,0x00,0x91,0xc0,0x03,0x5f,0xd6,
	0xff,0xc3,0x00,0xd1,0xe0,0x0f,0x00,0xb9,0xff,0xbf,0x00,0x39,0xff,0x8f,0x00,0x39,
	0xe0,0x0f,0x40,0xb9,0xe0,0x1f,0x00,0xb9,0x40,0x76,0x00,0x90,0x00,0x60,0x05,0x91,
	0x00,0x00,0x40,0x79,0x1f,0x04,0x00,0x71,0x81,0x02,0x00,0x54,0xff,0xbf,0x00,0x39,
	0x0f,0x00,0x00,0x14,0xe1,0xbf,0x40,0x39,0x40,0x76,0x00,0x90,0x00,0x40,0x12,0x91,
	0x21,0x7c,0x40,0x93,0xe2,0x1f,0x40,0xb9,0x02,0x78,0x21,0xb8,0xe1,0xbf,0x40,0x39,
	0x40,0x76,0x00,0x90,0x00,0xa0,0x12,0x91,0x21,0x7c,0x40,0x93,0x1f,0x78,0x21,0xb8,
	0xe0,0xbf,0x40,0x39,0x00,0x04,0x00,0x11,0xe0,0xbf,0x00,0x39,0xe0,0xbf,0x40,0x39,
	0x1f,0x10,0x00,0x71,0x09,0xfe,0xff,0x54,0xff,0xbf,0x00,0x39,0x1a,0x00,0x00,0x14,
	0xe3,0xbf,0x40,0x39,0xe0,0xbf,0x40,0x39,0x01,0x04,0x00,0x11,0x40,0x76,0x00,0x90,
	0x00,0x40,0x12,0x91,0x21,0x7c,0x40,0x93,0x02,0x78,0x61,0xb8,0x40,0x76,0x00,0x90,
	0x00,0x40,0x12,0x91,0x61,0x7c,0x40,0x93,0x02,0x78,0x21,0xb8,0xe3,0xbf,0x40,0x39,
	0xe0,0xbf,0x40,0x39,0x01,0x04,0x00,0x11,0x40,0x76,0x00,0x90,0x00,0xa0,0x12,0x91,
	0x21,0x7c,0x40,0x93,0x02,0x78,0x61,0xb8,0x40,0x76,0x00,0x90,0x00,0xa0,0x12,0x91,
	0x61,0x7c,0x40,0x93,0x02,0x78,0x21,0xb8,0xe0,0xbf,0x40,0x39,0x00,0x04,0x00,0x11,
	0xe0,0xbf,0x00,0x39,0xe0,0xbf,0x40,0x39,0x1f,0x0c,0x00,0x71,0xa9,0xfc,0xff,0x54,
	0x40,0x76,0x00,0x90,0x00,0x40,0x12,0x91,0xe1,0x1f,0x40,0xb9,0x01,0x10,0x00,0xb9,
	0xff,0xbf,0x00,0x39,0xff,0x2b,0x00,0xb9,0x12,0x00,0x00,0x14,0xe1,0xbf,0x40,0x39,
	0x40,0x76,0x00,0x90,0x00,0x40,0x12,0x91,0x21,0x7c,0x40,0x93,0x00,0x78,0x61,0xb8,
	0xe2,0xbf,0x40,0x39,0x41,0x21,0x00,0x90,0x21,0xc0,0x3e,0x91,0x42,0x7c,0x40,0x93,
	0x21,0x78,0xe2,0x78,0x00,0x7c,0x01,0x1b,0xe1,0x2b,0x40,0xb9,0x20,0x00,0x00,0x0b,
	0xe0,0x2b,0x00,0xb9,0xe0,0xbf,0x40,0x39,0x00,0x04,0x00,0x11,0xe0,0xbf,0x00,0x39,
	0xe0,0xbf,0x40,0x39,0x1f,0x10,0x00,0x71,0xa9,0xfd,0xff,0x54,0xff,0xbf,0x00,0x39,
	0xff,0x27,0x00,0xb9,0x12,0x00,0x00,0x14,0xe1,0xbf,0x40,0x39,0x40,0x76,0x00,0x90,
	0x00,0xa0,0x12,0x91,0x21,0x7c,0x40,0x93,0x00,0x78,0x61,0xb8,0xe2,0xbf,0x40,0x39,
	0x41,0x21,0x00,0x90,0x21,0x80,0x3e,0x91,0x42,0x7c,0x40,0x93,0x21,0x78,0xe2,0x78,
	0x00,0x7c,0x01,0x1b,0xe1,0x27,0x40,0xb9,0x20,0x00,0x00,0x0b,0xe0,0x27,0x00,0xb9,
	0xe0,0xbf,0x40,0x39,0x00,0x04,0x00,0x11,0xe0,0xbf,0x00,0x39,0xe0,0xbf,0x40,0x39,
	0x1f,0x0c,0x00,0x71,0xa9,0xfd,0xff,0x54,0xe0,0x2b,0x40,0xb9,0x01,0x7c,0x0a,0x13,
	0xe0,0x27,0x40,0xb9,0x00,0x7c,0x0a,0x13,0x21,0x00,0x00,0x4b,0x40,0x76,0x00,0x90,
	0x00,0xa0,0x12,0x91,0x01,0x10,0x00,0xb9,0x40,0x76,0x00,0x90,0x00,0xa0,0x12,0x91,
	0x00,0x10,0x40,0xb9,0xe0,0x1b,0x00,0xb9,0xe0,0x1b,0x40,0xb9,0xff,0xc3,0x00,0x91,
	0xc0,0x03,0x5f,0xd6,0xff,0xc3,0x00,0xd1,0xe0,0x0f,0x00,0xb9,0xff,0xbf,0x00,0x39,
	0xff,0x8f,0x00,0x39,0xe0,0x0f,0x40,0xb9,0xe0,0x1f,0x00,0xb9,0x40,0x76,0x00,0x90,
	0x00,0x60,0x05,0x91,0x00,0x00,0x40,0x79,0x1f,0x04,0x00,0x71,0xa1,0x02,0x00,0x54,
	0xff,0xbf,0x00,0x39,0x10,0x00,0x00,0x14,0xe1,0xbf,0x40,0x39,0x20,0x76,0x00,0xf0,
	0x00,0xc0,0x10,0x91,0x21,0x7c,0x40,0x93,0xe2,0x1f,0x40,0xb9,0x02,0x78,0x21,0xb8,
	0xe1,0xbf,0x40,0x39,0x20,0x76,0x00,0xf0,0x00,0x20,0x11,0x91,0x21,0x7c,0x40,0x93,
	0xe2,0x1f,0x40,0xb9,0x02,0x78,0x21,0xb8,0xe0,0xbf,0x40,0x39,0x00,0x04,0x00,0x11,
	0xe0,0xbf,0x00,0x39,0xe0,0xbf,0x40,0x39,0x1f,0x10,0x00,0x71,0xe9,0xfd,0xff,0x54,
	0xff,0xbf,0x00,0x39,0x1a,0x00,0x00,0x14,0xe3,0xbf,0x40,0x39,0xe0,0xbf,0x40,0x39,
	0x01,0x04,0x00,0x11,0x20,0x76,0x00,0xf0,0x00,0xc0,0x10,0x91,0x21,0x7c,0x40,0x93,
	0x02,0x78,0x61,0xb8,0x20,0x76,0x00,0xf0,0x00,0xc0,0x10,0x91,0x61,0x7c,0x40,0x93,
	0x02,0x78,0x21,0xb8,0xe3,0xbf,0x40,0x39,0xe0,0xbf,0x40,0x39,0x01,0x04,0x00,0x11,
	0x20,0x76,0x00,0xf0,0x00,0x20,0x11,0x91,0x21,0x7c,0x40,0x93,0x02,0x78,0x61,0xb8,
	0x20,0x76,0x00,0xf0,0x00,0x20,0x11,0x91,0x61,0x7c,0x40,0x93,0x02,0x78,0x21,0xb8,
	0xe0,0xbf,0x40,0x39,0x00,0x04,0x00,0x11,0xe0,0xbf,0x00,0x39,0xe0,0xbf,0x40,0x39,
	0x1f,0x0c,0x00,0x71,0xa9,0xfc,0xff,0x54,0x20,0x76,0x00,0xf0,0x00,0xc0,0x10,0x91,
	0xe1,0x1f,0x40,0xb9,0x01,0x10,0x00,0xb9,0xff,0xbf,0x00,0x39,0xff,0x2b,0x00,0xb9,
	0x12,0x00,0x00,0x14,0xe1,0xbf,0x40,0x39,0x20,0x76,0x00,0xf0,0x00,0xc0,0x10,0x91,
	0x21,0x7c,0x40,0x93,0x00,0x78,0x61,0xb8,0xe2,0xbf,0x40,0x39,0x21,0x21,0x00,0xf0,
	0x21,0x40,0x3e,0x91,0x42,0x7c,0x40,0x93,0x21,0x78,0xe2,0x78,0x00,0x7c,0x01,0x1b,
	0xe1,0x2b,0x40,0xb9,0x20,0x00,0x00,0x0b,0xe0,0x2b,0x00,0xb9,0xe0,0xbf,0x40,0x39,
	0x00,0x04,0x00,0x11,0xe0,0xbf,0x00,0x39,0xe0,0xbf,0x40,0x39,0x1f,0x10,0x00,0x71,
	0xa9,0xfd,0xff,0x54,0xff,0xbf,0x00,0x39,0xff,0x27,0x00,0xb9,0x12,0x00,0x00,0x14,
	0xe1,0xbf,0x40,0x39,0x20,0x76,0x00,0xf0,0x00,0x20,0x11,0x91,0x21,0x7c,0x40,0x93,
	0x00,0x78,0x61,0xb8,0xe2,0xbf,0x40,0x39,0x21,0x21,0x00,0xf0,0x21,0x00,0x3e,0x91,
	0x42,0x7c,0x40,0x93,0x21,0x78,0xe2,0x78,0x00,0x7c,0x01,0x1b,0xe1,0x27,0x40,0xb9,
	0x20,0x00,0x00,0x0b,0xe0,0x27,0x00,0xb9,0xe0,0xbf,0x40,0x39,0x00,0x04,0x00,0x11,
	0xe0,0xbf,0x00,0x39,0xe0,0xbf,0x40,0x39,0x1f,0x0c,0x00,0x71,0xa9,0xfd,0xff,0x54,
	0xe0,0x2b,0x40,0xb9,0x01,0x7c,0x0a,0x13,0xe0,0x27,0x40,0xb9,0x00,0x7c,0x0a,0x13,
	0x21,0x00,0x00,0x4b,0x20,0x76,0x00,0xf0,0x00,0x20,0x11,0x91,0x01,0x10,0x00,0xb9,
	0x20,0x76,0x00,0xf0,0x00,0x20,0x11,0x91,0x00,0x10,0x40,0xb9,0xe0,0x1b,0x00,0xb9,
	0xe0,0x1b,0x40,0xb9,0xff,0xc3,0x00,0x91,0xc0,0x03,0x5f,0xd6,0xff,0xc3,0x00,0xd1,
	0xe0,0x0f,0x00,0xb9,0xff,0xbf,0x00,0x39,0xff,0x8f,0x00,0x39,0xe0,0x0f,0x40,0xb9,
	0xe0,0x1f,0x00,0xb9,0x20,0x76,0x00,0xf0,0x00,0x60,0x05,0x91,0x00,0x00,0x40,0x79,
	0x1f,0x04,0x00,0x71,0x81,0x02,0x00,0x54,0xff,0xbf,0x00,0x39,0x0f,0x00,0x00,0x14,
	0xe1,0xbf,0x40,0x39,0x20,0x76,0x00,0xf0,0x00,0x00,0x13,0x91,0x21,0x7c,0x40,0x93,
	0xe2,0x1f,0x40,0xb9,0x02,0x78,0x21,0xb8,0xe1,0xbf,0x40,0x39,0x20,0x76,0x00,0xf0,
	0x00,0x60,0x13,0x91,0x21,0x7c,0x40,0x93,0x1f,0x78,0x21,0xb8,0xe0,0xbf,0x40,0x39,
	0x00,0x04,0x00,0x11,0xe0,0xbf,0x00,0x39,0xe0,0xbf,0x40,0x39,0x1f,0x10,0x00,0x71,
	0x09,0xfe,0xff,0x54,0xff,0xbf,0x00,0x39,0x1a,0x00,0x00,0x14,0xe3,0xbf,0x40,0x39,
	0xe0,0xbf,0x40,0x39,0x01,0x04,0x00,0x11,0x20,0x76,0x00,0xf0,0x00,0x00,0x13,0x91,
	0x21,0x7c,0x40,0x93,0x02,0x78,0x61,0xb8,0x20,0x76,0x00,0xf0,0x00,0x00,0x13,0x91,
	0x61,0x7c,0x40,0x93,0x02,0x78,0x21,0xb8,0xe3,0xbf,0x40,0x39,0xe0,0xbf,0x40,0x39,
	0x01,0x04,0x00,0x11,0x20,0x76,0x00,0xf0,0x00,0x60,0x13,0x91,0x21,0x7c,0x40,0x93,
	0x02,0x78,0x61,0xb8,0x20,0x76,0x00,0xf0,0x00,0x60,0x13,0x91,0x61,0x7c,0x40,0x93,
	0x02,0x78,0x21,0xb8,0xe0,0xbf,0x40,0x39,0x00,0x04,0x00,0x11,0xe0,0xbf,0x00,0x39,
	0xe0,0xbf,0x40,0x39,0x1f,0x0c,0x00,0x71,0xa9,0xfc,0xff,0x54,0x20,0x76,0x00,0xf0,
	0x00,0x00,0x13,0x91,0xe1,0x1f,0x40,0xb9,0x01,0x10,0x00,0xb9,0xff,0xbf,0x00,0x39,
	0xff,0x2b,0x00,0xb9,0x12,0x00,0x00,0x14,0xe1,0xbf,0x40,0x39,0x20,0x76,0x00,0xf0,
	0x00,0x00,0x13,0x91,0x21,0x7c,0x40,0x93,0x00,0x78,0x61,0xb8,0xe2,0xbf,0x40,0x39,
	0x21,0x21,0x00,0xf0,0x21,0xc0,0x3e,0x91,0x42,0x7c,0x40,0x93,0x21,0x78,0xe2,0x78,
	0x00,0x7c,0x01,0x1b,0xe1,0x2b,0x40,0xb9,0x20,0x00,0x00,0x0b,0xe0,0x2b,0x00,0xb9,
	0xe0,0xbf,0x40,0x39,0x00,0x04,0x00,0x11,0xe0,0xbf,0x00,0x39,0xe0,0xbf,0x40,0x39,
	0x1f,0x10,0x00,0x71,0xa9,0xfd,0xff,0x54,0xff,0xbf,0x00,0x39,0xff,0x27,0x00,0xb9,
	0x12,0x00,0x00,0x14,0xe1,0xbf,0x40,0x39,0x20,0x76,0x00,0xf0,0x00,0x60,0x13,0x91,
	0x21,0x7c,0x40,0x93,0x00,0x78,0x61,0xb8,0xe2,0xbf,0x40,0x39,0x21,0x21,0x00,0xf0,
	0x21,0x80,0x3e,0x91,0x42,0x7c,0x40,0x93,0x21,0x78,0xe2,0x78,0x00,0x7c,0x01,0x1b,
	0xe1,0x27,0x40,0xb9,0x20,0x00,0x00,0x0b,0xe0,0x27,0x00,0xb9,0xe0,0xbf,0x40,0x39,
	0x00,0x04,0x00,0x11,0xe0,0xbf,0x00,0x39,0xe0,0xbf,0x40,0x39,0x1f,0x0c,0x00,0x71,
	0xa9,0xfd,0xff,0x54,0xe0,0x2b,0x40,0xb9,0x01,0x7c,0x0a,0x13,0xe0,0x27,0x40,0xb9,
	0x00,0x7c,0x0a,0x13,0x21,0x00,0x00,0x4b,0x20,0x76,0x00,0xf0,0x00,0x60,0x13,0x91,
	0x01,0x10,0x00,0xb9,0x20,0x76,0x00,0xf0,0x00,0x60,0x13,0x91,0x00,0x10,0x40,0xb9,
	0xe0,0x1b,0x00,0xb9,0xe0,0x1b,0x40,0xb9,0xff,0xc3,0x00,0x91,0xc0,0x03,0x5f,0xd6,
	0xff,0xc3,0x00,0xd1,0xe0,0x0f,0x00,0xb9,0xff,0xbf,0x00,0x39,0xff,0x8f,0x00,0x39,
	0xe0,0x0f,0x40,0xb9,0xe0,0x1f,0x00,0xb9,0x20,0x76,0x00,0xf0,0x00,0x60,0x05,0x91,
	0x00,0x00,0x40,0x79,0x1f,0x04,0x00,0x71,0xa1,0x02,0x00,0x54,0xff,0xbf,0x00,0x39,
	0x10,0x00,0x00,0x14,0xe1,0xbf,0x40,0x39,0x20,0x76,0x00,0xf0,0x00,0x40,0x0f,0x91,
	0x21,0x7c,0x40,0x93,0xe2,0x1f,0x40,0xb9,0x02,0x78,0x21,0xb8,0xe1,0xbf,0x40,0x39,
	0x20,0x76,0x00,0xf0,0x00,0xa0,0x0f,0x91,0x21,0x7c,0x40,0x93,0xe2,0x1f,0x40,0xb9,
	0x02,0x78,0x21,0xb8,0xe0,0xbf,0x40,0x39,0x00,0x04,0x00,0x11,0xe0,0xbf,0x00,0x39,
	0xe0,0xbf,0x40,0x39,0x1f,0x10,0x00,0x71,0xe9,0xfd,0xff,0x54,0xff,0xbf,0x00,0x39,
	0x1a,0x00,0x00,0x14,0xe3,0xbf,0x40,0x39,0xe0,0xbf,0x40,0x39,0x01,0x04,0x00,0x11,
	0x20,0x76,0x00,0xf0,0x00,0x40,0x0f,0x91,0x21,0x7c,0x40,0x93,0x02,0x78,0x61,0xb8,
	0x20,0x76,0x00,0xf0,0x00,0x40,0x0f,0x91,0x61,0x7c,0x40,0x93,0x02,0x78,0x21,0xb8,
	0xe3,0xbf,0x40,0x39,0xe0,0xbf,0x40,0x39,0x01,0x04,0x00,0x11,0x20,0x76,0x00,0xf0,
	0x00,0xa0,0x0f,0x91,0x21,0x7c,0x40,0x93,0x02,0x78,0x61,0xb8,0x20,0x76,0x00,0xf0,
	0x00,0xa0,0x0f,0x91,0x61,0x7c,0x40,0x93,0x02,0x78,0x21,0xb8,0xe0,0xbf,0x40,0x39,
	0x00,0x04,0x00,0x11,0xe0,0xbf,0x00,0x39,0xe0,0xbf,0x40,0x39,0x1f,0x0c,0x00,0x71,
	0xa9,0xfc,0xff,0x54,0x20,0x76,0x00,0xf0,0x00,0x40,0x0f,0x91,0xe1,0x1f,0x40,0xb9,
	0x01,0x10,0x00,0xb9,0xff,0xbf,0x00,0x39,0xff,0x2b,0x00,0xb9,0x12,0x00,0x00,0x14,
	0xe1,0xbf,0x40,0x39,0x20,0x76,0x00,0xf0,0x00,0x40,0x0f,0x91,0x21,0x7c,0x40,0x93,
	0x00,0x78,0x61,0xb8,0xe2,0xbf,0x40,0x39,0x21,0x21,0x00,0xf0,0x21,0x40,0x3e,0x91,
	0x42,0x7c,0x40,0x93,0x21,0x78,0xe2,0x78,0x00,0x7c,0x01,0x1b,0xe1,0x2b,0x40,0xb9,
	0x20,0x00,0x00,0x0b,0xe0,0x2b,0x00,0xb9,0xe0,0xbf,0x40,0x39,0x00,0x04,0x00,0x11,
	0xe0,0xbf,0x00,0x39,0xe0,0xbf,0x40,0x39,0x1f,0x10,0x00,0x71,0xa9,0xfd,0xff,0x54,
	0xff,0xbf,0x00,0x39,0xff,0x27,0x00,0xb9,0x12,0x00,0x00,0x14,0xe1,0xbf,0x40,0x39,
	0x20,0x76,0x00,0xf0,0x00,0xa0,0x0f,0x91,0x21,0x7c,0x40,0x93,0x00,0x78,0x61,0xb8,
	0xe2,0xbf,0x40,0x39,0x21,0x21,0x00,0xf0,0x21,0x00,0x3e,0x91,0x42,0x7c,0x40,0x93,
	0x21,0x78,0xe2,0x78,0x00,0x7c,0x01,0x1b,0xe1,0x27,0x40,0xb9,0x20,0x00,0x00,0x0b,
	0xe0,0x27,0x00,0xb9,0xe0,0xbf,0x40,0x39,0x00,0x04,0x00,0x11,0xe0,0xbf,0x00,0x39,
	0xe0,0xbf,0x40,0x39,0x1f,0x0c,0x00,0x71,0xa9,0xfd,0xff,0x54,0xe0,0x2b,0x40,0xb9,
	0x01,0x7c,0x0a,0x13,0xe0,0x27,0x40,0xb9,0x00,0x7c,0x0a,0x13,0x21,0x00,0x00,0x4b,
	0x20,0x76,0x00,0xf0,0x00,0xa0,0x0f,0x91,0x01,0x10,0x00,0xb9,0x20,0x76,0x00,0xf0,
	0x00,0xa0,0x0f,0x91,0x00,0x10,0x40,0xb9,0xe0,0x1b,0x00,0xb9,0xe0,0x1b,0x40,0xb9,
	0xff,0xc3,0x00,0x91,0xc0,0x03,0x5f,0xd6,0xff,0xc3,0x00,0xd1,0xe0,0x0f,0x00,0xb9,
	0xff,0xbf,0x00,0x39,0xff,0x8f,0x00,0x39,0xe0,0x0f,0x40,0xb9,0xe0,0x1f,0x00,0xb9,
	0x20,0x76,0x00,0xf0,0x00,0x60,0x05,0x91,0x00,0x00,0x40,0x79,0x1f,0x04,0x00,0x71,
	0x81,0x02,0x00,0x54,0xff,0xbf,0x00,0x39,0x0f,0x00,0x00,0x14,0xe1,0xbf,0x40,0x39,
	0x20,0x76,0x00,0xf0,0x00,0x80,0x11,0x91,0x21,0x7c,0x40,0x93,0xe2,0x1f,0x40,0xb9,
	0x02,0x78,0x21,0xb8,0xe1,0xbf,0x40,0x39,0x20,0x76,0x00,0xf0,0x00,0xe0,0x11,0x91,
	0x21,0x7c,0x40,0x93,0x1f,0x78,0x21,0xb8,0xe0,0xbf,0x40,0x39,0x00,0x04,0x00,0x11,
	0xe0,0xbf,0x00,0x39,0xe0,0xbf,0x40,0x39,0x1f,0x10,0x00,0x71,0x09,0xfe,0xff,0x54,
	0xff,0xbf,0x00,0x39,0x1a,0x00,0x00,0x14,0xe3,0xbf,0x40,0x39,0xe0,0xbf,0x40,0x39,
	0x01,0x04,0x00,0x11,0x20,0x76,0x00,0xf0,0x00,0x80,0x11,0x91,0x21,0x7c,0x40,0x93,
	0x02,0x78,0x61,0xb8,0x20,0x76,0x00,0xf0,0x00,0x80,0x11,0x91,0x61,0x7c,0x40,0x93,
	0x02,0x78,0x21,0xb8,0xe3,0xbf,0x40,0x39,0xe0,0xbf,0x40,0x39,0x01,0x04,0x00,0x11,
	0x20,0x76,0x00,0xf0,0x00,0xe0,0x11,0x91,0x21,0x7c,0x40,0x93,0x02,0x78,0x61,0xb8,
	0x20,0x76,0x00,0xf0,0x00,0xe0,0x11,0x91,0x61,0x7c,0x40,0x93,0x02,0x78,0x21,0xb8,
	0xe0,0xbf,0x40,0x39,0x00,0x04,0x00,0x11,0xe0,0xbf,0x00,0x39,0xe0,0xbf,0x40,0x39,
	0x1f,0x0c,0x00,0x71,0xa9,0xfc,0xff,0x54,0x20,0x76,0x00,0xf0,0x00,0x80,0x11,0x91,
	0xe1,0x1f,0x40,0xb9,0x01,0x10,0x00,0xb9,0xff,0xbf,0x00,0x39,0xff,0x2b,0x00,0xb9,
	0x12,0x00,0x00,0x14,0xe1,0xbf,0x40,0x39,0x20,0x76,0x00,0xf0,0x00,0x80,0x11,0x91,
	0x21,0x7c,0x40,0x93,0x00,0x78,0x61,0xb8,0xe2,0xbf,0x40,0x39,0x21,0x21,0x00,0xf0,
	0x21,0xc0,0x3e,0x91,0x42,0x7c,0x40,0x93,0x21,0x78,0xe2,0x78,0x00,0x7c,0x01,0x1b,
	0xe1,0x2b,0x40,0xb9,0x20,0x00,0x00,0x0b,0xe0,0x2b,0x00,0xb9,0xe0,0xbf,0x40,0x39,
	0x00,0x04,0x00,0x11,0xe0,0xbf,0x00,0x39,0xe0,0xbf,0x40,0x39,0x1f,0x10,0x00,0x71,
	0xa9,0xfd,0xff,0x54,0xff,0xbf,0x00,0x39,0xff,0x27,0x00,0xb9,0x12,0x00,0x00,0x14,
	0xe1,0xbf,0x40,0x39,0x20,0x76,0x00,0xf0,0x00,0xe0,0x11,0x91,0x21,0x7c,0x40,0x93,
	0x00,0x78,0x61,0xb8,0xe2,0xbf,0x40,0x39,0x21,0x21,0x00,0xf0,0x21,0x80,0x3e,0x91,
	0x42,0x7c,0x40,0x93,0x21,0x78,0xe2,0x78,0x00,0x7c,0x01,0x1b,0xe1,0x27,0x40,0xb9,
	0x20,0x00,0x00,0x0b,0xe0,0x27,0x00,0xb9,0xe0,0xbf,0x40,0x39,0x00,0x04,0x00,0x11,
	0xe0,0xbf,0x00,0x39,0xe0,0xbf,0x40,0x39,0x1f,0x0c,0x00,0x71,0xa9,0xfd,0xff,0x54,
	0xe0,0x2b,0x40,0xb9,0x01,0x7c,0x0a,0x13,0xe0,0x27,0x40,0xb9,0x00,0x7c,0x0a,0x13,
	0x21,0x00,0x00,0x4b,0x20,0x76,0x00,0xf0,0x00,0xe0,0x11,0x91,0x01,0x10,0x00,0xb9,
	0x20,0x76,0x00,0xf0,0x00,0xe0,0x11,0x91,0x00,0x10,0x40,0xb9,0xe0,0x1b,0x00,0xb9,
	0xe0,0x1b,0x40,0xb9,0xff,0xc3,0x00,0x91,0xc0,0x03,0x5f,0xd6,0xff,0x83,0x00,0xd1,
	0xe0,0x1f,0x00,0x79,0xe1,0x03,0x00,0xf9,0xff,0x3f,0x00,0x79,0xff,0x1b,0x00,0xb9,
	0xff,0x17,0x00,0xb9,0x14,0x00,0x00,0x14,0xe0,0x3f,0x40,0x79,0x00,0xf4,0x7e,0xd3,
	0xe1,0x03,0x40,0xf9,0x20,0x00,0x00,0x8b,0x00,0x00,0x40,0xb9,0xe1,0x1b,0x40,0xb9,
	0x20,0x00,0x00,0x0b,0xe0,0x1b,0x00,0xb9,0xe1,0x3f,0x40,0x79,0x20,0x76,0x00,0xf0,
	0x00,0x20,0x20,0x91,0x21,0x7c,0x40,0x93,0x00,0x78,0x61,0xb8,0xe1,0x17,0x40,0xb9,
	0x20,0x00,0x00,0x0b,0xe0,0x17,0x00,0xb9,0xe0,0x3f,0x40,0x79,0x00,0x04,0x00,0x11,
	0xe0,0x3f,0x00,0x79,0xe1,0x3f,0x40,0x79,0xe0,0x1f,0x40,0x79,0x3f,0x00,0x00,0x6b,
	0x43,0xfd,0xff,0x54,0xe0,0x1f,0x40,0x79,0x1f,0x00,0x00,0x71,0xc0,0x01,0x00,0x54,
	0xe0,0x1f,0x40,0x79,0xe1,0x1b,0x40,0xb9,0x21,0x08,0xc0,0x1a,0x60,0x77,0x00,0x90,
	0x00,0x60,0x19,0x91,0x01,0x00,0x00,0xb9,0xe0,0x1f,0x40,0x79,0xe1,0x17,0x40,0xb9,
	0x21,0x08,0xc0,0x1a,0x60,0x77,0x00,0x90,0x00,0x30,0x18,0x91,0x01,0x00,0x00,0xb9,
	0x07,0x00,0x00,0x14,0x60,0x77,0x00,0x90,0x00,0x60,0x19,0x91,0x1f,0x00,0x00,0xb9,
	0x60,0x77,0x00,0x90,0x00,0x30,0x18,0x91,0x1f,0x00,0x00,0xb9,0x20,0x00,0x80,0x52,
	0xff,0x83,0x00,0x91,0xc0,0x03,0x5f,0xd6,0xfd,0x7b,0xba,0xa9,0xfd,0x03,0x00,0x91,
	0xf3,0x0b,0x00,0xf9,0xa0,0x3f,0x00,0xb9,0xa1,0x77,0x00,0x79,0xa2,0x1b,0x00,0xf9,
	0xa3,0x17,0x00,0xf9,0xbf,0xbf,0x00,0x79,0xbf,0xbb,0x00,0x79,0xbf,0x3f,0x01,0x39,
	0xbf,0xbf,0x00,0x79,0xbf,0x5b,0x00,0xb9,0xbf,0x57,0x00,0xb9,0x14,0x00,0x00,0x14,
	0xa0,0xbf,0x40,0x79,0x00,0xf4,0x7e,0xd3,0xa1,0x1b,0x40,0xf9,0x20,0x00,0x00,0x8b,
	0x00,0x00,0x40,0xb9,0xa1,0x5b,0x40,0xb9,0x20,0x00,0x00,0x0b,0xa0,0x5b,0x00,0xb9,
	0xa1,0xbf,0x40,0x79,0x20,0x76,0x00,0xf0,0x00,0x20,0x20,0x91,0x21,0x7c,0x40,0x93,
	0x00,0x78,0x61,0xb8,0xa1,0x57,0x40,0xb9,0x20,0x00,0x00,0x0b,0xa0,0x57,0x00,0xb9,
	0xa0,0xbf,0x40,0x79,0x00,0x04,0x00,0x11,0xa0,0xbf,0x00,0x79,0xa1,0xbf,0x40,0x79,
	0xa0,0x77,0x40,0x79,0x3f,0x00,0x00,0x6b,0x43,0xfd,0xff,0x54,0xa0,0x77,0x40,0x79,
	0x1f,0x00,0x00,0x71,0xc0,0x01,0x00,0x54,0xa0,0x77,0x40,0x79,0xa1,0x5b,0x40,0xb9,
	0x21,0x08,0xc0,0x1a,0x60,0x77,0x00,0x90,0x00,0x60,0x19,0x91,0x01,0x00,0x00,0xb9,
	0xa0,0x77,0x40,0x79,0xa1,0x57,0x40,0xb9,0x21,0x08,0xc0,0x1a,0x60,0x77,0x00,0x90,
	0x00,0x30,0x18,0x91,0x01,0x00,0x00,0xb9,0x07,0x00,0x00,0x14,0x60,0x77,0x00,0x90,
	0x00,0x60,0x19,0x91,0x1f,0x00,0x00,0xb9,0x60,0x77,0x00,0x90,0x00,0x30,0x18,0x91,
	0x1f,0x00,0x00,0xb9,0x20,0x76,0x00,0xf0,0x00,0x60,0x05,0x91,0x00,0x00,0x40,0x79,
	0x1f,0x08,0x00,0x71,0x08,0x14,0x00,0x54,0x20,0x76,0x00,0xf0,0x00,0x60,0x05,0x91,
	0x00,0x00,0x40,0x79,0x1f,0x04,0x00,0x71,0x48,0x04,0x00,0x54,0xa0,0x1b,0x40,0xf9,
	0x00,0x00,0x40,0xb9,0xe1,0x03,0x00,0x2a,0x20,0x76,0x00,0xf0,0x00,0x40,0x15,0x91,
	0x01,0x00,0x00,0xb9,0x20,0x76,0x00,0xf0,0x00,0x40,0x15,0x91,0x01,0x00,0x40,0xb9,
	0x20,0x76,0x00,0xf0,0x00,0x30,0x15,0x91,0x01,0x00,0x00,0xb9,0x20,0x76,0x00,0xf0,
	0x00,0x40,0x15,0x91,0x01,0x00,0x40,0xb9,0x20,0x76,0x00,0xf0,0x00,0x20,0x15,0x91,
	0x01,0x00,0x00,0xb9,0x20,0x76,0x00,0xf0,0x00,0x40,0x15,0x91,0x00,0x00,0x40,0xb9,
	0xa0,0x53,0x00,0xb9,0xbf,0xbb,0x00,0x79,0x07,0x00,0x00,0x14,0xa1,0x53,0x40,0xb9,
	0xa0,0x3f,0x40,0xb9,0xed,0xf7,0xff,0x97,0xa0,0xbb,0x40,0x79,0x00,0x04,0x00,0x11,
	0xa0,0xbb,0x00,0x79,0xa0,0xbb,0x40,0x79,0x1f,0xc4,0x00,0x71,0x09,0xff,0xff,0x54,
	0xbf,0xbb,0x00,0x79,0x5b,0x00,0x00,0x14,0x20,0x76,0x00,0xf0,0x00,0x30,0x15,0x91,
	0x01,0x00,0x40,0xb9,0x20,0x76,0x00,0xf0,0x00,0x20,0x15,0x91,0x01,0x00,0x00,0xb9,
	0x20,0x76,0x00,0xf0,0x00,0x40,0x15,0x91,0x01,0x00,0x40,0xb9,0x20,0x76,0x00,0xf0,
	0x00,0x30,0x15,0x91,0x01,0x00,0x00,0xb9,0xa0,0xbb,0x40,0x79,0x00,0xf4,0x7e,0xd3,
	0xa1,0x1b,0x40,0xf9,0x20,0x00,0x00,0x8b,0x00,0x00,0x40,0xb9,0xe1,0x03,0x00,0x2a,
	0x20,0x76,0x00,0xf0,0x00,0x40,0x15,0x91,0x01,0x00,0x00,0xb9,0x20,0x76,0x00,0xf0,
	0x00,0x20,0x15,0x91,0x01,0x00,0x40,0xb9,0x20,0x76,0x00,0xf0,0x00,0x30,0x15,0x91,
	0x00,0x00,0x40,0xb9,0x21,0x00,0x00,0x4b,0x20,0x76,0x00,0xf0,0x00,0x20,0x15,0x91,
	0x00,0x00,0x40,0xb9,0x00,0x7c,0x08,0x13,0x3f,0x00,0x00,0x6b,0x2d,0x03,0x00,0x54,
	0x20,0x76,0x00,0xf0,0x00,0x40,0x15,0x91,0x01,0x00,0x40,0xb9,0x20,0x76,0x00,0xf0,
	0x00,0x30,0x15,0x91,0x00,0x00,0x40,0xb9,0x21,0x00,0x00,0x4b,0x20,0x76,0x00,0xf0,
	0x00,0x40,0x15,0x91,0x00,0x00,0x40,0xb9,0x00,0x7c,0x08,0x13,0x3f,0x00,0x00,0x6b,
	0x8d,0x01,0x00,0x54,0x20,0x76,0x00,0xf0,0x00,0x40,0x15,0x91,0x00,0x00,0x40,0xb9,
	0x01,0x7c,0x01,0x13,0x20,0x76,0x00,0xf0,0x00,0x20,0x15,0x91,0x00,0x00,0x40,0xb9,
	0x00,0x7c,0x01,0x13,0x20,0x00,0x00,0x0b,0xa0,0x53,0x00,0xb9,0x05,0x00,0x00,0x14,
	0x20,0x76,0x00,0xf0,0x00,0x30,0x15,0x91,0x00,0x00,0x40,0xb9,0xa0,0x53,0x00,0xb9,
	0xb3,0xbb,0x40,0x79,0xa1,0x53,0x40,0xb9,0xa0,0x3f,0x40,0xb9,0xa3,0xf7,0xff,0x97,
	0xe2,0x03,0x00,0x2a,0x20,0x76,0x00,0xf0,0x00,0x20,0x07,0x91,0x61,0x7e,0x40,0x93,
	0x02,0x78,0x21,0xb8,0xa1,0xbb,0x40,0x79,0x20,0x76,0x00,0xf0,0x00,0x60,0x27,0x91,
	0x21,0x7c,0x40,0x93,0xa2,0x53,0x40,0xb9,0x02,0x78,0x21,0xb8,0xa3,0xbb,0x40,0x79,
	0xa1,0xbb,0x40,0x79,0x20,0x76,0x00,0xf0,0x00,0x20,0x07,0x91,0x21,0x7c,0x40,0x93,
	0x02,0x78,0x61,0xb8,0x20,0x76,0x00,0xf0,0x00,0xc0,0x25,0x91,0x61,0x7c,0x40,0x93,
	0x02,0x78,0x21,0xb8,0xa0,0xbb,0x40,0x79,0x00,0x04,0x00,0x11,0xa0,0xbb,0x00,0x79,
	0xa1,0xbb,0x40,0x79,0xa0,0x77,0x40,0x79,0x3f,0x00,0x00,0x6b,0x63,0xf4,0xff,0x54,
	0x20,0x76,0x00,0xf0,0x00,0x60,0x05,0x91,0x00,0x00,0x40,0x79,0x1f,0x08,0x00,0x71,
	0x81,0x13,0x00,0x54,0xbf,0xbf,0x00,0x79,0x0f,0x00,0x00,0x14,0xa0,0xbf,0x40,0x79,
	0x00,0xf4,0x7e,0xd3,0xa1,0x17,0x40,0xf9,0x20,0x00,0x00,0x8b,0xa1,0x77,0x40,0x79,
	0x22,0x04,0x00,0x51,0x21,0x76,0x00,0xf0,0x21,0x20,0x07,0x91,0x42,0x7c,0x40,0x93,
	0x21,0x78,0x62,0xb8,0x01,0x00,0x00,0xb9,0xa0,0xbf,0x40,0x79,0x00,0x04,0x00,0x11,
	0xa0,0xbf,0x00,0x79,0xa0,0xbf,0x40,0x79,0x1f,0xfc,0x03,0x71,0x09,0xfe,0xff,0x54,
	0x88,0x00,0x00,0x14,0xbf,0xbf,0x00,0x79,0x11,0x00,0x00,0x14,0xa0,0xbf,0x40,0x79,
	0x00,0xf4,0x7e,0xd3,0xa1,0x17,0x40,0xf9,0x20,0x00,0x00,0x8b,0xa2,0xbf,0x40,0x79,
	0xa1,0x77,0x40,0x79,0x41,0x00,0x01,0x0b,0x21,0x7c,0x40,0x93,0x21,0xf4,0x7e,0xd3,
	0xa2,0x17,0x40,0xf9,0x41,0x00,0x01,0x8b,0x21,0x00,0x40,0xb9,0x01,0x00,0x00,0xb9,
	0xa0,0xbf,0x40,0x79,0x00,0x04,0x00,0x11,0xa0,0xbf,0x00,0x79,0xa1,0xbf,0x40,0x79,
	0xa0,0x77,0x40,0x79,0x02,0x20,0x80,0x52,0x40,0x00,0x00,0x4b,0x3f,0x00,0x00,0x6b,
	0x6b,0xfd,0xff,0x54,0xbf,0xbb,0x00,0x79,0x6a,0x00,0x00,0x14,0x20,0x76,0x00,0xf0,
	0x00,0x30,0x15,0x91,0x01,0x00,0x40,0xb9,0x20,0x76,0x00,0xf0,0x00,0x20,0x15,0x91,
	0x01,0x00,0x00,0xb9,0x20,0x76,0x00,0xf0,0x00,0x40,0x15,0x91,0x01,0x00,0x40,0xb9,
	0x20,0x76,0x00,0xf0,0x00,0x30,0x15,0x91,0x01,0x00,0x00,0xb9,0xa0,0xbb,0x40,0x79,
	0x00,0xf4,0x7e,0xd3,0xa1,0x1b,0x40,0xf9,0x20,0x00,0x00,0x8b,0x00,0x00,0x40,0xb9,
	0xe1,0x03,0x00,0x2a,0x20,0x76,0x00,0xf0,0x00,0x40,0x15,0x91,0x01,0x00,0x00,0xb9,
	0x20,0x76,0x00,0xf0,0x00,0x20,0x15,0x91,0x01,0x00,0x40,0xb9,0x20,0x76,0x00,0xf0,
	0x00,0x30,0x15,0x91,0x00,0x00,0x40,0xb9,0x21,0x00,0x00,0x4b,0x20,0x76,0x00,0xf0,
	0x00,0x20,0x15,0x91,0x00,0x00,0x40,0xb9,0x00,0x7c,0x08,0x13,0x3f,0x00,0x00,0x6b,
	0x2d,0x03,0x00,0x54,0x20,0x76,0x00,0xf0,0x00,0x40,0x15,0x91,0x01,0x00,0x40,0xb9,
	0x20,0x76,0x00,0xf0,0x00,0x30,0x15,0x91,0x00,0x00,0x40,0xb9,0x21,0x00,0x00,0x4b,
	0x20,0x76,0x00,0xf0,0x00,0x40,0x15,0x91,0x00,0x00,0x40,0xb9,0x00,0x7c,0x08,0x13,
	0x3f,0x00,0x00,0x6b,0x8d,0x01,0x00,0x54,0x20,0x76,0x00,0xf0,0x00,0x40,0x15,0x91,
	0x00,0x00,0x40,0xb9,0x01,0x7c,0x01,0x13,0x20,0x76,0x00,0xf0,0x00,0x20,0x15,0x91,
	0x00,0x00,0x40,0xb9,0x00,0x7c,0x01,0x13,0x20,0x00,0x00,0x0b,0xa0,0x53,0x00,0xb9,
	0x05,0x00,0x00,0x14,0x20,0x76,0x00,0xf0,0x00,0x30,0x15,0x91,0x00,0x00,0x40,0xb9,
	0xa0,0x53,0x00,0xb9,0xb3,0xbb,0x40,0x79,0xa1,0x53,0x40,0xb9,0xa0,0x3f,0x40,0xb9,
	0x12,0xf7,0xff,0x97,0xe2,0x03,0x00,0x2a,0x20,0x76,0x00,0xf0,0x00,0x20,0x07,0x91,
	0x61,0x7e,0x40,0x93,0x02,0x78,0x21,0xb8,0xa1,0xbb,0x40,0x79,0x20,0x76,0x00,0xf0,
	0x00,0x60,0x27,0x91,0x21,0x7c,0x40,0x93,0xa2,0x53,0x40,0xb9,0x02,0x78,0x21,0xb8,
	0xa3,0xbb,0x40,0x79,0xa1,0xbb,0x40,0x79,0x20,0x76,0x00,0xf0,0x00,0x20,0x07,0x91,
	0x21,0x7c,0x40,0x93,0x02,0x78,0x61,0xb8,0x20,0x76,0x00,0xf0,0x00,0xc0,0x25,0x91,
	0x61,0x7c,0x40,0x93,0x02,0x78,0x21,0xb8,0xa0,0x77,0x40,0x79,0x01,0x20,0x80,0x52,
	0x21,0x00,0x00,0x4b,0xa0,0xbb,0x40,0x79,0x20,0x00,0x00,0x0b,0x00,0x7c,0x40,0x93,
	0x00,0xf4,0x7e,0xd3,0xa1,0x17,0x40,0xf9,0x20,0x00,0x00,0x8b,0xa2,0xbb,0x40,0x79,
	0x21,0x76,0x00,0xf0,0x21,0x20,0x07,0x91,0x42,0x7c,0x40,0x93,0x21,0x78,0x62,0xb8,
	0x01,0x00,0x00,0xb9,0xa0,0xbb,0x40,0x79,0x00,0x04,0x00,0x11,0xa0,0xbb,0x00,0x79,
	0xa1,0xbb,0x40,0x79,0xa0,0x77,0x40,0x79,0x3f,0x00,0x00,0x6b,0x83,0xf2,0xff,0x54,
	0x20,0x00,0x80,0x52,0xa0,0x3f,0x01,0x39,0xa0,0x3f,0x41,0x39,0xf3,0x0b,0x40,0xf9,
	0xfd,0x7b,0xc6,0xa8,0xc0,0x03,0x5f,0xd6,0xfd,0x7b,0xb7,0xa9,0xfd,0x03,0x00,0x91,
	0xf3,0x0b,0x00,0xf9,0xa0,0xbf,0x00,0x79,0xa1,0x2b,0x00,0xf9,0xa2,0x27,0x00,0xf9,
	0xa3,0x23,0x00,0xf9,0xa4,0x1f,0x00,0xf9,0xa5,0x1b,0x00,0xf9,0xa6,0x17,0x00,0xf9,
	0xbf,0x1f,0x01,0x79,0xbf,0x1b,0x01,0x79,0xbf,0xff,0x01,0x39,0xbf,0x1f,0x01,0x79,
	0xbf,0x8b,0x00,0xb9,0xbf,0x87,0x00,0xb9,0xbf,0x83,0x00,0xb9,0x1c,0x00,0x00,0x14,
	0xa0,0x1f,0x41,0x79,0x00,0xf4,0x7e,0xd3,0xa1,0x2b,0x40,0xf9,0x20,0x00,0x00,0x8b,
	0x00,0x00,0x40,0xb9,0xa1,0x8b,0x40,0xb9,0x20,0x00,0x00,0x0b,0xa0,0x8b,0x00,0xb9,
	0xa0,0x1f,0x41,0x79,0x00,0xf4,0x7e,0xd3,0xa1,0x23,0x40,0xf9,0x20,0x00,0x00,0x8b,
	0x00,0x00,0x40,0xb9,0xa1,0x87,0x40,0xb9,0x20,0x00,0x00,0x0b,0xa0,0x87,0x00,0xb9,
	0xa0,0x1f,0x41,0x79,0x00,0xf4,0x7e,0xd3,0xa1,0x1b,0x40,0xf9,0x20,0x00,0x00,0x8b,
	0x00,0x00,0x40,0xb9,0xa1,0x83,0x40,0xb9,0x20,0x00,0x00,0x0b,0xa0,0x83,0x00,0xb9,
	0xa0,0x1f,0x41,0x79,0x00,0x04,0x00,0x11,0xa0,0x1f,0x01,0x79,0xa1,0x1f,0x41,0x79,
	0xa0,0xbf,0x40,0x79,0x3f,0x00,0x00,0x6b,0x43,0xfc,0xff,0x54,0x20,0x76,0x00,0xf0,
	0x00,0x60,0x05,0x91,0x00,0x00,0x40,0x79,0x1f,0x04,0x00,0x71,0x28,0x1a,0x00,0x54,
	0x20,0x76,0x00,0xf0,0x00,0x60,0x05,0x91,0x00,0x00,0x40,0x79,0x1f,0x04,0x00,0x71,
	0xe1,0x41,0x00,0x54,0xa0,0x2b,0x40,0xf9,0x00,0x00,0x40,0xb9,0xa0,0x7b,0x00,0xb9,
	0xa0,0x23,0x40,0xf9,0x00,0x00,0x40,0xb9,0xa0,0x77,0x00,0xb9,0xa0,0x1b,0x40,0xf9,
	0x00,0x00,0x40,0xb9,0xa0,0x73,0x00,0xb9,0xbf,0x1f,0x01,0x79,0x49,0x00,0x00,0x14,
	0xa1,0x1f,0x41,0x79,0x20,0x76,0x00,0xf0,0x00,0x40,0x0f,0x91,0x21,0x7c,0x40,0x93,
	0xa2,0x7b,0x40,0xb9,0x02,0x78,0x21,0xb8,0xa1,0x1f,0x41,0x79,0x20,0x76,0x00,0xf0,
	0x00,0xa0,0x0f,0x91,0x21,0x7c,0x40,0x93,0xa2,0x7b,0x40,0xb9,0x02,0x78,0x21,0xb8,
	0xa1,0x1f,0x41,0x79,0x20,0x76,0x00,0xf0,0x00,0x80,0x11,0x91,0x21,0x7c,0x40,0x93,
	0xa2,0x7b,0x40,0xb9,0x02,0x78,0x21,0xb8,0xa1,0x1f,0x41,0x79,0x20,0x76,0x00,0xf0,
	0x00,0xe0,0x11,0x91,0x21,0x7c,0x40,0x93,0x1f,0x78,0x21,0xb8,0xa1,0x1f,0x41,0x79,
	0x20,0x76,0x00,0xf0,0x00,0x00,0x10,0x91,0x21,0x7c,0x40,0x93,0xa2,0x77,0x40,0xb9,
	0x02,0x78,0x21,0xb8,0xa1,0x1f,0x41,0x79,0x20,0x76,0x00,0xf0,0x00,0x60,0x10,0x91,
	0x21,0x7c,0x40,0x93,0xa2,0x77,0x40,0xb9,0x02,0x78,0x21,0xb8,0xa1,0x1f,0x41,0x79,
	0x20,0x76,0x00,0xf0,0x00,0x40,0x12,0x91,0x21,0x7c,0x40,0x93,0xa2,0x77,0x40,0xb9,
	0x02,0x78,0x21,0xb8,0xa1,0x1f,0x41,0x79,0x20,0x76,0x00,0xf0,0x00,0xa0,0x12,0x91,
	0x21,0x7c,0x40,0x93,0x1f,0x78,0x21,0xb8,0xa1,0x1f,0x41,0x79,0x20,0x76,0x00,0xd0,
	0x00,0xc0,0x10,0x91,0x21,0x7c,0x40,0x93,0xa2,0x73,0x40,0xb9,0x02,0x78,0x21,0xb8,
	0xa1,0x1f,0x41,0x79,0x20,0x76,0x00,0xd0,0x00,0x20,0x11,0x91,0x21,0x7c,0x40,0x93,
	0xa2,0x73,0x40,0xb9,0x02,0x78,0x21,0xb8,0xa1,0x1f,0x41,0x79,0x20,0x76,0x00,0xd0,
	0x00,0x00,0x13,0x91,0x21,0x7c,0x40,0x93,0xa2,0x73,0x40,0xb9,0x02,0x78,0x21,0xb8,
	0xa1,0x1f,0x41,0x79,0x20,0x76,0x00,0xd0,0x00,0x60,0x13,0x91,0x21,0x7c,0x40,0x93,
	0x1f,0x78,0x21,0xb8,0xa0,0x1f,0x41,0x79,0x00,0x04,0x00,0x11,0xa0,0x1f,0x01,0x79,
	0xa0,0x1f,0x41,0x79,0x1f,0x10,0x00,0x71,0xc9,0xf6,0xff,0x54,0xbf,0x1b,0x01,0x79,
	0x0a,0x00,0x00,0x14,0xa0,0x7b,0x40,0xb9,0xa7,0xf7,0xff,0x97,0xa0,0x77,0x40,0xb9,
	0x32,0xf8,0xff,0x97,0xa0,0x73,0x40,0xb9,0xbd,0xf8,0xff,0x97,0xa0,0x1b,0x41,0x79,
	0x00,0x04,0x00,0x11,0xa0,0x1b,0x01,0x79,0xa0,0x1b,0x41,0x79,0x1f,0xc4,0x00,0x71,
	0xa9,0xfe,0xff,0x54,0xbf,0x1b,0x01,0x79,0x61,0x00,0x00,0x14,0xa0,0x1b,0x41,0x79,
	0x00,0xf4,0x7e,0xd3,0xa1,0x2b,0x40,0xf9,0x20,0x00,0x00,0x8b,0x00,0x00,0x40,0xb9,
	0xa0,0x7b,0x00,0xb9,0xa0,0x7b,0x40,0xb9,0xba,0xfc,0xff,0x97,0xa0,0x6f,0x00,0xb9,
	0xb3,0x1b,0x41,0x79,0xa0,0x6f,0x40,0xb9,0x34,0xfd,0xff,0x97,0xe2,0x03,0x00,0x2a,
	0x20,0x76,0x00,0xd0,0x00,0x80,0x05,0x91,0x61,0x7e,0x40,0x93,0x02,0x78,0x21,0xb8,
	0xb3,0x1b,0x41,0x79,0xa0,0x6f,0x40,0xb9,0x87,0xf7,0xff,0x97,0xe2,0x03,0x00,0x2a,
	0x20,0x76,0x00,0xd0,0x00,0x60,0x0a,0x91,0x61,0x7e,0x40,0x93,0x02,0x78,0x21,0xb8,
	0xa1,0x1b,0x41,0x79,0x20,0x76,0x00,0xd0,0x00,0x60,0x0a,0x91,0x21,0x7c,0x40,0x93,
	0xa2,0x6f,0x40,0xb9,0x02,0x78,0x21,0xb8,0xa0,0x1b,0x41,0x79,0x00,0xf4,0x7e,0xd3,
	0xa1,0x23,0x40,0xf9,0x20,0x00,0x00,0x8b,0x00,0x00,0x40,0xb9,0xa0,0x77,0x00,0xb9,
	0xa0,0x77,0x40,0xb9,0xa5,0xfa,0xff,0x97,0xa0,0x6f,0x00,0xb9,0xb3,0x1b,0x41,0x79,
	0xa0,0x6f,0x40,0xb9,0x1f,0xfb,0xff,0x97,0xe2,0x03,0x00,0x2a,0x20,0x76,0x00,0xd0,
	0x00,0x20,0x07,0x91,0x61,0x7e,0x40,0x93,0x02,0x78,0x21,0xb8,0xb3,0x1b,0x41,0x79,
	0xa0,0x6f,0x40,0xb9,0xf5,0xf7,0xff,0x97,0xe2,0x03,0x00,0x2a,0x20,0x76,0x00,0xd0,
	0x00,0x00,0x0c,0x91,0x61,0x7e,0x40,0x93,0x02,0x78,0x21,0xb8,0xa1,0x1b,0x41,0x79,
	0x20,0x76,0x00,0xd0,0x00,0x00,0x0c,0x91,0x21,0x7c,0x40,0x93,0xa2,0x6f,0x40,0xb9,
	0x02,0x78,0x21,0xb8,0xa0,0x1b,0x41,0x79,0x00,0xf4,0x7e,0xd3,0xa1,0x1b,0x40,0xf9,
	0x20,0x00,0x00,0x8b,0x00,0x00,0x40,0xb9,0xa0,0x73,0x00,0xb9,0xa0,0x73,0x40,0xb9,
	0x81,0xfb,0xff,0x97,0xa0,0x6f,0x00,0xb9,0xb3,0x1b,0x41,0x79,0xa0,0x6f,0x40,0xb9,
	0xfb,0xfb,0xff,0x97,0xe2,0x03,0x00,0x2a,0x20,0x76,0x00,0xd0,0x00,0xc0,0x08,0x91,
	0x61,0x7e,0x40,0x93,0x02,0x78,0x21,0xb8,0xb3,0x1b,0x41,0x79,0xa0,0x6f,0x40,0xb9,
	0x63,0xf8,0xff,0x97,0xe2,0x03,0x00,0x2a,0x20,0x76,0x00,0xd0,0x00,0xa0,0x0d,0x91,
	0x61,0x7e,0x40,0x93,0x02,0x78,0x21,0xb8,0xa1,0x1b,0x41,0x79,0x20,0x76,0x00,0xd0,
	0x00,0xa0,0x0d,0x91,0x21,0x7c,0x40,0x93,0xa2,0x6f,0x40,0xb9,0x02,0x78,0x21,0xb8,
	0xa0,0x1b,0x41,0x79,0x00,0x04,0x00,0x11,0xa0,0x1b,0x01,0x79,0xa1,0x1b,0x41,0x79,
	0xa0,0xbf,0x40,0x79,0x3f,0x00,0x00,0x6b,0xa3,0xf3,0xff,0x54,0x44,0x01,0x00,0x14,
	0xbf,0x1f,0x01,0x79,0x20,0x76,0x00,0xd0,0x00,0xb0,0x23,0x91,0x1f,0x00,0x00,0xb9,
	0x20,0x76,0x00,0xd0,0x00,0xc0,0x23,0x91,0x1f,0x00,0x00,0xb9,0x20,0x76,0x00,0xd0,
	0x00,0xd0,0x23,0x91,0x1f,0x00,0x00,0xb9,0x5e,0x00,0x00,0x14,0xa0,0x1f,0x41,0x79,
	0x00,0xf4,0x7e,0xd3,0xa1,0x27,0x40,0xf9,0x20,0x00,0x00,0x8b,0xa2,0x1f,0x41,0x79,
	0xa1,0xbf,0x40,0x79,0x41,0x00,0x01,0x0b,0x21,0x7c,0x40,0x93,0x21,0xf4,0x7e,0xd3,
	0xa2,0x27,0x40,0xf9,0x41,0x00,0x01,0x8b,0x21,0x00,0x40,0xb9,0x01,0x00,0x00,0xb9,
	0xa0,0x1f,0x41,0x79,0x00,0xf4,0x7e,0xd3,0xa1,0x27,0x40,0xf9,0x20,0x00,0x00,0x8b,
	0x00,0x00,0x40,0xb9,0x00,0x7c,0x40,0x93,0x1f,0x00,0x00,0xf1,0x00,0xa4,0x80,0xda,
	0xe1,0x03,0x00,0x2a,0x20,0x76,0x00,0xd0,0x00,0xb0,0x23,0x91,0x00,0x00,0x40,0xb9,
	0x20,0x00,0x00,0x0b,0xe1,0x03,0x00,0x2a,0x20,0x76,0x00,0xd0,0x00,0xb0,0x23,0x91,
	0x01,0x00,0x00,0xb9,0xa0,0x1f,0x41,0x79,0x00,0xf4,0x7e,0xd3,0xa1,0x1f,0x40,0xf9,
	0x20,0x00,0x00,0x8b,0xa2,0x1f,0x41,0x79,0xa1,0xbf,0x40,0x79,0x41,0x00,0x01,0x0b,
	0x21,0x7c,0x40,0x93,0x21,0xf4,0x7e,0xd3,0xa2,0x1f,0x40,0xf9,0x41,0x00,0x01,0x8b,
	0x21,0x00,0x40,0xb9,0x01,0x00,0x00,0xb9,0xa0,0x1f,0x41,0x79,0x00,0xf4,0x7e,0xd3,
	0xa1,0x1f,0x40,0xf9,0x20,0x00,0x00,0x8b,0x00,0x00,0x40,0xb9,0x00,0x7c,0x40,0x93,
	0x1f,0x00,0x00,0xf1,0x00,0xa4,0x80,0xda,0xe1,0x03,0x00,0x2a,0x20,0x76,0x00,0xd0,
	0x00,0xc0,0x23,0x91,0x00,0x00,0x40,0xb9,0x20,0x00,0x00,0x0b,0xe1,0x03,0x00,0x2a,
	0x20,0x76,0x00,0xd0,0x00,0xc0,0x23,0x91,0x01,0x00,0x00,0xb9,0xa0,0x1f,0x41,0x79,
	0x00,0xf4,0x7e,0xd3,0xa1,0x17,0x40,0xf9,0x20,0x00,0x00,0x8b,0xa2,0x1f,0x41,0x79,
	0xa1,0xbf,0x40,0x79,0x41,0x00,0x01,0x0b,0x21,0x7c,0x40,0x93,0x21,0xf4,0x7e,0xd3,
	0xa2,0x17,0x40,0xf9,0x41,0x00,0x01,0x8b,0x21,0x00,0x40,0xb9,0x01,0x00,0x00,0xb9,
	0xa0,0x1f,0x41,0x79,0x00,0xf4,0x7e,0xd3,0xa1,0x17,0x40,0xf9,0x20,0x00,0x00,0x8b,
	0x00,0x00,0x40,0xb9,0x00,0x7c,0x40,0x93,0x1f,0x00,0x00,0xf1,0x00,0xa4,0x80,0xda,
	0xe1,0x03,0x00,0x2a,0x20,0x76,0x00,0xd0,0x00,0xd0,0x23,0x91,0x00,0x00,0x40,0xb9,
	0x20,0x00,0x00,0x0b,0xe1,0x03,0x00,0x2a,0x20,0x76,0x00,0xd0,0x00,0xd0,0x23,0x91,
	0x01,0x00,0x00,0xb9,0xa0,0x1f,0x41,0x79,0x00,0x04,0x00,0x11,0xa0,0x1f,0x01,0x79,
	0xa1,0x1f,0x41,0x79,0xa0,0xbf,0x40,0x79,0x02,0x20,0x80,0x52,0x40,0x00,0x00,0x4b,
	0x3f,0x00,0x00,0x6b,0xcb,0xf3,0xff,0x54,0xbf,0x1b,0x01,0x79,0xd0,0x00,0x00,0x14,
	0xa0,0x1b,0x41,0x79,0x00,0xf4,0x7e,0xd3,0xa1,0x2b,0x40,0xf9,0x20,0x00,0x00,0x8b,
	0x00,0x00,0x40,0xb9,0xa0,0x7b,0x00,0xb9,0xa0,0x7b,0x40,0xb9,0xe5,0xfb,0xff,0x97,
	0xa0,0x6f,0x00,0xb9,0xb3,0x1b,0x41,0x79,0xa0,0x6f,0x40,0xb9,0x5f,0xfc,0xff,0x97,
	0xe2,0x03,0x00,0x2a,0x20,0x76,0x00,0xd0,0x00,0x80,0x05,0x91,0x61,0x7e,0x40,0x93,
	0x02,0x78,0x21,0xb8,0xb3,0x1b,0x41,0x79,0xa0,0x6f,0x40,0xb9,0xb2,0xf6,0xff,0x97,
	0xe2,0x03,0x00,0x2a,0x20,0x76,0x00,0xd0,0x00,0x60,0x0a,0x91,0x61,0x7e,0x40,0x93,
	0x02,0x78,0x21,0xb8,0xa1,0x1b,0x41,0x79,0x20,0x76,0x00,0xd0,0x00,0x60,0x0a,0x91,
	0x21,0x7c,0x40,0x93,0xa2,0x6f,0x40,0xb9,0x02,0x78,0x21,0xb8,0xa0,0x1b,0x41,0x79,
	0x00,0xf4,0x7e,0xd3,0xa1,0x23,0x40,0xf9,0x20,0x00,0x00,0x8b,0x00,0x00,0x40,0xb9,
	0xa0,0x77,0x00,0xb9,0xa0,0x77,0x40,0xb9,0xd0,0xf9,0xff,0x97,0xa0,0x6f,0x00,0xb9,
	0xb3,0x1b,0x41,0x79,0xa0,0x6f,0x40,0xb9,0x4a,0xfa,0xff,0x97,0xe2,0x03,0x00,0x2a,
	0x20,0x76,0x00,0xd0,0x00,0x20,0x07,0x91,0x61,0x7e,0x40,0x93,0x02,0x78,0x21,0xb8,
	0xb3,0x1b,0x41,0x79,0xa0,0x6f,0x40,0xb9,0x20,0xf7,0xff,0x97,0xe2,0x03,0x00,0x2a,
	0x20,0x76,0x00,0xd0,0x00,0x00,0x0c,0x91,0x61,0x7e,0x40,0x93,0x02,0x78,0x21,0xb8,
	0xa1,0x1b,0x41,0x79,0x20,0x76,0x00,0xd0,0x00,0x00,0x0c,0x91,0x21,0x7c,0x40,0x93,
	0xa2,0x6f,0x40,0xb9,0x02,0x78,0x21,0xb8,0xa0,0x1b,0x41,0x79,0x00,0xf4,0x7e,0xd3,
	0xa1,0x1b,0x40,0xf9,0x20,0x00,0x00,0x8b,0x00,0x00,0x40,0xb9,0xa0,0x73,0x00,0xb9,
	0xa0,0x73,0x40,0xb9,0xac,0xfa,0xff,0x97,0xa0,0x6f,0x00,0xb9,0xb3,0x1b,0x41,0x79,
	0xa0,0x6f,0x40,0xb9,0x26,0xfb,0xff,0x97,0xe2,0x03,0x00,0x2a,0x20,0x76,0x00,0xd0,
	0x00,0xc0,0x08,0x91,0x61,0x7e,0x40,0x93,0x02,0x78,0x21,0xb8,0xb3,0x1b,0x41,0x79,
	0xa0,0x6f,0x40,0xb9,0x8e,0xf7,0xff,0x97,0xe2,0x03,0x00,0x2a,0x20,0x76,0x00,0xd0,
	0x00,0xa0,0x0d,0x91,0x61,0x7e,0x40,0x93,0x02,0x78,0x21,0xb8,0xa1,0x1b,0x41,0x79,
	0x20,0x76,0x00,0xd0,0x00,0xa0,0x0d,0x91,0x21,0x7c,0x40,0x93,0xa2,0x6f,0x40,0xb9,
	0x02,0x78,0x21,0xb8,0xa0,0xbf,0x40,0x79,0x01,0x20,0x80,0x52,0x21,0x00,0x00,0x4b,
	0xa0,0x1b,0x41,0x79,0x20,0x00,0x00,0x0b,0x00,0x7c,0x40,0x93,0x00,0xf4,0x7e,0xd3,
	0xa1,0x27,0x40,0xf9,0x20,0x00,0x00,0x8b,0xa2,0x1b,0x41,0x79,0x21,0x76,0x00,0xd0,
	0x21,0x80,0x05,0x91,0x42,0x7c,0x40,0x93,0x21,0x78,0x62,0xb8,0x01,0x00,0x00,0xb9,
	0xa0,0xbf,0x40,0x79,0x01,0x20,0x80,0x52,0x21,0x00,0x00,0x4b,0xa0,0x1b,0x41,0x79,
	0x20,0x00,0x00,0x0b,0x00,0x7c,0x40,0x93,0x00,0xf4,0x7e,0xd3,0xa1,0x27,0x40,0xf9,
	0x20,0x00,0x00,0x8b,0x00,0x00,0x40,0xb9,0x00,0x7c,0x40,0x93,0x1f,0x00,0x00,0xf1,
	0x00,0xa4,0x80,0xda,0xe1,0x03,0x00,0x2a,0x20,0x76,0x00,0xd0,0x00,0xb0,0x23,0x91,
	0x00,0x00,0x40,0xb9,0x20,0x00,0x00,0x0b,0xe1,0x03,0x00,0x2a,0x20,0x76,0x00,0xd0,
	0x00,0xb0,0x23,0x91,0x01,0x00,0x00,0xb9,0xa0,0xbf,0x40,0x79,0x01,0x20,0x80,0x52,
	0x21,0x00,0x00,0x4b,0xa0,0x1b,0x41,0x79,0x20,0x00,0x00,0x0b,0x00,0x7c,0x40,0x93,
	0x00,0xf4,0x7e,0xd3,0xa1,0x1f,0x40,0xf9,0x20,0x00,0x00,0x8b,0xa2,0x1b,0x41,0x79,
	0x21,0x76,0x00,0xd0,0x21,0x20,0x07,0x91,0x42,0x7c,0x40,0x93,0x21,0x78,0x62,0xb8,
	0x01,0x00,0x00,0xb9,0xa0,0xbf,0x40,0x79,0x01,0x20,0x80,0x52,0x21,0x00,0x00,0x4b,
	0xa0,0x1b,0x41,0x79,0x20,0x00,0x00,0x0b,0x00,0x7c,0x40,0x93,0x00,0xf4,0x7e,0xd3,
	0xa1,0x1f,0x40,0xf9,0x20,0x00,0x00,0x8b,0x00,0x00,0x40,0xb9,0x00,0x7c,0x40,0x93,
	0x1f,0x00,0x00,0xf1,0x00,0xa4,0x80,0xda,0xe1,0x03,0x00,0x2a,0x20,0x76,0x00,0xd0,
	0x00,0xc0,0x23,0x91,0x00,0x00,0x40,0xb9,0x20,0x00,0x00,0x0b,0xe1,0x03,0x00,0x2a,
	0x20,0x76,0x00,0xd0,0x00,0xc0,0x23,0x91,0x01,0x00,0x00,0xb9,0xa0,0xbf,0x40,0x79,
	0x01,0x20,0x80,0x52,0x21,0x00,0x00,0x4b,0xa0,0x1b,0x41,0x79,0x20,0x00,0x00,0x0b,
	0x00,0x7c,0x40,0x93,0x00,0xf4,0x7e,0xd3,0xa1,0x17,0x40,0xf9,0x20,0x00,0x00,0x8b,
	0xa2,0x1b,0x41,0x79,0x21,0x76,0x00,0xd0,0x21,0xc0,0x08,0x91,0x42,0x7c,0x40,0x93,
	0x21,0x78,0x62,0xb8,0x01,0x00,0x00,0xb9,0xa0,0xbf,0x40,0x79,0x01,0x20,0x80,0x52,
	0x21,0x00,0x00,0x4b,0xa0,0x1b,0x41,0x79,0x20,0x00,0x00,0x0b,0x00,0x7c,0x40,0x93,
	0x00,0xf4,0x7e,0xd3,0xa1,0x17,0x40,0xf9,0x20,0x00,0x00,0x8b,0x00,0x00,0x40,0xb9,
	0x00,0x7c,0x40,0x93,0x1f,0x00,0x00,0xf1,0x00,0xa4,0x80,0xda,0xe1,0x03,0x00,0x2a,
	0x20,0x76,0x00,0xd0,0x00,0xd0,0x23,0x91,0x00,0x00,0x40,0xb9,0x20,0x00,0x00,0x0b,
	0xe1,0x03,0x00,0x2a,0x20,0x76,0x00,0xd0,0x00,0xd0,0x23,0x91,0x01,0x00,0x00,0xb9,
	0xa0,0x1b,0x41,0x79,0x00,0x04,0x00,0x11,0xa0,0x1b,0x01,0x79,0xa1,0x1b,0x41,0x79,
	0xa0,0xbf,0x40,0x79,0x3f,0x00,0x00,0x6b,0xc3,0xe5,0xff,0x54,0xa0,0xbf,0x40,0x79,
	0x1f,0x00,0x00,0x71,0xa0,0x06,0x00,0x54,0xa0,0xbf,0x40,0x79,0xa1,0x8b,0x40,0xb9,
	0x21,0x08,0xc0,0x1a,0x20,0x76,0x00,0xd0,0x00,0x50,0x23,0x91,0x01,0x00,0x00,0xb9,
	0x20,0x76,0x00,0xd0,0x00,0xb0,0x23,0x91,0x00,0x00,0x40,0xb9,0x01,0xfc,0x03,0x11,
	0x1f,0x00,0x00,0x71,0x20,0xb0,0x80,0x1a,0x00,0x7c,0x08,0x13,0xe1,0x03,0x00,0x2a,
	0x20,0x76,0x00,0xd0,0x00,0xb0,0x23,0x91,0x01,0x00,0x00,0xb9,0xa0,0xbf,0x40,0x79,
	0xa1,0x87,0x40,0xb9,0x21,0x08,0xc0,0x1a,0x20,0x76,0x00,0xd0,0x00,0x60,0x23,0x91,
	0x01,0x00,0x00,0xb9,0x20,0x76,0x00,0xd0,0x00,0xc0,0x23,0x91,0x00,0x00,0x40,0xb9,
	0x01,0xfc,0x03,0x11,0x1f,0x00,0x00,0x71,0x20,0xb0,0x80,0x1a,0x00,0x7c,0x08,0x13,
	0xe1,0x03,0x00,0x2a,0x20,0x76,0x00,0xd0,0x00,0xc0,0x23,0x91,0x01,0x00,0x00,0xb9,
	0xa0,0xbf,0x40,0x79,0xa1,0x83,0x40,0xb9,0x21,0x08,0xc0,0x1a,0x20,0x76,0x00,0xd0,
	0x00,0x70,0x23,0x91,0x01,0x00,0x00,0xb9,0x20,0x76,0x00,0xd0,0x00,0xd0,0x23,0x91,
	0x00,0x00,0x40,0xb9,0x01,0xfc,0x03,0x11,0x1f,0x00,0x00,0x71,0x20,0xb0,0x80,0x1a,
	0x00,0x7c,0x08,0x13,0xe1,0x03,0x00,0x2a,0x20,0x76,0x00,0xd0,0x00,0xd0,0x23,0x91,
	0x01,0x00,0x00,0xb9,0x19,0x00,0x00,0x14,0x20,0x76,0x00,0xd0,0x00,0x50,0x23,0x91,
	0x21,0x00,0x80,0x52,0x01,0x00,0x00,0xb9,0x20,0x76,0x00,0xd0,0x00,0x60,0x23,0x91,
	0x21,0x00,0x80,0x52,0x01,0x00,0x00,0xb9,0x20,0x76,0x00,0xd0,0x00,0x70,0x23,0x91,
	0x21,0x00,0x80,0x52,0x01,0x00,0x00,0xb9,0x20,0x76,0x00,0xd0,0x00,0xb0,0x23,0x91,
	0x21,0x00,0x80,0x52,0x01,0x00,0x00,0xb9,0x20,0x76,0x00,0xd0,0x00,0xc0,0x23,0x91,
	0x21,0x00,0x80,0x52,0x01,0x00,0x00,0xb9,0x20,0x76,0x00,0xd0,0x00,0xd0,0x23,0x91,
	0x21,0x00,0x80,0x52,0x01,0x00,0x00,0xb9,0x20,0x00,0x80,0x52,0xa0,0xff,0x01,0x39,
	0xa0,0xff,0x41,0x39,0xf3,0x0b,0x40,0xf9,0xfd,0x7b,0xc9,0xa8,0xc0,0x03,0x5f,0xd6,
	0xfd,0x7b,0xb7,0xa9,0xfd,0x03,0x00,0x91,0xf3,0x0b,0x00,0xf9,0xa0,0xbf,0x00,0x79,
	0xa1,0x2b,0x00,0xf9,0xa2,0x27,0x00,0xf9,0xa3,0x23,0x00,0xf9,0xa4,0x1f,0x00,0xf9,
	0xa5,0x1b,0x00,0xf9,0xa6,0x17,0x00,0xf9,0xbf,0x1f,0x01,0x79,0xbf,0x1b,0x01,0x79,
	0xbf,0xff,0x01,0x39,0xbf,0x1f,0x01,0x79,0xbf,0x8b,0x00,0xb9,0xbf,0x87,0x00,0xb9,
	0xbf,0x83,0x00,0xb9,0x1c,0x00,0x00,0x14,0xa0,0x1f,0x41,0x79,0x00,0xf4,0x7e,0xd3,
	0xa1,0x2b,0x40,0xf9,0x20,0x00,0x00,0x8b,0x00,0x00,0x40,0xb9,0xa1,0x8b,0x40,0xb9,
	0x20,0x00,0x00,0x0b,0xa0,0x8b,0x00,0xb9,0xa0,0x1f,0x41,0x79,0x00,0xf4,0x7e,0xd3,
	0xa1,0x23,0x40,0xf9,0x20,0x00,0x00,0x8b,0x00,0x00,0x40,0xb9,0xa1,0x87,0x40,0xb9,
	0x20,0x00,0x00,0x0b,0xa0,0x87,0x00,0xb9,0xa0,0x1f,0x41,0x79,0x00,0xf4,0x7e,0xd3,
	0xa1,0x1b,0x40,0xf9,0x20,0x00,0x00,0x8b,0x00,0x00,0x40,0xb9,0xa1,0x83,0x40,0xb9,
	0x20,0x00,0x00,0x0b,0xa0,0x83,0x00,0xb9,0xa0,0x1f,0x41,0x79,0x00,0x04,0x00,0x11,
	0xa0,0x1f,0x01,0x79,0xa1,0x1f,0x41,0x79,0xa0,0xbf,0x40,0x79,0x3f,0x00,0x00,0x6b,
	0x43,0xfc,0xff,0x54,0xa0,0xbf,0x40,0x79,0x1f,0x00,0x00,0x71,0xc0,0x01,0x00,0x54,
	0xa0,0xbf,0x40,0x79,0xa1,0x87,0x40,0xb9,0x21,0x08,0xc0,0x1a,0x40,0x77,0x00,0xf0,
	0x00,0x60,0x19,0x91,0x01,0x00,0x00,0xb9,0xa0,0xbf,0x40,0x79,0xa1,0x83,0x40,0xb9,
	0x21,0x08,0xc0,0x1a,0x40,0x77,0x00,0xf0,0x00,0x30,0x18,0x91,0x01,0x00,0x00,0xb9,
	0x07,0x00,0x00,0x14,0x40,0x77,0x00,0xf0,0x00,0x60,0x19,0x91,0x1f,0x00,0x00,0xb9,
	0x40,0x77,0x00,0xf0,0x00,0x30,0x18,0x91,0x1f,0x00,0x00,0xb9,0x20,0x76,0x00,0xd0,
	0x00,0x60,0x05,0x91,0x00,0x00,0x40,0x79,0x1f,0x00,0x00,0x71,0xe1,0x17,0x00,0x54,
	0x20,0x76,0x00,0xd0,0x00,0x60,0x05,0x91,0x00,0x00,0x40,0x79,0x1f,0x04,0x00,0x71,
	0xe1,0x60,0x00,0x54,0xa0,0x2b,0x40,0xf9,0x00,0x00,0x40,0xb9,0xa0,0x7b,0x00,0xb9,
	0xa0,0x23,0x40,0xf9,0x00,0x00,0x40,0xb9,0xa0,0x77,0x00,0xb9,0xa0,0x1b,0x40,0xf9,
	0x00,0x00,0x40,0xb9,0xa0,0x73,0x00,0xb9,0xbf,0x1f,0x01,0x79,0x49,0x00,0x00,0x14,
	0xa1,0x1f,0x41,0x79,0x20,0x76,0x00,0xd0,0x00,0x40,0x0f,0x91,0x21,0x7c,0x40,0x93,
	0xa2,0x7b,0x40,0xb9,0x02,0x78,0x21,0xb8,0xa1,0x1f,0x41,0x79,0x20,0x76,0x00,0xd0,
	0x00,0xa0,0x0f,0x91,0x21,0x7c,0x40,0x93,0xa2,0x7b,0x40,0xb9,0x02,0x78,0x21,0xb8,
	0xa1,0x1f,0x41,0x79,0x20,0x76,0x00,0xd0,0x00,0x80,0x11,0x91,0x21,0x7c,0x40,0x93,
	0xa2,0x7b,0x40,0xb9,0x02,0x78,0x21,0xb8,0xa1,0x1f,0x41,0x79,0x20,0x76,0x00,0xd0,
	0x00,0xe0,0x11,0x91,0x21,0x7c,0x40,0x93,0x1f,0x78,0x21,0xb8,0xa1,0x1f,0x41,0x79,
	0x20,0x76,0x00,0xd0,0x00,0x00,0x10,0x91,0x21,0x7c,0x40,0x93,0xa2,0x77,0x40,0xb9,
	0x02,0x78,0x21,0xb8,0xa1,0x1f,0x41,0x79,0x20,0x76,0x00,0xd0,0x00,0x60,0x10,0x91,
	0x21,0x7c,0x40,0x93,0xa2,0x77,0x40,0xb9,0x02,0x78,0x21,0xb8,0xa1,0x1f,0x41,0x79,
	0x20,0x76,0x00,0xd0,0x00,0x40,0x12,0x91,0x21,0x7c,0x40,0x93,0xa2,0x77,0x40,0xb9,
	0x02,0x78,0x21,0xb8,0xa1,0x1f,0x41,0x79,0x20,0x76,0x00,0xd0,0x00,0xa0,0x12,0x91,
	0x21,0x7c,0x40,0x93,0x1f,0x78,0x21,0xb8,0xa1,0x1f,0x41,0x79,0x20,0x76,0x00,0xd0,
	0x00,0xc0,0x10,0x91,0x21,0x7c,0x40,0x93,0xa2,0x73,0x40,0xb9,0x02,0x78,0x21,0xb8,
	0xa1,0x1f,0x41,0x79,0x20,0x76,0x00,0xd0,0x00,0x20,0x11,0x91,0x21,0x7c,0x40,0x93,
	0xa2,0x73,0x40,0xb9,0x02,0x78,0x21,0xb8,0xa1,0x1f,0x41,0x79,0x20,0x76,0x00,0xd0,
	0x00,0x00,0x13,0x91,0x21,0x7c,0x40,0x93,0xa2,0x73,0x40,0xb9,0x02,0x78,0x21,0xb8,
	0xa1,0x1f,0x41,0x79,0x20,0x76,0x00,0xd0,0x00,0x60,0x13,0x91,0x21,0x7c,0x40,0x93,
	0x1f,0x78,0x21,0xb8,0xa0,0x1f,0x41,0x79,0x00,0x04,0x00,0x11,0xa0,0x1f,0x01,0x79,
	0xa0,0x1f,0x41,0x79,0x1f,0x10,0x00,0x71,0xc9,0xf6,0xff,0x54,0xbf,0x1b,0x01,0x79,
	0x0a,0x00,0x00,0x14,0xa0,0x7b,0x40,0xb9,0xf3,0xf4,0xff,0x97,0xa0,0x77,0x40,0xb9,
	0x7e,0xf5,0xff,0x97,0xa0,0x73,0x40,0xb9,0x09,0xf6,0xff,0x97,0xa0,0x1b,0x41,0x79,
	0x00,0x04,0x00,0x11,0xa0,0x1b,0x01,0x79,0xa0,0x1b,0x41,0x79,0x1f,0xc4,0x00,0x71,
	0xa9,0xfe,0xff,0x54,0xbf,0x1b,0x01,0x79,0x4f,0x00,0x00,0x14,0xa0,0x1b,0x41,0x79,
	0x00,0xf4,0x7e,0xd3,0xa1,0x2b,0x40,0xf9,0x20,0x00,0x00,0x8b,0x00,0x00,0x40,0xb9,
	0xa0,0x7b,0x00,0xb9,0xa0,0x7b,0x40,0xb9,0x06,0xfa,0xff,0x97,0xa0,0x6f,0x00,0xb9,
	0xb3,0x1b,0x41,0x79,0xa0,0x7b,0x40,0xb9,0x80,0xfa,0xff,0x97,0xe2,0x03,0x00,0x2a,
	0x20,0x76,0x00,0xd0,0x00,0x80,0x05,0x91,0x61,0x7e,0x40,0x93,0x02,0x78,0x21,0xb8,
	0xb3,0x1b,0x41,0x79,0xa0,0x7b,0x40,0xb9,0xd3,0xf4,0xff,0x97,0xe2,0x03,0x00,0x2a,
	0x20,0x76,0x00,0xd0,0x00,0x60,0x0a,0x91,0x61,0x7e,0x40,0x93,0x02,0x78,0x21,0xb8,
	0xa0,0x1b,0x41,0x79,0x00,0xf4,0x7e,0xd3,0xa1,0x23,0x40,0xf9,0x20,0x00,0x00,0x8b,
	0x00,0x00,0x40,0xb9,0xa0,0x77,0x00,0xb9,0xa0,0x77,0x40,0xb9,0xf7,0xf7,0xff,0x97,
	0xa0,0x6f,0x00,0xb9,0xb3,0x1b,0x41,0x79,0xa0,0x77,0x40,0xb9,0x71,0xf8,0xff,0x97,
	0xe2,0x03,0x00,0x2a,0x20,0x76,0x00,0xd0,0x00,0x20,0x07,0x91,0x61,0x7e,0x40,0x93,
	0x02,0x78,0x21,0xb8,0xb3,0x1b,0x41,0x79,0xa0,0x77,0x40,0xb9,0x47,0xf5,0xff,0x97,
	0xe2,0x03,0x00,0x2a,0x20,0x76,0x00,0xd0,0x00,0x00,0x0c,0x91,0x61,0x7e,0x40,0x93,
	0x02,0x78,0x21,0xb8,0xa0,0x1b,0x41,0x79,0x00,0xf4,0x7e,0xd3,0xa1,0x1b,0x40,0xf9,
	0x20,0x00,0x00,0x8b,0x00,0x00,0x40,0xb9,0xa0,0x73,0x00,0xb9,0xa0,0x73,0x40,0xb9,
	0xd9,0xf8,0xff,0x97,0xa0,0x6f,0x00,0xb9,0xb3,0x1b,0x41,0x79,0xa0,0x73,0x40,0xb9,
	0x53,0xf9,0xff,0x97,0xe2,0x03,0x00,0x2a,0x20,0x76,0x00,0xd0,0x00,0xc0,0x08,0x91,
	0x61,0x7e,0x40,0x93,0x02,0x78,0x21,0xb8,0xb3,0x1b,0x41,0x79,0xa0,0x73,0x40,0xb9,
	0xbb,0xf5,0xff,0x97,0xe2,0x03,0x00,0x2a,0x20,0x76,0x00,0xd0,0x00,0xa0,0x0d,0x91,
	0x61,0x7e,0x40,0x93,0x02,0x78,0x21,0xb8,0xa0,0x1b,0x41,0x79,0x00,0x04,0x00,0x11,
	0xa0,0x1b,0x01,0x79,0xa1,0x1b,0x41,0x79,0xa0,0xbf,0x40,0x79,0x3f,0x00,0x00,0x6b,
	0xe3,0xf5,0xff,0x54,0x4e,0x02,0x00,0x14,0xbf,0x1f,0x01,0x79,0x20,0x76,0x00,0xd0,
	0x00,0xb0,0x23,0x91,0x1f,0x00,0x00,0xb9,0x20,0x76,0x00,0xd0,0x00,0xc0,0x23,0x91,
	0x1f,0x00,0x00,0xb9,0x20,0x76,0x00,0xd0,0x00,0xd0,0x23,0x91,0x1f,0x00,0x00,0xb9,
	0x5e,0x00,0x00,0x14,0xa0,0x1f,0x41,0x79,0x00,0xf4,0x7e,0xd3,0xa1,0x27,0x40,0xf9,
	0x20,0x00,0x00,0x8b,0xa2,0x1f,0x41,0x79,0xa1,0xbf,0x40,0x79,0x41,0x00,0x01,0x0b,
	0x21,0x7c,0x40,0x93,0x21,0xf4,0x7e,0xd3,0xa2,0x27,0x40,0xf9,0x41,0x00,0x01,0x8b,
	0x21,0x00,0x40,0xb9,0x01,0x00,0x00,0xb9,0xa0,0x1f,0x41,0x79,0x00,0xf4,0x7e,0xd3,
	0xa1,0x27,0x40,0xf9,0x20,0x00,0x00,0x8b,0x00,0x00,0x40,0xb9,0x00,0x7c,0x40,0x93,
	0x1f,0x00,0x00,0xf1,0x00,0xa4,0x80,0xda,0xe1,0x03,0x00,0x2a,0x20,0x76,0x00,0xd0,
	0x00,0xb0,0x23,0x91,0x00,0x00,0x40,0xb9,0x20,0x00,0x00,0x0b,0xe1,0x03,0x00,0x2a,
	0x20,0x76,0x00,0xd0,0x00,0xb0,0x23,0x91,0x01,0x00,0x00,0xb9,0xa0,0x1f,0x41,0x79,
	0x00,0xf4,0x7e,0xd3,0xa1,0x1f,0x40,0xf9,0x20,0x00,0x00,0x8b,0xa2,0x1f,0x41,0x79,
	0xa1,0xbf,0x40,0x79,0x41,0x00,0x01,0x0b,0x21,0x7c,0x40,0x93,0x21,0xf4,0x7e,0xd3,
	0xa2,0x1f,0x40,0xf9,0x41,0x00,0x01,0x8b,0x21,0x00,0x40,0xb9,0x01,0x00,0x00,0xb9,
	0xa0,0x1f,0x41,0x79,0x00,0xf4,0x7e,0xd3,0xa1,0x1f,0x40,0xf9,0x20,0x00,0x00,0x8b,
	0x00,0x00,0x40,0xb9,0x00,0x7c,0x40,0x93,0x1f,0x00,0x00,0xf1,0x00,0xa4,0x80,0xda,
	0xe1,0x03,0x00,0x2a,0x20,0x76,0x00,0xd0,0x00,0xc0,0x23,0x91,0x00,0x00,0x40,0xb9,
	0x20,0x00,0x00,0x0b,0xe1,0x03,0x00,0x2a,0x20,0x76,0x00,0xd0,0x00,0xc0,0x23,0x91,
	0x01,0x00,0x00,0xb9,0xa0,0x1f,0x41,0x79,0x00,0xf4,0x7e,0xd3,0xa1,0x17,0x40,0xf9,
	0x20,0x00,0x00,0x8b,0xa2,0x1f,0x41,0x79,0xa1,0xbf,0x40,0x79,0x41,0x00,0x01,0x0b,
	0x21,0x7c,0x40,0x93,0x21,0xf4,0x7e,0xd3,0xa2,0x17,0x40,0xf9,0x41,0x00,0x01,0x8b,
	0x21,0x00,0x40,0xb9,0x01,0x00,0x00,0xb9,0xa0,0x1f,0x41,0x79,0x00,0xf4,0x7e,0xd3,
	0xa1,0x17,0x40,0xf9,0x20,0x00,0x00,0x8b,0x00,0x00,0x40,0xb9,0x00,0x7c,0x40,0x93,
	0x1f,0x00,0x00,0xf1,0x00,0xa4,0x80,0xda,0xe1,0x03,0x00,0x2a,0x20,0x76,0x00,0xd0,
	0x00,0xd0,0x23,0x91,0x00,0x00,0x40,0xb9,0x20,0x00,0x00,0x0b,0xe1,0x03,0x00,0x2a,
	0x20,0x76,0x00,0xd0,0x00,0xd0,0x23,0x91,0x01,0x00,0x00,0xb9,0xa0,0x1f,0x41,0x79,
	0x00,0x04,0x00,0x11,0xa0,0x1f,0x01,0x79,0xa1,0x1f,0x41,0x79,0xa0,0xbf,0x40,0x79,
	0x02,0x20,0x80,0x52,0x40,0x00,0x00,0x4b,0x3f,0x00,0x00,0x6b,0xcb,0xf3,0xff,0x54,
	0xa0,0x2b,0x40,0xf9,0x00,0x60,0x01,0x91,0x00,0x00,0x40,0xb9,0x1f,0x04,0x00,0x71,
	0x81,0x09,0x00,0x54,0x40,0x77,0x00,0xf0,0x00,0x30,0x1b,0x91,0x00,0x00,0x40,0x79,
	0x1f,0xdc,0x01,0x71,0xe8,0x08,0x00,0x54,0xa0,0xbf,0x40,0x79,0x00,0xf4,0x7e,0xd3,
	0x00,0x10,0x00,0xd1,0xa1,0x2b,0x40,0xf9,0x20,0x00,0x00,0x8b,0x00,0x00,0x40,0xb9,
	0xa0,0x7b,0x00,0xb9,0xbf,0x1f,0x01,0x79,0x1b,0x00,0x00,0x14,0xa1,0x1f,0x41,0x79,
	0x20,0x76,0x00,0xd0,0x00,0x40,0x0f,0x91,0x21,0x7c,0x40,0x93,0xa2,0x7b,0x40,0xb9,
	0x02,0x78,0x21,0xb8,0xa1,0x1f,0x41,0x79,0x20,0x76,0x00,0xd0,0x00,0xa0,0x0f,0x91,
	0x21,0x7c,0x40,0x93,0xa2,0x7b,0x40,0xb9,0x02,0x78,0x21,0xb8,0xa1,0x1f,0x41,0x79,
	0x20,0x76,0x00,0xd0,0x00,0x80,0x11,0x91,0x21,0x7c,0x40,0x93,0xa2,0x7b,0x40,0xb9,
	0x02,0x78,0x21,0xb8,0xa1,0x1f,0x41,0x79,0x20,0x76,0x00,0xd0,0x00,0xe0,0x11,0x91,
	0x21,0x7c,0x40,0x93,0x1f,0x78,0x21,0xb8,0xa0,0x1f,0x41,0x79,0x00,0x04,0x00,0x11,
	0xa0,0x1f,0x01,0x79,0xa0,0x1f,0x41,0x79,0x1f,0x10,0x00,0x71,0x89,0xfc,0xff,0x54,
	0xbf,0x1b,0x01,0x79,0x06,0x00,0x00,0x14,0xa0,0x7b,0x40,0xb9,0xf2,0xf3,0xff,0x97,
	0xa0,0x1b,0x41,0x79,0x00,0x04,0x00,0x11,0xa0,0x1b,0x01,0x79,0xa0,0x1b,0x41,0x79,
	0x1f,0xc4,0x00,0x71,0x29,0xff,0xff,0x54,0xbf,0x1b,0x01,0x79,0x10,0x00,0x00,0x14,
	0xa0,0x7b,0x40,0xb9,0xa0,0x6f,0x00,0xb9,0xa1,0x1b,0x41,0x79,0x20,0x76,0x00,0xd0,
	0x00,0x80,0x05,0x91,0x21,0x7c,0x40,0x93,0x1f,0x78,0x21,0xb8,0xa1,0x1b,0x41,0x79,
	0x20,0x76,0x00,0xd0,0x00,0x60,0x0a,0x91,0x21,0x7c,0x40,0x93,0x1f,0x78,0x21,0xb8,
	0xa0,0x1b,0x41,0x79,0x00,0x04,0x00,0x11,0xa0,0x1b,0x01,0x79,0xa1,0x1b,0x41,0x79,
	0xa0,0xbf,0x40,0x79,0x3f,0x00,0x00,0x6b,0xc3,0xfd,0xff,0x54,0x2c,0x00,0x00,0x14,
	0xbf,0x1b,0x01,0x79,0x26,0x00,0x00,0x14,0xa0,0x1b,0x41,0x79,0x00,0xf4,0x7e,0xd3,
	0xa1,0x2b,0x40,0xf9,0x20,0x00,0x00,0x8b,0x00,0x00,0x40,0xb9,0xa0,0x7b,0x00,0xb9,
	0xa0,0x7b,0x40,0xb9,0xf3,0xf8,0xff,0x97,0xa0,0x6f,0x00,0xb9,0xb3,0x1b,0x41,0x79,
	0xa0,0x7b,0x40,0xb9,0x6d,0xf9,0xff,0x97,0xe2,0x03,0x00,0x2a,0x20,0x76,0x00,0xb0,
	0x00,0x80,0x05,0x91,0x61,0x7e,0x40,0x93,0x02,0x78,0x21,0xb8,0xb3,0x1b,0x41,0x79,
	0xa0,0x7b,0x40,0xb9,0xc0,0xf3,0xff,0x97,0xe2,0x03,0x00,0x2a,0x20,0x76,0x00,0xb0,
	0x00,0x60,0x0a,0x91,0x61,0x7e,0x40,0x93,0x02,0x78,0x21,0xb8,0xa3,0x1b,0x41,0x79,
	0xa1,0x6f,0x40,0xb9,0x00,0x58,0x9e,0x52,0x80,0xff,0xbf,0x72,0x22,0x00,0x00,0x0b,
	0x20,0x76,0x00,0xb0,0x00,0x60,0x0a,0x91,0x61,0x7c,0x40,0x93,0x02,0x78,0x21,0xb8,
	0xa0,0x1b,0x41,0x79,0x00,0x04,0x00,0x11,0xa0,0x1b,0x01,0x79,0xa1,0x1b,0x41,0x79,
	0xa0,0xbf,0x40,0x79,0x3f,0x00,0x00,0x6b,0x03,0xfb,0xff,0x54,0xa0,0x23,0x40,0xf9,
	0x00,0x60,0x01,0x91,0x00,0x00,0x40,0xb9,0x1f,0x04,0x00,0x71,0xe1,0x08,0x00,0x54,
	0xa0,0xbf,0x40,0x79,0x00,0xf4,0x7e,0xd3,0x00,0x10,0x00,0xd1,0xa1,0x23,0x40,0xf9,
	0x20,0x00,0x00,0x8b,0x00,0x00,0x40,0xb9,0xa0,0x77,0x00,0xb9,0xbf,0x1f,0x01,0x79,
	0x1b,0x00,0x00,0x14,0xa1,0x1f,0x41,0x79,0x20,0x76,0x00,0xb0,0x00,0x00,0x10,0x91,
	0x21,0x7c,0x40,0x93,0xa2,0x77,0x40,0xb9,0x02,0x78,0x21,0xb8,0xa1,0x1f,0x41,0x79,
	0x20,0x76,0x00,0xb0,0x00,0x60,0x10,0x91,0x21,0x7c,0x40,0x93,0xa2,0x77,0x40,0xb9,
	0x02,0x78,0x21,0xb8,0xa1,0x1f,0x41,0x79,0x20,0x76,0x00,0xb0,0x00,0x40,0x12,0x91,
	0x21,0x7c,0x40,0x93,0xa2,0x77,0x40,0xb9,0x02,0x78,0x21,0xb8,0xa1,0x1f,0x41,0x79,
	0x20,0x76,0x00,0xb0,0x00,0xa0,0x12,0x91,0x21,0x7c,0x40,0x93,0x1f,0x78,0x21,0xb8,
	0xa0,0x1f,0x41,0x79,0x00,0x04,0x00,0x11,0xa0,0x1f,0x01,0x79,0xa0,0x1f,0x41,0x79,
	0x1f,0x10,0x00,0x71,0x89,0xfc,0xff,0x54,0xbf,0x1b,0x01,0x79,0x06,0x00,0x00,0x14,
	0xa0,0x77,0x40,0xb9,0x09,0xf4,0xff,0x97,0xa0,0x1b,0x41,0x79,0x00,0x04,0x00,0x11,
	0xa0,0x1b,0x01,0x79,0xa0,0x1b,0x41,0x79,0x1f,0xc4,0x00,0x71,0x29,0xff,0xff,0x54,
	0xbf,0x1b,0x01,0x79,0x10,0x00,0x00,0x14,0xa0,0x77,0x40,0xb9,0xa0,0x6f,0x00,0xb9,
	0xa1,0x1b,0x41,0x79,0x20,0x76,0x00,0xb0,0x00,0x20,0x07,0x91,0x21,0x7c,0x40,0x93,
	0x1f,0x78,0x21,0xb8,0xa1,0x1b,0x41,0x79,0x20,0x76,0x00,0xb0,0x00,0x00,0x0c,0x91,
	0x21,0x7c,0x40,0x93,0x1f,0x78,0x21,0xb8,0xa0,0x1b,0x41,0x79,0x00,0x04,0x00,0x11,
	0xa0,0x1b,0x01,0x79,0xa1,0x1b,0x41,0x79,0xa0,0xbf,0x40,0x79,0x3f,0x00,0x00,0x6b,
	0xc3,0xfd,0xff,0x54,0x2c,0x00,0x00,0x14,0xbf,0x1b,0x01,0x79,0x26,0x00,0x00,0x14,
	0xa0,0x1b,0x41,0x79,0x00,0xf4,0x7e,0xd3,0xa1,0x23,0x40,0xf9,0x20,0x00,0x00,0x8b,
	0x00,0x00,0x40,0xb9,0xa0,0x77,0x00,0xb9,0xa0,0x77,0x40,0xb9,0x87,0xf6,0xff,0x97,
	0xa0,0x6f,0x00,0xb9,0xb3,0x1b,0x41,0x79,0xa0,0x77,0x40,0xb9,0x01,0xf7,0xff,0x97,
	0xe2,0x03,0x00,0x2a,0x20,0x76,0x00,0xb0,0x00,0x20,0x07,0x91,0x61,0x7e,0x40,0x93,
	0x02,0x78,0x21,0xb8,0xb3,0x1b,0x41,0x79,0xa0,0x77,0x40,0xb9,0xd7,0xf3,0xff,0x97,
	0xe2,0x03,0x00,0x2a,0x20,0x76,0x00,0xb0,0x00,0x00,0x0c,0x91,0x61,0x7e,0x40,0x93,
	0x02,0x78,0x21,0xb8,0xa3,0x1b,0x41,0x79,0xa1,0x6f,0x40,0xb9,0x00,0x58,0x9e,0x52,
	0x80,0xff,0xbf,0x72,0x22,0x00,0x00,0x0b,0x20,0x76,0x00,0xb0,0x00,0x00,0x0c,0x91,
	0x61,0x7c,0x40,0x93,0x02,0x78,0x21,0xb8,0xa0,0x1b,0x41,0x79,0x00,0x04,0x00,0x11,
	0xa0,0x1b,0x01,0x79,0xa1,0x1b,0x41,0x79,0xa0,0xbf,0x40,0x79,0x3f,0x00,0x00,0x6b,
	0x03,0xfb,0xff,0x54,0xa0,0x1b,0x40,0xf9,0x00,0x60,0x01,0x91,0x00,0x00,0x40,0xb9,
	0x1f,0x04,0x00,0x71,0xe1,0x08,0x00,0x54,0xa0,0xbf,0x40,0x79,0x00,0xf4,0x7e,0xd3,
	0x00,0x10,0x00,0xd1,0xa1,0x1b,0x40,0xf9,0x20,0x00,0x00,0x8b,0x00,0x00,0x40,0xb9,
	0xa0,0x73,0x00,0xb9,0xbf,0x1f,0x01,0x79,0x1b,0x00,0x00,0x14,0xa1,0x1f,0x41,0x79,
	0x20,0x76,0x00,0xb0,0x00,0xc0,0x10,0x91,0x21,0x7c,0x40,0x93,0xa2,0x73,0x40,0xb9,
	0x02,0x78,0x21,0xb8,0xa1,0x1f,0x41,0x79,0x20,0x76,0x00,0xb0,0x00,0x20,0x11,0x91,
	0x21,0x7c,0x40,0x93,0xa2,0x73,0x40,0xb9,0x02,0x78,0x21,0xb8,0xa1,0x1f,0x41,0x79,
	0x20,0x76,0x00,0xb0,0x00,0x00,0x13,0x91,0x21,0x7c,0x40,0x93,0xa2,0x73,0x40,0xb9,
	0x02,0x78,0x21,0xb8,0xa1,0x1f,0x41,0x79,0x20,0x76,0x00,0xb0,0x00,0x60,0x13,0x91,
	0x21,0x7c,0x40,0x93,0x1f,0x78,0x21,0xb8,0xa0,0x1f,0x41,0x79,0x00,0x04,0x00,0x11,
	0xa0,0x1f,0x01,0x79,0xa0,0x1f,0x41,0x79,0x1f,0x10,0x00,0x71,0x89,0xfc,0xff,0x54,
	0xbf,0x1b,0x01,0x79,0x06,0x00,0x00,0x14,0xa0,0x73,0x40,0xb9,0x20,0xf4,0xff,0x97,
	0xa0,0x1b,0x41,0x79,0x00,0x04,0x00,0x11,0xa0,0x1b,0x01,0x79,0xa0,0x1b,0x41,0x79,
	0x1f,0xc4,0x00,0x71,0x29,0xff,0xff,0x54,0xbf,0x1b,0x01,0x79,0x10,0x00,0x00,0x14,
	0xa0,0x73,0x40,0xb9,0xa0,0x6f,0x00,0xb9,0xa1,0x1b,0x41,0x79,0x20,0x76,0x00,0xb0,
	0x00,0xc0,0x08,0x91,0x21,0x7c,0x40,0x93,0x1f,0x78,0x21,0xb8,0xa1,0x1b,0x41,0x79,
	0x20,0x76,0x00,0xb0,0x00,0xa0,0x0d,0x91,0x21,0x7c,0x40,0x93,0x1f,0x78,0x21,0xb8,
	0xa0,0x1b,0x41,0x79,0x00,0x04,0x00,0x11,0xa0,0x1b,0x01,0x79,0xa1,0x1b,0x41,0x79,
	0xa0,0xbf,0x40,0x79,0x3f,0x00,0x00,0x6b,0xc3,0xfd,0xff,0x54,0x2c,0x00,0x00,0x14,
	0xbf,0x1b,0x01,0x79,0x26,0x00,0x00,0x14,0xa0,0x1b,0x41,0x79,0x00,0xf4,0x7e,0xd3,
	0xa1,0x1b,0x40,0xf9,0x20,0x00,0x00,0x8b,0x00,0x00,0x40,0xb9,0xa0,0x73,0x00,0xb9,
	0xa0,0x73,0x40,0xb9,0x0c,0xf7,0xff,0x97,0xa0,0x6f,0x00,0xb9,0xb3,0x1b,0x41,0x79,
	0xa0,0x73,0x40,0xb9,0x86,0xf7,0xff,0x97,0xe2,0x03,0x00,0x2a,0x20,0x76,0x00,0xb0,
	0x00,0xc0,0x08,0x91,0x61,0x7e,0x40,0x93,0x02,0x78,0x21,0xb8,0xb3,0x1b,0x41,0x79,
	0xa0,0x73,0x40,0xb9,0xee,0xf3,0xff,0x97,0xe2,0x03,0x00,0x2a,0x20,0x76,0x00,0xb0,
	0x00,0xa0,0x0d,0x91,0x61,0x7e,0x40,0x93,0x02,0x78,0x21,0xb8,0xa3,0x1b,0x41,0x79,
	0xa1,0x6f,0x40,0xb9,0x00,0x58,0x9e,0x52,0x80,0xff,0xbf,0x72,0x22,0x00,0x00,0x0b,
	0x20,0x76,0x00,0xb0,0x00,0xa0,0x0d,0x91,0x61,0x7c,0x40,0x93,0x02,0x78,0x21,0xb8,
	0xa0,0x1b,0x41,0x79,0x00,0x04,0x00,0x11,0xa0,0x1b,0x01,0x79,0xa1,0x1b,0x41,0x79,
	0xa0,0xbf,0x40,0x79,0x3f,0x00,0x00,0x6b,0x03,0xfb,0xff,0x54,0xbf,0x1b,0x01,0x79,
	0x73,0x00,0x00,0x14,0xa0,0xbf,0x40,0x79,0x01,0x20,0x80,0x52,0x21,0x00,0x00,0x4b,
	0xa0,0x1b,0x41,0x79,0x20,0x00,0x00,0x0b,0x00,0x7c,0x40,0x93,0x00,0xf4,0x7e,0xd3,
	0xa1,0x27,0x40,0xf9,0x20,0x00,0x00,0x8b,0xa2,0x1b,0x41,0x79,0x21,0x76,0x00,0xb0,
	0x21,0x80,0x05,0x91,0x42,0x7c,0x40,0x93,0x21,0x78,0x62,0xb8,0x01,0x00,0x00,0xb9,
	0xa0,0xbf,0x40,0x79,0x01,0x20,0x80,0x52,0x21,0x00,0x00,0x4b,0xa0,0x1b,0x41,0x79,
	0x20,0x00,0x00,0x0b,0x00,0x7c,0x40,0x93,0x00,0xf4,0x7e,0xd3,0xa1,0x27,0x40,0xf9,
	0x20,0x00,0x00,0x8b,0x00,0x00,0x40,0xb9,0x00,0x7c,0x40,0x93,0x1f,0x00,0x00,0xf1,
	0x00,0xa4,0x80,0xda,0xe1,0x03,0x00,0x2a,0x20,0x76,0x00,0xb0,0x00,0xb0,0x23,0x91,
	0x00,0x00,0x40,0xb9,0x20,0x00,0x00,0x0b,0xe1,0x03,0x00,0x2a,0x20,0x76,0x00,0xb0,
	0x00,0xb0,0x23,0x91,0x01,0x00,0x00,0xb9,0xa0,0xbf,0x40,0x79,0x01,0x20,0x80,0x52,
	0x21,0x00,0x00,0x4b,0xa0,0x1b,0x41,0x79,0x20,0x00,0x00,0x0b,0x00,0x7c,0x40,0x93,
	0x00,0xf4,0x7e,0xd3,0xa1,0x1f,0x40,0xf9,0x20,0x00,0x00,0x8b,0xa2,0x1b,0x41,0x79,
	0x21,0x76,0x00,0xb0,0x21,0x20,0x07,0x91,0x42,0x7c,0x40,0x93,0x21,0x78,0x62,0xb8,
	0x01,0x00,0x00,0xb9,0xa0,0xbf,0x40,0x79,0x01,0x20,0x80,0x52,0x21,0x00,0x00,0x4b,
	0xa0,0x1b,0x41,0x79,0x20,0x00,0x00,0x0b,0x00,0x7c,0x40,0x93,0x00,0xf4,0x7e,0xd3,
	0xa1,0x1f,0x40,0xf9,0x20,0x00,0x00,0x8b,0x00,0x00,0x40,0xb9,0x00,0x7c,0x40,0x93,
	0x1f,0x00,0x00,0xf1,0x00,0xa4,0x80,0xda,0xe1,0x03,0x00,0x2a,0x20,0x76,0x00,0xb0,
	0x00,0xc0,0x23,0x91,0x00,0x00,0x40,0xb9,0x20,0x00,0x00,0x0b,0xe1,0x03,0x00,0x2a,
	0x20,0x76,0x00,0xb0,0x00,0xc0,0x23,0x91,0x01,0x00,0x00,0xb9,0xa0,0xbf,0x40,0x79,
	0x01,0x20,0x80,0x52,0x21,0x00,0x00,0x4b,0xa0,0x1b,0x41,0x79,0x20,0x00,0x00,0x0b,
	0x00,0x7c,0x40,0x93,0x00,0xf4,0x7e,0xd3,0xa1,0x17,0x40,0xf9,0x20,0x00,0x00,0x8b,
	0xa2,0x1b,0x41,0x79,0x21,0x76,0x00,0xb0,0x21,0xc0,0x08,0x91,0x42,0x7c,0x40,0x93,
	0x21,0x78,0x62,0xb8,0x01,0x00,0x00,0xb9,0xa0,0xbf,0x40,0x79,0x01,0x20,0x80,0x52,
	0x21,0x00,0x00,0x4b,0xa0,0x1b,0x41,0x79,0x20,0x00,0x00,0x0b,0x00,0x7c,0x40,0x93,
	0x00,0xf4,0x7e,0xd3,0xa1,0x17,0x40,0xf9,0x20,0x00,0x00,0x8b,0x00,0x00,0x40,0xb9,
	0x00,0x7c,0x40,0x93,0x1f,0x00,0x00,0xf1,0x00,0xa4,0x80,0xda,0xe1,0x03,0x00,0x2a,
	0x20,0x76,0x00,0xb0,0x00,0xd0,0x23,0x91,0x00,0x00,0x40,0xb9,0x20,0x00,0x00,0x0b,
	0xe1,0x03,0x00,0x2a,0x20,0x76,0x00,0xb0,0x00,0xd0,0x23,0x91,0x01,0x00,0x00,0xb9,
	0xa0,0x1b,0x41,0x79,0x00,0x04,0x00,0x11,0xa0,0x1b,0x01,0x79,0xa1,0x1b,0x41,0x79,
	0xa0,0xbf,0x40,0x79,0x3f,0x00,0x00,0x6b,0x63,0xf1,0xff,0x54,0xa0,0xbf,0x40,0x79,
	0x1f,0x00,0x00,0x71,0xa0,0x06,0x00,0x54,0xa0,0xbf,0x40,0x79,0xa1,0x8b,0x40,0xb9,
	0x21,0x08,0xc0,0x1a,0x20,0x76,0x00,0xb0,0x00,0x50,0x23,0x91,0x01,0x00,0x00,0xb9,
	0x20,0x76,0x00,0xb0,0x00,0xb0,0x23,0x91,0x00,0x00,0x40,0xb9,0x01,0xfc,0x03,0x11,
	0x1f,0x00,0x00,0x71,0x20,0xb0,0x80,0x1a,0x00,0x7c,0x08,0x13,0xe1,0x03,0x00,0x2a,
	0x20,0x76,0x00,0xb0,0x00,0xb0,0x23,0x91,0x01,0x00,0x00,0xb9,0xa0,0xbf,0x40,0x79,
	0xa1,0x87,0x40,0xb9,0x21,0x08,0xc0,0x1a,0x20,0x76,0x00,0xb0,0x00,0x60,0x23,0x91,
	0x01,0x00,0x00,0xb9,0x20,0x76,0x00,0xb0,0x00,0xc0,0x23,0x91,0x00,0x00,0x40,0xb9,
	0x01,0xfc,0x03,0x11,0x1f,0x00,0x00,0x71,0x20,0xb0,0x80,0x1a,0x00,0x7c,0x08,0x13,
	0xe1,0x03,0x00,0x2a,0x20,0x76,0x00,0xb0,0x00,0xc0,0x23,0x91,0x01,0x00,0x00,0xb9,
	0xa0,0xbf,0x40,0x79,0xa1,0x83,0x40,0xb9,0x21,0x08,0xc0,0x1a,0x20,0x76,0x00,0xb0,
	0x00,0x70,0x23,0x91,0x01,0x00,0x00,0xb9,0x20,0x76,0x00,0xb0,0x00,0xd0,0x23,0x91,
	0x00,0x00,0x40,0xb9,0x01,0xfc,0x03,0x11,0x1f,0x00,0x00,0x71,0x20,0xb0,0x80,0x1a,
	0x00,0x7c,0x08,0x13,0xe1,0x03,0x00,0x2a,0x20,0x76,0x00,0xb0,0x00,0xd0,0x23,0x91,
	0x01,0x00,0x00,0xb9,0x19,0x00,0x00,0x14,0x20,0x76,0x00,0xb0,0x00,0x50,0x23,0x91,
	0x21,0x00,0x80,0x52,0x01,0x00,0x00,0xb9,0x20,0x76,0x00,0xb0,0x00,0x60,0x23,0x91,
	0x21,0x00,0x80,0x52,0x01,0x00,0x00,0xb9,0x20,0x76,0x00,0xb0,0x00,0x70,0x23,0x91,
	0x21,0x00,0x80,0x52,0x01,0x00,0x00,0xb9,0x20,0x76,0x00,0xb0,0x00,0xb0,0x23,0x91,
	0x21,0x00,0x80,0x52,0x01,0x00,0x00,0xb9,0x20,0x76,0x00,0xb0,0x00,0xc0,0x23,0x91,
	0x21,0x00,0x80,0x52,0x01,0x00,0x00,0xb9,0x20,0x76,0x00,0xb0,0x00,0xd0,0x23,0x91,
	0x21,0x00,0x80,0x52,0x01,0x00,0x00,0xb9,0x20,0x00,0x80,0x52,0xa0,0xff,0x01,0x39,
	0xa0,0xff,0x41,0x39,0xf3,0x0b,0x40,0xf9,0xfd,0x7b,0xc9,0xa8,0xc0,0x03,0x5f,0xd6,
	0xfd,0x7b,0xbb,0xa9,0xfd,0x03,0x00,0x91,0xa0,0x5f,0x00,0x79,0xa1,0x13,0x00,0xf9,
	0xa2,0x0f,0x00,0xf9,0xbf,0x9f,0x00,0x79,0xbf,0x9b,0x00,0x79,0xbf,0x0f,0x01,0x39,
	0xbf,0x9f,0x00,0x79,0xbf,0x4b,0x00,0xb9,0x0c,0x00,0x00,0x14,0xa0,0x9f,0x40,0x79,
	0x00,0xf4,0x7e,0xd3,0xa1,0x13,0x40,0xf9,0x20,0x00,0x00,0x8b,0x00,0x00,0x40,0xb9,
	0xa1,0x4b,0x40,0xb9,0x20,0x00,0x00,0x0b,0xa0,0x4b,0x00,0xb9,0xa0,0x9f,0x40,0x79,
	0x00,0x04,0x00,0x11,0xa0,0x9f,0x00,0x79,0xa1,0x9f,0x40,0x79,0xa0,0x5f,0x40,0x79,
	0x3f,0x00,0x00,0x6b,0x43,0xfe,0xff,0x54,0xa0,0x5f,0x40,0x79,0xa1,0x4b,0x40,0xb9,
	0x21,0x08,0xc0,0x1a,0x40,0x77,0x00,0xd0,0x00,0x60,0x19,0x91,0x01,0x00,0x00,0xb9,
	0xa0,0x5f,0x40,0x79,0x00,0x7c,0x01,0x53,0x00,0x3c,0x00,0x12,0xe1,0x03,0x00,0x2a,
	0x20,0x76,0x00,0xb0,0x00,0x60,0x15,0x91,0x01,0x00,0x00,0xb9,0x20,0x76,0x00,0xb0,
	0x00,0x60,0x05,0x91,0x00,0x00,0x40,0x79,0x1f,0x0c,0x00,0x71,0xc8,0x10,0x00,0x54,
	0x20,0x76,0x00,0xb0,0x00,0x60,0x05,0x91,0x00,0x00,0x40,0x79,0x1f,0x04,0x00,0x71,
	0x88,0x04,0x00,0x54,0xa0,0x13,0x40,0xf9,0x00,0x00,0x40,0xb9,0xe1,0x03,0x00,0x2a,
	0x20,0x76,0x00,0xb0,0x00,0x40,0x15,0x91,0x01,0x00,0x00,0xb9,0x20,0x76,0x00,0xb0,
	0x00,0x40,0x15,0x91,0x01,0x00,0x40,0xb9,0x20,0x76,0x00,0xb0,0x00,0x30,0x15,0x91,
	0x01,0x00,0x00,0xb9,0x20,0x76,0x00,0xb0,0x00,0x40,0x15,0x91,0x01,0x00,0x40,0xb9,
	0x20,0x76,0x00,0xb0,0x00,0x20,0x15,0x91,0x01,0x00,0x00,0xb9,0x20,0x76,0x00,0xb0,
	0x00,0x40,0x15,0x91,0x00,0x00,0x40,0xb9,0xa0,0x47,0x00,0xb9,0xbf,0x9b,0x00,0x79,
	0x09,0x00,0x00,0x14,0xa0,0x47,0x40,0xb9,0x5a,0xf4,0xff,0x97,0xa0,0x3f,0x00,0xb9,
	0xa0,0x3f,0x40,0xb9,0x4b,0xf3,0xff,0x97,0xa0,0x9b,0x40,0x79,0x00,0x04,0x00,0x11,
	0xa0,0x9b,0x00,0x79,0xa0,0x9b,0x40,0x79,0x1f,0xc4,0x00,0x71,0xc9,0xfe,0xff,0x54,
	0xbf,0x9b,0x00,0x79,0x57,0x00,0x00,0x14,0x20,0x76,0x00,0xb0,0x00,0x30,0x15,0x91,
	0x01,0x00,0x40,0xb9,0x20,0x76,0x00,0xb0,0x00,0x20,0x15,0x91,0x01,0x00,0x00,0xb9,
	0x20,0x76,0x00,0xb0,0x00,0x40,0x15,0x91,0x01,0x00,0x40,0xb9,0x20,0x76,0x00,0xb0,
	0x00,0x30,0x15,0x91,0x01,0x00,0x00,0xb9,0xa0,0x9b,0x40,0x79,0x00,0xf4,0x7e,0xd3,
	0xa1,0x13,0x40,0xf9,0x20,0x00,0x00,0x8b,0x00,0x00,0x40,0xb9,0xe1,0x03,0x00,0x2a,
	0x20,0x76,0x00,0xb0,0x00,0x40,0x15,0x91,0x01,0x00,0x00,0xb9,0x20,0x76,0x00,0xb0,
	0x00,0x20,0x15,0x91,0x01,0x00,0x40,0xb9,0x20,0x76,0x00,0xb0,0x00,0x30,0x15,0x91,
	0x00,0x00,0x40,0xb9,0x21,0x00,0x00,0x4b,0x20,0x76,0x00,0xb0,0x00,0x20,0x15,0x91,
	0x00,0x00,0x40,0xb9,0x00,0x7c,0x08,0x13,0x3f,0x00,0x00,0x6b,0x2d,0x03,0x00,0x54,
	0x20,0x76,0x00,0xb0,0x00,0x40,0x15,0x91,0x01,0x00,0x40,0xb9,0x20,0x76,0x00,0xb0,
	0x00,0x30,0x15,0x91,0x00,0x00,0x40,0xb9,0x21,0x00,0x00,0x4b,0x20,0x76,0x00,0xb0,
	0x00,0x40,0x15,0x91,0x00,0x00,0x40,0xb9,0x00,0x7c,0x08,0x13,0x3f,0x00,0x00,0x6b,
	0x8d,0x01,0x00,0x54,0x20,0x76,0x00,0xb0,0x00,0x40,0x15,0x91,0x00,0x00,0x40,0xb9,
	0x01,0x7c,0x01,0x13,0x20,0x76,0x00,0xb0,0x00,0x20,0x15,0x91,0x00,0x00,0x40,0xb9,
	0x00,0x7c,0x01,0x13,0x20,0x00,0x00,0x0b,0xa0,0x47,0x00,0xb9,0x05,0x00,0x00,0x14,
	0x20,0x76,0x00,0xb0,0x00,0x30,0x15,0x91,0x00,0x00,0x40,0xb9,0xa0,0x47,0x00,0xb9,
	0xa0,0x47,0x40,0xb9,0x0f,0xf4,0xff,0x97,0xa0,0x3f,0x00,0xb9,0xa0,0x3f,0x40,0xb9,
	0x00,0xf3,0xff,0x97,0xa0,0x3b,0x00,0xb9,0xa0,0x9b,0x40,0x79,0x00,0x00,0x00,0x12,
	0x00,0x3c,0x00,0x12,0x1f,0x00,0x00,0x71,0x60,0x01,0x00,0x54,0xa0,0x9b,0x40,0x79,
	0x00,0x7c,0x01,0x53,0x00,0x3c,0x00,0x12,0x01,0x04,0x00,0x11,0xa0,0x3b,0x40,0xb9,
	0x02,0x7c,0x02,0x13,0x20,0x76,0x00,0xb0,0x00,0x60,0x15,0x91,0x21,0x7c,0x40,0x93,
	0x02,0x78,0x21,0xb8,0xa0,0x9b,0x40,0x79,0x00,0x04,0x00,0x11,0xa0,0x9b,0x00,0x79,
	0xa1,0x9b,0x40,0x79,0xa0,0x5f,0x40,0x79,0x3f,0x00,0x00,0x6b,0xe3,0xf4,0xff,0x54,
	0x8b,0x00,0x00,0x14,0x20,0x76,0x00,0xb0,0x00,0x50,0x14,0x91,0x00,0x00,0x40,0x39,
	0x1f,0x00,0x00,0x71,0xc0,0x00,0x00,0x54,0x20,0x76,0x00,0xb0,0x00,0x58,0x14,0x91,
	0x00,0x00,0x40,0x39,0x1f,0x0c,0x00,0x71,0x29,0x03,0x00,0x54,0xbf,0x9f,0x00,0x79,
	0x11,0x00,0x00,0x14,0xa0,0x9f,0x40,0x79,0x00,0xf4,0x7e,0xd3,0xa1,0x0f,0x40,0xf9,
	0x20,0x00,0x00,0x8b,0xa2,0x9f,0x40,0x79,0xa1,0x5f,0x40,0x79,0x41,0x00,0x01,0x0b,
	0x21,0x7c,0x40,0x93,0x21,0xf4,0x7e,0xd3,0xa2,0x0f,0x40,0xf9,0x41,0x00,0x01,0x8b,
	0x21,0x00,0x40,0xb9,0x01,0x00,0x00,0xb9,0xa0,0x9f,0x40,0x79,0x00,0x04,0x00,0x11,
	0xa0,0x9f,0x00,0x79,0xa1,0x9f,0x40,0x79,0xa0,0x5f,0x40,0x79,0x02,0x19,0x80,0x52,
	0x40,0x00,0x00,0x4b,0x3f,0x00,0x00,0x6b,0x6b,0xfd,0xff,0x54,0xbf,0x9b,0x00,0x79,
	0x63,0x00,0x00,0x14,0x20,0x76,0x00,0xb0,0x00,0x30,0x15,0x91,0x01,0x00,0x40,0xb9,
	0x20,0x76,0x00,0xb0,0x00,0x20,0x15,0x91,0x01,0x00,0x00,0xb9,0x20,0x76,0x00,0xb0,
	0x00,0x40,0x15,0x91,0x01,0x00,0x40,0xb9,0x20,0x76,0x00,0xb0,0x00,0x30,0x15,0x91,
	0x01,0x00,0x00,0xb9,0xa0,0x9b,0x40,0x79,0x00,0xf4,0x7e,0xd3,0xa1,0x13,0x40,0xf9,
	0x20,0x00,0x00,0x8b,0x00,0x00,0x40,0xb9,0xe1,0x03,0x00,0x2a,0x20,0x76,0x00,0xb0,
	0x00,0x40,0x15,0x91,0x01,0x00,0x00,0xb9,0x20,0x76,0x00,0xb0,0x00,0x20,0x15,0x91,
	0x01,0x00,0x40,0xb9,0x20,0x76,0x00,0xb0,0x00,0x30,0x15,0x91,0x00,0x00,0x40,0xb9,
	0x21,0x00,0x00,0x4b,0x20,0x76,0x00,0xb0,0x00,0x20,0x15,0x91,0x00,0x00,0x40,0xb9,
	0x00,0x7c,0x08,0x13,0x3f,0x00,0x00,0x6b,0x2d,0x03,0x00,0x54,0x20,0x76,0x00,0xb0,
	0x00,0x40,0x15,0x91,0x01,0x00,0x40,0xb9,0x20,0x76,0x00,0xb0,0x00,0x30,0x15,0x91,
	0x00,0x00,0x40,0xb9,0x21,0x00,0x00,0x4b,0x20,0x76,0x00,0xb0,0x00,0x40,0x15,0x91,
	0x00,0x00,0x40,0xb9,0x00,0x7c,0x08,0x13,0x3f,0x00,0x00,0x6b,0x8d,0x01,0x00,0x54,
	0x20,0x76,0x00,0xb0,0x00,0x40,0x15,0x91,0x00,0x00,0x40,0xb9,0x01,0x7c,0x01,0x13,
	0x20,0x76,0x00,0xb0,0x00,0x20,0x15,0x91,0x00,0x00,0x40,0xb9,0x00,0x7c,0x01,0x13,
	0x20,0x00,0x00,0x0b,0xa0,0x47,0x00,0xb9,0x05,0x00,0x00,0x14,0x20,0x76,0x00,0xb0,
	0x00,0x30,0x15,0x91,0x00,0x00,0x40,0xb9,0xa0,0x47,0x00,0xb9,0xa0,0x47,0x40,0xb9,
	0x90,0xf3,0xff,0x97,0xa0,0x3f,0x00,0xb9,0xa0,0x3f,0x40,0xb9,0x81,0xf2,0xff,0x97,
	0xa0,0x3b,0x00,0xb9,0xa0,0x5f,0x40,0x79,0x01,0x19,0x80,0x52,0x21,0x00,0x00,0x4b,
	0xa0,0x9b,0x40,0x79,0x20,0x00,0x00,0x0b,0x00,0x7c,0x40,0x93,0x00,0xf4,0x7e,0xd3,
	0xa1,0x0f,0x40,0xf9,0x20,0x00,0x00,0x8b,0xa1,0x3b,0x40,0xb9,0x21,0x7c,0x02,0x13,
	0x01,0x00,0x00,0xb9,0xa0,0x9b,0x40,0x79,0x00,0x00,0x00,0x12,0x00,0x3c,0x00,0x12,
	0x1f,0x00,0x00,0x71,0x60,0x01,0x00,0x54,0xa0,0x9b,0x40,0x79,0x00,0x7c,0x01,0x53,
	0x00,0x3c,0x00,0x12,0x01,0x04,0x00,0x11,0xa0,0x3b,0x40,0xb9,0x02,0x7c,0x02,0x13,
	0x20,0x76,0x00,0xb0,0x00,0x60,0x15,0x91,0x21,0x7c,0x40,0x93,0x02,0x78,0x21,0xb8,
	0xa0,0x9b,0x40,0x79,0x00,0x04,0x00,0x11,0xa0,0x9b,0x00,0x79,0xa1,0x9b,0x40,0x79,
	0xa0,0x5f,0x40,0x79,0x3f,0x00,0x00,0x6b,0x63,0xf3,0xff,0x54,0x20,0x00,0x80,0x52,
	0xa0,0x0f,0x01,0x39,0xa0,0x0f,0x41,0x39,0xfd,0x7b,0xc5,0xa8,0xc0,0x03,0x5f,0xd6,
	0xff,0x43,0x00,0xd1,0xff,0x1f,0x00,0x79,0x00,0x76,0x00,0xd0,0x00,0x40,0x2b,0x91,
	0x01,0x00,0x40,0xb9,0x00,0x76,0x00,0xd0,0x00,0x30,0x2b,0x91,0x00,0x00,0x40,0xb9,
	0x3f,0x00,0x00,0x6b,0xe9,0x02,0x00,0x54,0x00,0x76,0x00,0xd0,0x00,0x94,0x2b,0x91,
	0x00,0x00,0x40,0x39,0x00,0x3c,0x00,0x12,0x00,0x34,0x1e,0x53,0x01,0x3c,0x00,0x12,
	0x00,0x76,0x00,0xd0,0x00,0x40,0x2b,0x91,0x02,0x00,0x40,0xb9,0x00,0x76,0x00,0xd0,
	0x00,0x30,0x2b,0x91,0x00,0x00,0x40,0xb9,0x42,0x00,0x00,0x4b,0x60,0xba,0x89,0x52,
	0x40,0x0c,0xa2,0x72,0x40,0x7c,0xa0,0x9b,0x00,0xfc,0x60,0xd3,0x00,0x7c,0x06,0x53,
	0x00,0x3c,0x00,0x12,0x20,0x00,0x00,0x0b,0xe0,0x1f,0x00,0x79,0x07,0x00,0x00,0x14,
	0x00,0x76,0x00,0xd0,0x00,0x94,0x2b,0x91,0x00,0x00,0x40,0x39,0x00,0x3c,0x00,0x12,
	0x00,0x34,0x1e,0x53,0xe0,0x1f,0x00,0x79,0x40,0x77,0x00,0xd0,0x00,0x90,0x1a,0x91,
	0x00,0x00,0x40,0xb9,0x1f,0x08,0x00,0x71,0xa1,0x09,0x00,0x54,0x40,0x77,0x00,0xd0,
	0x00,0x30,0x18,0x91,0x01,0x00,0x40,0xb9,0x40,0x77,0x00,0xd0,0x00,0xe0,0x19,0x91,
	0x00,0x00,0x40,0xb9,0x3f,0x00,0x00,0x6b,0x23,0x01,0x00,0x54,0x20,0x76,0x00,0xb0,
	0x00,0x60,0x23,0x91,0x01,0x00,0x40,0xb9,0x40,0x77,0x00,0xd0,0x00,0x70,0x18,0x91,
	0x00,0x00,0x40,0xb9,0x3f,0x00,0x00,0x6b,0xe2,0x05,0x00,0x54,0x40,0x77,0x00,0xd0,
	0x00,0x30,0x18,0x91,0x01,0x00,0x40,0xb9,0x40,0x77,0x00,0xd0,0x00,0xe0,0x19,0x91,
	0x00,0x00,0x40,0xb9,0x3f,0x00,0x00,0x6b,0x23,0x01,0x00,0x54,0x20,0x76,0x00,0xb0,
	0x00,0x60,0x23,0x91,0x01,0x00,0x40,0xb9,0x40,0x77,0x00,0xd0,0x00,0x70,0x18,0x91,
	0x00,0x00,0x40,0xb9,0x3f,0x00,0x00,0x6b,0x42,0x01,0x00,0x54,0x40,0x77,0x00,0xd0,
	0x00,0x80,0x19,0x91,0x00,0x00,0x40,0x39,0x00,0x0c,0x00,0x11,0x01,0x1c,0x00,0x12,
	0x40,0x77,0x00,0xd0,0x00,0x80,0x19,0x91,0x01,0x00,0x00,0x39,0x09,0x00,0x00,0x14,
	0x40,0x77,0x00,0xd0,0x00,0x80,0x19,0x91,0x00,0x00,0x40,0x39,0x00,0x04,0x00,0x11,
	0x01,0x1c,0x00,0x12,0x40,0x77,0x00,0xd0,0x00,0x80,0x19,0x91,0x01,0x00,0x00,0x39,
	0x40,0x77,0x00,0xd0,0x00,0x80,0x19,0x91,0x00,0x00,0x40,0x39,0x1f,0x08,0x00,0x71,
	0x69,0x0b,0x00,0x54,0x40,0x77,0x00,0xd0,0x00,0x90,0x1a,0x91,0x21,0x00,0x80,0x52,
	0x01,0x00,0x00,0xb9,0x40,0x77,0x00,0xd0,0x00,0x80,0x19,0x91,0x1f,0x00,0x00,0x39,
	0x53,0x00,0x00,0x14,0x40,0x77,0x00,0xd0,0x00,0x80,0x19,0x91,0x00,0x00,0x40,0x39,
	0x1f,0x00,0x00,0x71,0xc0,0x09,0x00,0x54,0x40,0x77,0x00,0xd0,0x00,0x80,0x19,0x91,
	0x00,0x00,0x40,0x39,0x00,0x04,0x00,0x51,0x01,0x1c,0x00,0x12,0x40,0x77,0x00,0xd0,
	0x00,0x80,0x19,0x91,0x01,0x00,0x00,0x39,0x45,0x00,0x00,0x14,0x40,0x77,0x00,0xd0,
	0x00,0x90,0x1a,0x91,0x00,0x00,0x40,0xb9,0x1f,0x04,0x00,0x71,0x01,0x08,0x00,0x54,
	0x40,0x77,0x00,0xd0,0x00,0x30,0x18,0x91,0x01,0x00,0x40,0xb9,0x40,0x77,0x00,0xd0,
	0x00,0xe0,0x19,0x91,0x00,0x00,0x40,0xb9,0x3f,0x00,0x00,0x6b,0x43,0x05,0x00,0x54,
	0x40,0x77,0x00,0xd0,0x00,0x30,0x18,0x91,0x01,0x00,0x40,0xb9,0x40,0x77,0x00,0xd0,
	0x00,0xe0,0x19,0x91,0x00,0x00,0x40,0xb9,0x3f,0x00,0x00,0x6b,0x43,0x01,0x00,0x54,
	0x40,0x77,0x00,0xd0,0x00,0x10,0x19,0x91,0x00,0x00,0x40,0x39,0x00,0x0c,0x00,0x11,
	0x01,0x1c,0x00,0x12,0x40,0x77,0x00,0xd0,0x00,0x10,0x19,0x91,0x01,0x00,0x00,0x39,
	0x09,0x00,0x00,0x14,0x40,0x77,0x00,0xd0,0x00,0x10,0x19,0x91,0x00,0x00,0x40,0x39,
	0x00,0x04,0x00,0x11,0x01,0x1c,0x00,0x12,0x40,0x77,0x00,0xd0,0x00,0x10,0x19,0x91,
	0x01,0x00,0x00,0x39,0x40,0x77,0x00,0xd0,0x00,0x10,0x19,0x91,0x00,0x00,0x40,0x39,
	0x1f,0x08,0x00,0x71,0x49,0x03,0x00,0x54,0x40,0x77,0x00,0xd0,0x00,0x90,0x1a,0x91,
	0x41,0x00,0x80,0x52,0x01,0x00,0x00,0xb9,0x40,0x77,0x00,0xd0,0x00,0x10,0x19,0x91,
	0x1f,0x00,0x00,0x39,0x20,0x76,0x00,0xb0,0x00,0x60,0x05,0x91,0x1f,0x00,0x00,0x79,
	0x0f,0x00,0x00,0x14,0x40,0x77,0x00,0xd0,0x00,0x10,0x19,0x91,0x00,0x00,0x40,0x39,
	0x1f,0x00,0x00,0x71,0x40,0x01,0x00,0x54,0x40,0x77,0x00,0xd0,0x00,0x10,0x19,0x91,
	0x00,0x00,0x40,0x39,0x00,0x04,0x00,0x51,0x01,0x1c,0x00,0x12,0x40,0x77,0x00,0xd0,
	0x00,0x10,0x19,0x91,0x01,0x00,0x00,0x39,0x01,0x00,0x00,0x14,0x1f,0x20,0x03,0xd5,
	0xff,0x43,0x00,0x91,0xc0,0x03,0x5f,0xd6,0xff,0x43,0x00,0xd1,0x00,0x76,0x00,0xd0,
	0x00,0x20,0x2b,0x91,0x01,0x00,0x40,0xb9,0xe0,0x03,0x01,0x2a,0x00,0x74,0x1e,0x53,
	0x00,0x00,0x01,0x0b,0x00,0x78,0x1f,0x53,0xe1,0x03,0x00,0x2a,0x00,0x76,0x00,0xd0,
	0x00,0x30,0x2b,0x91,0x00,0x00,0x40,0xb9,0x00,0x04,0x00,0x11,0x20,0x08,0xc0,0x1a,
	0xe0,0x0b,0x00,0xb9,0x00,0x76,0x00,0xd0,0x00,0x20,0x2b,0x91,0x01,0x00,0x40,0xb9,
	0x00,0x76,0x00,0xd0,0x00,0x30,0x2b,0x91,0x00,0x00,0x40,0xb9,0x3f,0x00,0x00,0x6b,
	0x49,0x01,0x00,0x54,0x00,0x76,0x00,0xd0,0x00,0x20,0x2b,0x91,0x01,0x00,0x40,0xb9,
	0x00,0x76,0x00,0xd0,0x00,0x30,0x2b,0x91,0x00,0x00,0x40,0xb9,0x20,0x00,0x00,0x4b,
	0xe0,0x0f,0x00,0xb9,0x02,0x00,0x00,0x14,0xff,0x0f,0x00,0xb9,0x40,0x77,0x00,0xd0,
	0x00,0x90,0x1a,0x91,0x00,0x00,0x40,0xb9,0x1f,0x08,0x00,0x71,0x21,0x0f,0x00,0x54,
	0x40,0x77,0x00,0xd0,0x00,0xe0,0x19,0x91,0x00,0x00,0x40,0xb9,0xe1,0x0b,0x40,0xb9,
	0x3f,0x00,0x00,0x6b,0xc8,0x00,0x00,0x54,0x00,0x76,0x00,0xb0,0x00,0x30,0x2b,0x91,
	0x00,0x00,0x40,0xb9,0x1f,0xb0,0x04,0x71,0x89,0x03,0x00,0x54,0x40,0x77,0x00,0xb0,
	0x00,0x70,0x18,0x91,0x00,0x00,0x40,0xb9,0xe1,0x0f,0x40,0xb9,0x3f,0x00,0x00,0x6b,
	0xc9,0x02,0x00,0x54,0x40,0x77,0x00,0xb0,0x00,0x60,0x19,0x91,0x00,0x00,0x40,0xb9,
	0x1f,0xac,0x04,0x71,0xc8,0x00,0x00,0x54,0x00,0x76,0x00,0xb0,0x00,0x8c,0x2b,0x91,
	0x00,0x00,0x40,0x39,0x1f,0x04,0x00,0x71,0x89,0x01,0x00,0x54,0x40,0x77,0x00,0xb0,
	0x00,0x60,0x19,0x91,0x01,0x00,0x40,0xb9,0x00,0xc3,0x9e,0x52,0x3f,0x00,0x00,0x6b,
	0x49,0x09,0x00,0x54,0x00,0x76,0x00,0xb0,0x00,0x8c,0x2b,0x91,0x00,0x00,0x40,0x39,
	0x1f,0xf4,0x03,0x71,0xa9,0x08,0x00,0x54,0x40,0x77,0x00,0xb0,0x00,0xe0,0x19,0x91,
	0x00,0x00,0x40,0xb9,0xe1,0x0b,0x40,0xb9,0x3f,0x00,0x00,0x6b,0xc8,0x00,0x00,0x54,
	0x00,0x76,0x00,0xb0,0x00,0x30,0x2b,0x91,0x00,0x00,0x40,0xb9,0x1f,0xb0,0x04,0x71,
	0x89,0x03,0x00,0x54,0x40,0x77,0x00,0xb0,0x00,0x70,0x18,0x91,0x00,0x00,0x40,0xb9,
	0xe1,0x0f,0x40,0xb9,0x3f,0x00,0x00,0x6b,0xc9,0x02,0x00,0x54,0x40,0x77,0x00,0xb0,
	0x00,0x60,0x19,0x91,0x00,0x00,0x40,0xb9,0x1f,0xa4,0x04,0x71,0xc8,0x00,0x00,0x54,
	0x00,0x76,0x00,0xb0,0x00,0x8c,0x2b,0x91,0x00,0x00,0x40,0x39,0x1f,0x04,0x00,0x71,
	0x89,0x01,0x00,0x54,0x40,0x77,0x00,0xb0,0x00,0x60,0x19,0x91,0x01,0x00,0x40,0xb9,
	0x80,0xcf,0x9e,0x52,0x3f,0x00,0x00,0x6b,0xe9,0x01,0x00,0x54,0x00,0x76,0x00,0xb0,
	0x00,0x8c,0x2b,0x91,0x00,0x00,0x40,0x39,0x1f,0xf4,0x03,0x71,0x49,0x01,0x00,0x54,
	0x40,0x77,0x00,0xb0,0x00,0x80,0x19,0x91,0x00,0x00,0x40,0x39,0x00,0x0c,0x00,0x11,
	0x01,0x1c,0x00,0x12,0x40,0x77,0x00,0xb0,0x00,0x80,0x19,0x91,0x01,0x00,0x00,0x39,
	0x09,0x00,0x00,0x14,0x40,0x77,0x00,0xb0,0x00,0x80,0x19,0x91,0x00,0x00,0x40,0x39,
	0x00,0x04,0x00,0x11,0x01,0x1c,0x00,0x12,0x40,0x77,0x00,0xb0,0x00,0x80,0x19,0x91,
	0x01,0x00,0x00,0x39,0x40,0x77,0x00,0xb0,0x00,0x80,0x19,0x91,0x00,0x00,0x40,0x39,
	0x1f,0x14,0x00,0x71,0x69,0x10,0x00,0x54,0x40,0x77,0x00,0xb0,0x00,0x90,0x1a,0x91,
	0x21,0x00,0x80,0x52,0x01,0x00,0x00,0xb9,0x40,0x77,0x00,0xb0,0x00,0x80,0x19,0x91,
	0x1f,0x00,0x00,0x39,0x7b,0x00,0x00,0x14,0x40,0x77,0x00,0xb0,0x00,0x80,0x19,0x91,
	0x00,0x00,0x40,0x39,0x1f,0x00,0x00,0x71,0xc0,0x0e,0x00,0x54,0x40,0x77,0x00,0xb0,
	0x00,0x80,0x19,0x91,0x00,0x00,0x40,0x39,0x00,0x04,0x00,0x51,0x01,0x1c,0x00,0x12,
	0x40,0x77,0x00,0xb0,0x00,0x80,0x19,0x91,0x01,0x00,0x00,0x39,0x6d,0x00,0x00,0x14,
	0x40,0x77,0x00,0xb0,0x00,0x90,0x1a,0x91,0x00,0x00,0x40,0xb9,0x1f,0x04,0x00,0x71,
	0x01,0x0d,0x00,0x54,0x40,0x77,0x00,0xb0,0x00,0xe0,0x19,0x91,0x00,0x00,0x40,0xb9,
	0xe1,0x0b,0x40,0xb9,0x3f,0x00,0x00,0x6b,0x89,0x01,0x00,0x54,0x00,0x76,0x00,0xb0,
	0x00,0x30,0x2b,0x91,0x00,0x00,0x40,0xb9,0x1f,0xb0,0x04,0x71,0xe8,0x00,0x00,0x54,
	0x40,0x77,0x00,0xb0,0x00,0x70,0x18,0x91,0x00,0x00,0x40,0xb9,0xe1,0x0f,0x40,0xb9,
	0x3f,0x00,0x00,0x6b,0x88,0x01,0x00,0x54,0x00,0x76,0x00,0xb0,0x00,0x30,0x2b,0x91,
	0x00,0x00,0x40,0xb9,0x1f,0xb0,0x04,0x71,0x89,0x08,0x00,0x54,0x40,0x77,0x00,0xb0,
	0x00,0x70,0x18,0x91,0x00,0x00,0x40,0xb9,0xe1,0x0f,0x40,0xb9,0x3f,0x00,0x00,0x6b,
	0xc9,0x07,0x00,0x54,0x40,0x77,0x00,0xb0,0x00,0xe0,0x19,0x91,0x00,0x00,0x40,0xb9,
	0xe1,0x0b,0x40,0xb9,0x3f,0x00,0x00,0x6b,0x89,0x01,0x00,0x54,0x00,0x76,0x00,0xb0,
	0x00,0x30,0x2b,0x91,0x00,0x00,0x40,0xb9,0x1f,0xb0,0x04,0x71,0xe8,0x00,0x00,0x54,
	0x40,0x77,0x00,0xb0,0x00,0x70,0x18,0x91,0x00,0x00,0x40,0xb9,0xe1,0x0f,0x40,0xb9,
	0x3f,0x00,0x00,0x6b,0x88,0x01,0x00,0x54,0x00,0x76,0x00,0xb0,0x00,0x30,0x2b,0x91,
	0x00,0x00,0x40,0xb9,0x1f,0xb0,0x04,0x71,0x09,0x02,0x00,0x54,0x40,0x77,0x00,0xb0,
	0x00,0x70,0x18,0x91,0x00,0x00,0x40,0xb9,0xe1,0x0f,0x40,0xb9,0x3f,0x00,0x00,0x6b,
	0x49,0x01,0x00,0x54,0x40,0x77,0x00,0xb0,0x00,0x10,0x19,0x91,0x00,0x00,0x40,0x39,
	0x00,0x0c,0x00,0x11,0x01,0x1c,0x00,0x12,0x40,0x77,0x00,0xb0,0x00,0x10,0x19,0x91,
	0x01,0x00,0x00,0x39,0x09,0x00,0x00,0x14,0x40,0x77,0x00,0xb0,0x00,0x10,0x19,0x91,
	0x00,0x00,0x40,0x39,0x00,0x04,0x00,0x11,0x01,0x1c,0x00,0x12,0x40,0x77,0x00,0xb0,
	0x00,0x10,0x19,0x91,0x01,0x00,0x00,0x39,0x40,0x77,0x00,0xb0,0x00,0x10,0x19,0x91,
	0x00,0x00,0x40,0x39,0x1f,0x14,0x00,0x71,0x49,0x03,0x00,0x54,0x40,0x77,0x00,0xb0,
	0x00,0x90,0x1a,0x91,0x41,0x00,0x80,0x52,0x01,0x00,0x00,0xb9,0x40,0x77,0x00,0xb0,
	0x00,0x10,0x19,0x91,0x1f,0x00,0x00,0x39,0x20,0x76,0x00,0x90,0x00,0x60,0x05,0x91,
	0x1f,0x00,0x00,0x79,0x0f,0x00,0x00,0x14,0x40,0x77,0x00,0xb0,0x00,0x10,0x19,0x91,
	0x00,0x00,0x40,0x39,0x1f,0x00,0x00,0x71,0x40,0x01,0x00,0x54,0x40,0x77,0x00,0xb0,
	0x00,0x10,0x19,0x91,0x00,0x00,0x40,0x39,0x00,0x04,0x00,0x51,0x01,0x1c,0x00,0x12,
	0x40,0x77,0x00,0xb0,0x00,0x10,0x19,0x91,0x01,0x00,0x00,0x39,0x01,0x00,0x00,0x14,
	0x1f,0x20,0x03,0xd5,0xff,0x43,0x00,0x91,0xc0,0x03,0x5f,0xd6,0xff,0x43,0x00,0xd1,
	0x00,0x76,0x00,0xb0,0x00,0x20,0x2b,0x91,0x01,0x00,0x40,0xb9,0xe0,0x03,0x01,0x2a,
	0x00,0x74,0x1e,0x53,0x00,0x00,0x01,0x0b,0x00,0x78,0x1f,0x53,0xe1,0x03,0x00,0x2a,
	0x00,0x76,0x00,0xb0,0x00,0x30,0x2b,0x91,0x00,0x00,0x40,0xb9,0x00,0x04,0x00,0x11,
	0x20,0x08,0xc0,0x1a,0xe0,0x0f,0x00,0xb9,0x00,0x76,0x00,0xb0,0x00,0x20,0x2b,0x91,
	0x01,0x00,0x40,0xb9,0x00,0x76,0x00,0xb0,0x00,0x30,0x2b,0x91,0x00,0x00,0x40,0xb9,
	0x3f,0x00,0x00,0x6b,0x49,0x01,0x00,0x54,0x00,0x76,0x00,0xb0,0x00,0x20,0x2b,0x91,
	0x01,0x00,0x40,0xb9,0x00,0x76,0x00,0xb0,0x00,0x30,0x2b,0x91,0x00,0x00,0x40,0xb9,
	0x20,0x00,0x00,0x4b,0xe0,0x0b,0x00,0xb9,0x02,0x00,0x00,0x14,0xff,0x0b,0x00,0xb9,
	0x40,0x77,0x00,0xb0,0x00,0x90,0x1a,0x91,0x00,0x00,0x40,0xb9,0x1f,0x08,0x00,0x71,
	0xe1,0x0b,0x00,0x54,0x40,0x77,0x00,0xb0,0x00,0x30,0x18,0x91,0x01,0x00,0x40,0xb9,
	0x40,0x77,0x00,0xb0,0x00,0xe0,0x19,0x91,0x00,0x00,0x40,0xb9,0x3f,0x00,0x00,0x6b,
	0x43,0x02,0x00,0x54,0x40,0x77,0x00,0xb0,0x00,0x30,0x1b,0x91,0x00,0x00,0x40,0x79,
	0xe1,0x03,0x00,0x2a,0x40,0x77,0x00,0xb0,0x00,0x40,0x19,0x91,0x00,0x00,0x40,0xb9,
	0x3f,0x00,0x00,0x6b,0x02,0x08,0x00,0x54,0x40,0x77,0x00,0xb0,0x00,0x60,0x19,0x91,
	0x01,0x00,0x40,0xb9,0x40,0x77,0x00,0xb0,0x00,0x70,0x18,0x91,0x00,0x00,0x40,0xb9,
	0x3f,0x00,0x00,0x6b,0x09,0x07,0x00,0x54,0x40,0x77,0x00,0xb0,0x00,0x30,0x18,0x91,
	0x01,0x00,0x40,0xb9,0x40,0x77,0x00,0xb0,0x00,0xe0,0x19,0x91,0x00,0x00,0x40,0xb9,
	0x3f,0x00,0x00,0x6b,0x43,0x02,0x00,0x54,0x40,0x77,0x00,0xb0,0x00,0x30,0x1b,0x91,
	0x00,0x00,0x40,0x79,0xe1,0x03,0x00,0x2a,0x40,0x77,0x00,0xb0,0x00,0x40,0x19,0x91,
	0x00,0x00,0x40,0xb9,0x3f,0x00,0x00,0x6b,0x42,0x02,0x00,0x54,0x40,0x77,0x00,0xb0,
	0x00,0x60,0x19,0x91,0x01,0x00,0x40,0xb9,0x40,0x77,0x00,0xb0,0x00,0x70,0x18,0x91,
	0x00,0x00,0x40,0xb9,0x3f,0x00,0x00,0x6b,0x49,0x01,0x00,0x54,0x40,0x77,0x00,0xb0,
	0x00,0x80,0x19,0x91,0x00,0x00,0x40,0x39,0x00,0x0c,0x00,0x11,0x01,0x1c,0x00,0x12,
	0x40,0x77,0x00,0xb0,0x00,0x80,0x19,0x91,0x01,0x00,0x00,0x39,0x09,0x00,0x00,0x14,
	0x40,0x77,0x00,0xb0,0x00,0x80,0x19,0x91,0x00,0x00,0x40,0x39,0x00,0x04,0x00,0x11,
	0x01,0x1c,0x00,0x12,0x40,0x77,0x00,0xb0,0x00,0x80,0x19,0x91,0x01,0x00,0x00,0x39,
	0x40,0x77,0x00,0xb0,0x00,0x80,0x19,0x91,0x00,0x00,0x40,0x39,0x1f,0x08,0x00,0x71,
	0x69,0x0b,0x00,0x54,0x40,0x77,0x00,0xb0,0x00,0x90,0x1a,0x91,0x21,0x00,0x80,0x52,
	0x01,0x00,0x00,0xb9,0x40,0x77,0x00,0xb0,0x00,0x80,0x19,0x91,0x1f,0x00,0x00,0x39,
	0x53,0x00,0x00,0x14,0x40,0x77,0x00,0xb0,0x00,0x80,0x19,0x91,0x00,0x00,0x40,0x39,
	0x1f,0x00,0x00,0x71,0xc0,0x09,0x00,0x54,0x40,0x77,0x00,0xb0,0x00,0x80,0x19,0x91,
	0x00,0x00,0x40,0x39,0x00,0x04,0x00,0x51,0x01,0x1c,0x00,0x12,0x40,0x77,0x00,0xb0,
	0x00,0x80,0x19,0x91,0x01,0x00,0x00,0x39,0x45,0x00,0x00,0x14,0x40,0x77,0x00,0xb0,
	0x00,0x90,0x1a,0x91,0x00,0x00,0x40,0xb9,0x1f,0x04,0x00,0x71,0x01,0x08,0x00,0x54,
	0x40,0x77,0x00,0xb0,0x00,0x30,0x18,0x91,0x01,0x00,0x40,0xb9,0x40,0x77,0x00,0xb0,
	0x00,0xe0,0x19,0x91,0x00,0x00,0x40,0xb9,0x3f,0x00,0x00,0x6b,0x43,0x05,0x00,0x54,
	0x40,0x77,0x00,0xb0,0x00,0x30,0x18,0x91,0x01,0x00,0x40,0xb9,0x40,0x77,0x00,0xb0,
	0x00,0xe0,0x19,0x91,0x00,0x00,0x40,0xb9,0x3f,0x00,0x00,0x6b,0x43,0x01,0x00,0x54,
	0x40,0x77,0x00,0xb0,0x00,0x10,0x19,0x91,0x00,0x00,0x40,0x39,0x00,0x0c,0x00,0x11,
	0x01,0x1c,0x00,0x12,0x40,0x77,0x00,0xb0,0x00,0x10,0x19,0x91,0x01,0x00,0x00,0x39,
	0x09,0x00,0x00,0x14,0x40,0x77,0x00,0xb0,0x00,0x10,0x19,0x91,0x00,0x00,0x40,0x39,
	0x00,0x04,0x00,0x11,0x01,0x1c,0x00,0x12,0x40,0x77,0x00,0xb0,0x00,0x10,0x19,0x91,
	0x01,0x00,0x00,0x39,0x40,0x77,0x00,0xb0,0x00,0x10,0x19,0x91,0x00,0x00,0x40,0x39,
	0x1f,0x08,0x00,0x71,0x49,0x03,0x00,0x54,0x40,0x77,0x00,0xb0,0x00,0x90,0x1a,0x91,
	0x41,0x00,0x80,0x52,0x01,0x00,0x00,0xb9,0x40,0x77,0x00,0xb0,0x00,0x10,0x19,0x91,
	0x1f,0x00,0x00,0x39,0x20,0x76,0x00,0x90,0x00,0x60,0x05,0x91,0x1f,0x00,0x00,0x79,
	0x0f,0x00,0x00,0x14,0x40,0x77,0x00,0xb0,0x00,0x10,0x19,0x91,0x00,0x00,0x40,0x39,
	0x1f,0x00,0x00,0x71,0x40,0x01,0x00,0x54,0x40,0x77,0x00,0xb0,0x00,0x10,0x19,0x91,
	0x00,0x00,0x40,0x39,0x00,0x04,0x00,0x51,0x01,0x1c,0x00,0x12,0x40,0x77,0x00,0xb0,
	0x00,0x10,0x19,0x91,0x01,0x00,0x00,0x39,0x01,0x00,0x00,0x14,0x1f,0x20,0x03,0xd5,
	0xff,0x43,0x00,0x91,0xc0,0x03,0x5f,0xd6,0xff,0x03,0x01,0xd1,0xe0,0x07,0x00,0xf9,
	0xff,0xff,0x00,0x39,0xff,0xfb,0x00,0x39,0xff,0xbf,0x00,0x39,0xff,0xbb,0x00,0x39,
	0xff,0x73,0x00,0x79,0xff,0x6f,0x00,0x79,0xff,0x6b,0x00,0x79,0xff,0x0f,0x00,0xf9,
	0xff,0x23,0x00,0xb9,0xff,0x2b,0x00,0xb9,0xff,0x33,0x00,0xb9,0xff,0x2b,0x00,0xb9,
	0xff,0xff,0x00,0x39,0x0f,0x00,0x00,0x14,0xe3,0xff,0x40,0x39,0xe0,0xff,0x40,0x39,
	0x01,0x04,0x00,0x11,0x40,0x77,0x00,0xb0,0x00,0xe0,0x18,0x91,0x21,0x7c,0x40,0x93,
	0x02,0x78,0x61,0x78,0x40,0x77,0x00,0xb0,0x00,0xe0,0x18,0x91,0x61,0x7c,0x40,0x93,
	0x02,0x78,0x21,0x78,0xe0,0xff,0x40,0x39,0x00,0x04,0x00,0x11,0xe0,0xff,0x00,0x39,
	0xe0,0xff,0x40,0x39,0x1f,0x10,0x00,0x71,0x09,0xfe,0xff,0x54,0xff,0xff,0x00,0x39,
	0xff,0x77,0x00,0x79,0x20,0x00,0x00,0x14,0xe0,0xff,0x40,0x39,0x00,0xf4,0x7e,0xd3,
	0xe1,0x07,0x40,0xf9,0x20,0x00,0x00,0x8b,0x00,0x00,0x40,0xb9,0x1f,0xc8,0x01,0x71,
	0xe9,0x01,0x00,0x54,0xe0,0xff,0x40,0x39,0x00,0xf4,0x7e,0xd3,0xe1,0x07,0x40,0xf9,
	0x20,0x00,0x00,0x8b,0x00,0x00,0x40,0xb9,0x1f,0x68,0x02,0x71,0xe8,0x01,0x00,0x54,
	0xe0,0xff,0x40,0x39,0x00,0xf4,0x7e,0xd3,0xe1,0x07,0x40,0xf9,0x20,0x00,0x00,0x8b,
	0x00,0x00,0x40,0xb9,0x1f,0xf4,0x01,0x71,0x09,0x01,0x00,0x54,0xe0,0xff,0x40,0x39,
	0x00,0xf4,0x7e,0xd3,0xe1,0x07,0x40,0xf9,0x20,0x00,0x00,0x8b,0x00,0x00,0x40,0xb9,
	0xe0,0x77,0x00,0x79,0x07,0x00,0x00,0x14,0xe0,0xff,0x40,0x39,0x00,0x04,0x00,0x11,
	0xe0,0xff,0x00,0x39,0xe0,0xff,0x40,0x39,0x1f,0x0c,0x00,0x71,0xe9,0xfb,0xff,0x54,
	0xe0,0x77,0x40,0x79,0x1f,0x00,0x00,0x71,0x61,0x00,0x00,0x54,0xc0,0x09,0x80,0x52,
	0xe0,0x77,0x00,0x79,0x40,0x77,0x00,0xb0,0x00,0xe0,0x18,0x91,0xe1,0x77,0x40,0x79,
	0x01,0x14,0x00,0x79,0x40,0x77,0x00,0xb0,0x00,0xe0,0x18,0x91,0x00,0x00,0x40,0x79,
	0xe0,0x73,0x00,0x79,0x40,0x77,0x00,0xb0,0x00,0xe0,0x18,0x91,0x00,0x00,0x40,0x79,
	0xe0,0x6f,0x00,0x79,0xff,0xf7,0x00,0x39,0xff,0xf3,0x00,0x39,0xff,0xff,0x00,0x39,
	0x24,0x00,0x00,0x14,0xe1,0xff,0x40,0x39,0x40,0x77,0x00,0xb0,0x00,0xe0,0x18,0x91,
	0x21,0x7c,0x40,0x93,0x00,0x78,0x61,0x78,0xe1,0x6f,0x40,0x79,0x3f,0x00,0x00,0x6b,
	0x22,0x01,0x00,0x54,0xe1,0xff,0x40,0x39,0x40,0x77,0x00,0xb0,0x00,0xe0,0x18,0x91,
	0x21,0x7c,0x40,0x93,0x00,0x78,0x61,0x78,0xe0,0x6f,0x00,0x79,0xe0,0xff,0x40,0x39,
	0xe0,0xf7,0x00,0x39,0xe1,0xff,0x40,0x39,0x40,0x77,0x00,0xb0,0x00,0xe0,0x18,0x91,
	0x21,0x7c,0x40,0x93,0x00,0x78,0x61,0x78,0xe1,0x73,0x40,0x79,0x3f,0x00,0x00,0x6b,
	0x29,0x01,0x00,0x54,0xe1,0xff,0x40,0x39,0x40,0x77,0x00,0xb0,0x00,0xe0,0x18,0x91,
	0x21,0x7c,0x40,0x93,0x00,0x78,0x61,0x78,0xe0,0x73,0x00,0x79,0xe0,0xff,0x40,0x39,
	0xe0,0xf3,0x00,0x39,0xe0,0xff,0x40,0x39,0x00,0x04,0x00,0x11,0xe0,0xff,0x00,0x39,
	0xe0,0xff,0x40,0x39,0x1f,0x14,0x00,0x71,0x69,0xfb,0xff,0x54,0xe1,0x6f,0x40,0x79,
	0xe0,0x73,0x40,0x79,0x20,0x00,0x00,0x4b,0x1f,0x00,0x00,0x71,0x00,0xa4,0x80,0x5a,
	0x01,0x3c,0x00,0x12,0x20,0x76,0x00,0x90,0x00,0x28,0x04,0x91,0x01,0x00,0x00,0x79,
	0xff,0xff,0x00,0x39,0xff,0xfb,0x00,0x39,0x19,0x00,0x00,0x14,0xe1,0xff,0x40,0x39,
	0xe0,0xf3,0x40,0x39,0x3f,0x00,0x00,0x6b,0x40,0x02,0x00,0x54,0xe1,0xff,0x40,0x39,
	0xe0,0xf7,0x40,0x39,0x3f,0x00,0x00,0x6b,0xc0,0x01,0x00,0x54,0xe3,0xfb,0x40,0x39,
	0xe1,0xff,0x40,0x39,0x40,0x77,0x00,0xb0,0x00,0xe0,0x18,0x91,0x21,0x7c,0x40,0x93,
	0x02,0x78,0x61,0x78,0x60,0x7c,0x40,0x93,0x00,0xf8,0x7f,0xd3,0xe1,0x63,0x00,0x91,
	0x22,0x68,0x20,0x78,0xe0,0xfb,0x40,0x39,0x00,0x04,0x00,0x11,0xe0,0xfb,0x00,0x39,
	0xe0,0xff,0x40,0x39,0x00,0x04,0x00,0x11,0xe0,0xff,0x00,0x39,0xe0,0xff,0x40,0x39,
	0x1f,0x14,0x00,0x71,0xc9,0xfc,0xff,0x54,0xff,0xff,0x00,0x39,0xff,0x6b,0x00,0x79,
	0x0c,0x00,0x00,0x14,0xe0,0xff,0x40,0x39,0x00,0x7c,0x40,0x93,0x00,0xf8,0x7f,0xd3,
	0xe1,0x63,0x00,0x91,0x20,0x68,0x60,0x78,0xe1,0x6b,0x40,0x79,0x00,0x00,0x01,0x0b,
	0xe0,0x6b,0x00,0x79,0xe0,0xff,0x40,0x39,0x00,0x04,0x00,0x11,0xe0,0xff,0x00,0x39,
	0xe0,0xff,0x40,0x39,0x1f,0x0c,0x00,0x71,0x69,0xfe,0xff,0x54,0xe0,0x6b,0x40,0x79,
	0x00,0x7c,0x02,0x53,0x01,0x3c,0x00,0x12,0x20,0x76,0x00,0x90,0x00,0x50,0x02,0x91,
	0x01,0x00,0x00,0x79,0x40,0x77,0x00,0xb0,0x00,0xe0,0x18,0x91,0x01,0x14,0x40,0x79,
	0x40,0x77,0x00,0xb0,0x00,0x18,0x19,0x91,0x01,0x00,0x00,0x79,0xff,0xff,0x00,0x39,
	0xff,0x33,0x00,0xb9,0x17,0x00,0x00,0x14,0xe3,0xff,0x40,0x39,0xe0,0xff,0x40,0x39,
	0x01,0x04,0x00,0x11,0x40,0x77,0x00,0xb0,0x00,0x00,0x1a,0x91,0x21,0x7c,0x40,0x93,
	0x02,0x78,0x61,0xb8,0x40,0x77,0x00,0xb0,0x00,0x00,0x1a,0x91,0x61,0x7c,0x40,0x93,
	0x02,0x78,0x21,0xb8,0xe1,0xff,0x40,0x39,0x40,0x77,0x00,0xb0,0x00,0x00,0x1a,0x91,
	0x21,0x7c,0x40,0x93,0x00,0x78,0x61,0xb8,0xe1,0x33,0x40,0xb9,0x20,0x00,0x00,0x0b,
	0xe0,0x33,0x00,0xb9,0xe0,0xff,0x40,0x39,0x00,0x04,0x00,0x11,0xe0,0xff,0x00,0x39,
	0xe0,0xff,0x40,0x39,0x1f,0x0c,0x00,0x71,0x09,0xfd,0xff,0x54,0xe0,0x07,0x40,0xf9,
	0x00,0x40,0x00,0x91,0x00,0x00,0x40,0xb9,0x01,0x7c,0x03,0x53,0x40,0x77,0x00,0xb0,
	0x00,0x00,0x1a,0x91,0x01,0x10,0x00,0xb9,0x40,0x77,0x00,0xb0,0x00,0x00,0x1a,0x91,
	0x01,0x10,0x40,0xb9,0xe0,0x33,0x40,0xb9,0x20,0x00,0x00,0x0b,0x00,0x7c,0x04,0x53,
	0xe0,0x33,0x00,0xb9,0x40,0x77,0x00,0xb0,0x00,0x60,0x18,0x91,0xe1,0x33,0x40,0xb9,
	0x01,0x00,0x00,0xb9,0x20,0x76,0x00,0x90,0x00,0x20,0x02,0x91,0x01,0x04,0x40,0xb9,
	0x20,0x76,0x00,0x90,0x00,0x20,0x02,0x91,0x01,0x00,0x00,0xb9,0x40,0x77,0x00,0xb0,
	0x00,0x60,0x18,0x91,0x01,0x00,0x40,0xb9,0x20,0x76,0x00,0x90,0x00,0x20,0x02,0x91,
	0x01,0x04,0x00,0xb9,0x20,0x76,0x00,0x90,0x00,0x20,0x02,0x91,0x01,0x04,0x40,0xb9,
	0x20,0x76,0x00,0x90,0x00,0x20,0x02,0x91,0x02,0x00,0x40,0xb9,0x20,0x76,0x00,0x90,
	0x00,0x20,0x02,0x91,0x00,0x00,0x40,0xb9,0x00,0x7c,0x03,0x53,0x40,0x00,0x00,0x0b,
	0x3f,0x00,0x00,0x6b,0x49,0x08,0x00,0x54,0x40,0x77,0x00,0xb0,0x00,0x60,0x18,0x91,
	0x00,0x00,0x40,0xb9,0x1f,0x20,0x03,0x71,0xa9,0x07,0x00,0x54,0x20,0x76,0x00,0x90,
	0x00,0x20,0x02,0x91,0x01,0x04,0x40,0xb9,0x20,0x76,0x00,0x90,0x00,0x20,0x02,0x91,
	0x02,0x00,0x40,0xb9,0x20,0x76,0x00,0x90,0x00,0x20,0x02,0x91,0x00,0x00,0x40,0xb9,
	0x00,0x7c,0x02,0x53,0x40,0x00,0x00,0x0b,0x3f,0x00,0x00,0x6b,0x89,0x02,0x00,0x54,
	0x20,0x55,0x00,0xf0,0x00,0xa4,0x0f,0x91,0x00,0x00,0x40,0x39,0x1f,0x3c,0x00,0x71,
	0xc9,0x00,0x00,0x54,0x20,0x55,0x00,0xf0,0x00,0xa4,0x0f,0x91,0x01,0x02,0x80,0x52,
	0x01,0x00,0x00,0x39,0x1c,0x00,0x00,0x14,0x20,0x55,0x00,0xf0,0x00,0xa4,0x0f,0x91,
	0x00,0x00,0x40,0x39,0x00,0x08,0x00,0x11,0x01,0x1c,0x00,0x12,0x20,0x55,0x00,0xf0,
	0x00,0xa4,0x0f,0x91,0x01,0x00,0x00,0x39,0x13,0x00,0x00,0x14,0x20,0x55,0x00,0xf0,
	0x00,0xa4,0x0f,0x91,0x00,0x00,0x40,0x39,0x1f,0x3c,0x00,0x71,0xc9,0x00,0x00,0x54,
	0x20,0x55,0x00,0xf0,0x00,0xa4,0x0f,0x91,0x01,0x02,0x80,0x52,0x01,0x00,0x00,0x39,
	0x09,0x00,0x00,0x14,0x20,0x55,0x00,0xf0,0x00,0xa4,0x0f,0x91,0x00,0x00,0x40,0x39,
	0x00,0x04,0x00,0x11,0x01,0x1c,0x00,0x12,0x20,0x55,0x00,0xf0,0x00,0xa4,0x0f,0x91,
	0x01,0x00,0x00,0x39,0x20,0x55,0x00,0xf0,0x00,0xa4,0x0f,0x91,0x00,0x00,0x40,0x39,
	0x1f,0x34,0x00,0x71,0x09,0x10,0x00,0x54,0x40,0x77,0x00,0xb0,0x00,0x50,0x1a,0x91,
	0x21,0x00,0x80,0x52,0x01,0x00,0x00,0x39,0x7b,0x00,0x00,0x14,0x20,0x76,0x00,0x90,
	0x00,0x20,0x02,0x91,0x01,0x04,0x40,0xb9,0x20,0x76,0x00,0x90,0x00,0x20,0x02,0x91,
	0x02,0x00,0x40,0xb9,0x20,0x76,0x00,0x90,0x00,0x20,0x02,0x91,0x00,0x00,0x40,0xb9,
	0x00,0x7c,0x03,0x53,0x40,0x00,0x00,0x4b,0x3f,0x00,0x00,0x6b,0x42,0x08,0x00,0x54,
	0x40,0x77,0x00,0xb0,0x00,0x60,0x18,0x91,0x00,0x00,0x40,0xb9,0x1f,0x20,0x03,0x71,
	0xa9,0x07,0x00,0x54,0x20,0x76,0x00,0x90,0x00,0x20,0x02,0x91,0x01,0x04,0x40,0xb9,
	0x20,0x76,0x00,0x90,0x00,0x20,0x02,0x91,0x02,0x00,0x40,0xb9,0x20,0x76,0x00,0x90,
	0x00,0x20,0x02,0x91,0x00,0x00,0x40,0xb9,0x00,0x7c,0x02,0x53,0x40,0x00,0x00,0x4b,
	0x3f,0x00,0x00,0x6b,0x82,0x02,0x00,0x54,0x20,0x55,0x00,0xf0,0x00,0xa4,0x0f,0x91,
	0x00,0x00,0x40,0x39,0x1f,0x10,0x00,0x71,0xc8,0x00,0x00,0x54,0x20,0x55,0x00,0xf0,
	0x00,0xa4,0x0f,0x91,0x81,0x00,0x80,0x52,0x01,0x00,0x00,0x39,0x1c,0x00,0x00,0x14,
	0x20,0x55,0x00,0xf0,0x00,0xa4,0x0f,0x91,0x00,0x00,0x40,0x39,0x00,0x08,0x00,0x51,
	0x01,0x1c,0x00,0x12,0x20,0x55,0x00,0xf0,0x00,0xa4,0x0f,0x91,0x01,0x00,0x00,0x39,
	0x13,0x00,0x00,0x14,0x20,0x55,0x00,0xf0,0x00,0xa4,0x0f,0x91,0x00,0x00,0x40,0x39,
	0x1f,0x10,0x00,0x71,0xc8,0x00,0x00,0x54,0x20,0x55,0x00,0xf0,0x00,0xa4,0x0f,0x91,
	0x81,0x00,0x80,0x52,0x01,0x00,0x00,0x39,0x09,0x00,0x00,0x14,0x20,0x55,0x00,0xf0,
	0x00,0xa4,0x0f,0x91,0x00,0x00,0x40,0x39,0x00,0x04,0x00,0x51,0x01,0x1c,0x00,0x12,
	0x20,0x55,0x00,0xf0,0x00,0xa4,0x0f,0x91,0x01,0x00,0x00,0x39,0x20,0x55,0x00,0xf0,
	0x00,0xa4,0x0f,0x91,0x00,0x00,0x40,0x39,0x1f,0x18,0x00,0x71,0x48,0x06,0x00,0x54,
	0x40,0x77,0x00,0xb0,0x00,0x50,0x1a,0x91,0x41,0x00,0x80,0x52,0x01,0x00,0x00,0x39,
	0x2d,0x00,0x00,0x14,0x20,0x76,0x00,0x90,0x00,0x20,0x02,0x91,0x01,0x04,0x40,0xb9,
	0x20,0x76,0x00,0x90,0x00,0x20,0x02,0x91,0x00,0x00,0x40,0xb9,0x3f,0x00,0x00,0x6b,
	0xe9,0x01,0x00,0x54,0x20,0x55,0x00,0xf0,0x00,0xa4,0x0f,0x91,0x00,0x00,0x40,0x39,
	0x1f,0x28,0x00,0x71,0x49,0x01,0x00,0x54,0x20,0x55,0x00,0xf0,0x00,0xa4,0x0f,0x91,
	0x00,0x00,0x40,0x39,0x00,0x04,0x00,0x51,0x01,0x1c,0x00,0x12,0x20,0x55,0x00,0xf0,
	0x00,0xa4,0x0f,0x91,0x01,0x00,0x00,0x39,0x17,0x00,0x00,0x14,0x20,0x76,0x00,0x90,
	0x00,0x20,0x02,0x91,0x01,0x04,0x40,0xb9,0x20,0x76,0x00,0x90,0x00,0x20,0x02,0x91,
	0x00,0x00,0x40,0xb9,0x3f,0x00,0x00,0x6b,0xe2,0x01,0x00,0x54,0x20,0x55,0x00,0xf0,
	0x00,0xa4,0x0f,0x91,0x00,0x00,0x40,0x39,0x1f,0x24,0x00,0x71,0x48,0x01,0x00,0x54,
	0x20,0x55,0x00,0xf0,0x00,0xa4,0x0f,0x91,0x00,0x00,0x40,0x39,0x00,0x04,0x00,0x11,
	0x01,0x1c,0x00,0x12,0x20,0x55,0x00,0xf0,0x00,0xa4,0x0f,0x91,0x01,0x00,0x00,0x39,
	0x01,0x00,0x00,0x14,0x1f,0x20,0x03,0xd5,0xff,0x03,0x01,0x91,0xc0,0x03,0x5f,0xd6,
	0xff,0x83,0x00,0xd1,0xe0,0x07,0x00,0xf9,0xe1,0x03,0x00,0xf9,0xff,0x7f,0x00,0x39,
	0x09,0x00,0x00,0x14,0xe0,0x7f,0x40,0x39,0x00,0xf8,0x7f,0xd3,0xe1,0x03,0x40,0xf9,
	0x20,0x00,0x00,0x8b,0x1f,0x00,0x00,0x79,0xe0,0x7f,0x40,0x39,0x00,0x04,0x00,0x11,
	0xe0,0x7f,0x00,0x39,0xe0,0x7f,0x40,0x39,0x1f,0x08,0x00,0x71,0xc9,0xfe,0xff,0x54,
	0xff,0x7f,0x00,0x39,0x51,0x00,0x00,0x14,0xe0,0x7f,0x40,0x39,0x00,0xf4,0x7e,0xd3,
	0xe1,0x07,0x40,0xf9,0x20,0x00,0x00,0x8b,0x00,0x00,0x40,0xb9,0xe0,0x3b,0x00,0x79,
	0x60,0x00,0x80,0x52,0xe0,0x7b,0x00,0x39,0x42,0x00,0x00,0x14,0xe0,0x7b,0x40,0x39,
	0x00,0xf8,0x7f,0xd3,0x00,0x08,0x00,0xd1,0xe1,0x03,0x40,0xf9,0x20,0x00,0x00,0x8b,
	0x00,0x00,0x40,0x79,0xe1,0x3b,0x40,0x79,0x3f,0x00,0x00,0x6b,0xc9,0x06,0x00,0x54,
	0xe0,0x7b,0x40,0x39,0x1f,0x08,0x00,0x71,0xa8,0x04,0x00,0x54,0xe0,0x7b,0x40,0x39,
	0x00,0xf8,0x7f,0xd3,0xe1,0x03,0x40,0xf9,0x20,0x00,0x00,0x8b,0xe1,0x7b,0x40,0x39,
	0x21,0xf8,0x7f,0xd3,0x21,0x08,0x00,0xd1,0xe2,0x03,0x40,0xf9,0x41,0x00,0x01,0x8b,
	0x21,0x00,0x40,0x79,0x01,0x00,0x00,0x79,0xe0,0x7b,0x40,0x39,0x00,0xf8,0x7f,0xd3,
	0x00,0x08,0x00,0xd1,0xe1,0x03,0x40,0xf9,0x20,0x00,0x00,0x8b,0xe1,0x3b,0x40,0x79,
	0x01,0x00,0x00,0x79,0xe3,0x7b,0x40,0x39,0xe0,0x7b,0x40,0x39,0x00,0x04,0x00,0x51,
	0x00,0x7c,0x40,0x93,0xe1,0x63,0x00,0x91,0x22,0x68,0x60,0x38,0x60,0x7c,0x40,0x93,
	0xe1,0x63,0x00,0x91,0x22,0x68,0x20,0x38,0xe0,0x7b,0x40,0x39,0x01,0x04,0x00,0x51,
	0xe0,0x7f,0x40,0x39,0x00,0x04,0x00,0x11,0x02,0x1c,0x00,0x12,0x20,0x7c,0x40,0x93,
	0xe1,0x63,0x00,0x91,0x22,0x68,0x20,0x38,0x0f,0x00,0x00,0x14,0xe1,0x7f,0x40,0x39,
	0xe0,0x7f,0x40,0x39,0x00,0x04,0x00,0x11,0x02,0x1c,0x00,0x12,0x20,0x7c,0x40,0x93,
	0xe1,0x63,0x00,0x91,0x22,0x68,0x20,0x38,0xe0,0x7b,0x40,0x39,0x00,0xf8,0x7f,0xd3,
	0x00,0x08,0x00,0xd1,0xe1,0x03,0x40,0xf9,0x20,0x00,0x00,0x8b,0xe1,0x3b,0x40,0x79,
	0x01,0x00,0x00,0x79,0xe0,0x7b,0x40,0x39,0x00,0x04,0x00,0x51,0xe0,0x7b,0x00,0x39,
	0xe0,0x7b,0x40,0x39,0x1f,0x00,0x00,0x71,0xa1,0xf7,0xff,0x54,0xe0,0x7f,0x40,0x39,
	0x00,0x04,0x00,0x11,0xe0,0x7f,0x00,0x39,0xe0,0x7f,0x40,0x39,0x1f,0x08,0x00,0x71,
	0xc9,0xf5,0xff,0x54,0xe0,0x03,0x40,0xf9,0x01,0x18,0x00,0x91,0xe0,0x6b,0x40,0x39,
	0x02,0x3c,0x00,0x12,0xe0,0x63,0x40,0x39,0x03,0x3c,0x00,0x12,0x80,0x0c,0x80,0x52,
	0x60,0x7c,0x00,0x1b,0x03,0x3c,0x00,0x12,0xe0,0x67,0x40,0x39,0x00,0x3c,0x00,0x12,
	0xe4,0x03,0x00,0x2a,0xe0,0x03,0x04,0x2a,0x00,0x34,0x1e,0x53,0x00,0x00,0x04,0x0b,
	0x00,0x38,0x1f,0x53,0x00,0x3c,0x00,0x12,0x60,0x00,0x00,0x0b,0x00,0x3c,0x00,0x12,
	0x40,0x00,0x00,0x0b,0x00,0x3c,0x00,0x12,0x20,0x00,0x00,0x79,0x1f,0x20,0x03,0xd5,
	0xff,0x83,0x00,0x91,0xc0,0x03,0x5f,0xd6,0xff,0x83,0x00,0xd1,0xe0,0x07,0x00,0xf9,
	0xff,0x3f,0x00,0x79,0xe0,0x07,0x40,0xf9,0x01,0x00,0x40,0xb9,0xe0,0x07,0x40,0xf9,
	0x00,0x10,0x00,0x91,0x00,0x00,0x40,0xb9,0x00,0x78,0x1f,0x53,0x20,0x00,0x00,0x4b,
	0x1f,0x40,0x00,0x31,0x2b,0x04,0x00,0x54,0xe0,0x07,0x40,0xf9,0x01,0x00,0x40,0xb9,
	0xe0,0x07,0x40,0xf9,0x00,0x10,0x00,0x91,0x00,0x00,0x40,0xb9,0x00,0x78,0x1f,0x53,
	0x20,0x00,0x00,0x4b,0x1f,0x40,0x00,0x71,0x0c,0x03,0x00,0x54,0x00,0x76,0x00,0xf0,
	0x00,0xa0,0x03,0x91,0x01,0x00,0x40,0x79,0xe0,0xc9,0x88,0x52,0x3f,0x00,0x00,0x6b,
	0x48,0x01,0x00,0x54,0xe0,0x07,0x40,0xf9,0x00,0x00,0x40,0xb9,0x1f,0x7c,0x02,0x71,
	0xc9,0x00,0x00,0x54,0xe0,0x07,0x40,0xf9,0x00,0x10,0x00,0x91,0x00,0x00,0x40,0xb9,
	0xe0,0x3f,0x00,0x79,0x04,0x00,0x00,0x14,0xe0,0x07,0x40,0xf9,0x00,0x00,0x40,0xb9,
	0xe0,0x3f,0x00,0x79,0x00,0x76,0x00,0xf0,0x00,0xd4,0x04,0x91,0x21,0x00,0x80,0x52,
	0x01,0x00,0x00,0x39,0x04,0x02,0x00,0x14,0xe0,0x07,0x40,0xf9,0x00,0x10,0x00,0x91,
	0x01,0x00,0x40,0xb9,0xe0,0x07,0x40,0xf9,0x00,0x00,0x40,0xb9,0x00,0x78,0x1f,0x53,
	0x20,0x00,0x00,0x4b,0x1f,0x40,0x00,0x31,0x4b,0x04,0x00,0x54,0xe0,0x07,0x40,0xf9,
	0x00,0x10,0x00,0x91,0x01,0x00,0x40,0xb9,0xe0,0x07,0x40,0xf9,0x00,0x00,0x40,0xb9,
	0x00,0x78,0x1f,0x53,0x20,0x00,0x00,0x4b,0x1f,0x40,0x00,0x71,0x2c,0x03,0x00,0x54,
	0x00,0x76,0x00,0xf0,0x00,0xa0,0x03,0x91,0x01,0x00,0x40,0x79,0xe0,0xc9,0x88,0x52,
	0x3f,0x00,0x00,0x6b,0x48,0x01,0x00,0x54,0xe0,0x07,0x40,0xf9,0x00,0x10,0x00,0x91,
	0x00,0x00,0x40,0xb9,0x1f,0x7c,0x02,0x71,0xa9,0x00,0x00,0x54,0xe0,0x07,0x40,0xf9,
	0x00,0x00,0x40,0xb9,0xe0,0x3f,0x00,0x79,0x05,0x00,0x00,0x14,0xe0,0x07,0x40,0xf9,
	0x00,0x10,0x00,0x91,0x00,0x00,0x40,0xb9,0xe0,0x3f,0x00,0x79,0x00,0x76,0x00,0xf0,
	0x00,0xd4,0x04,0x91,0x41,0x00,0x80,0x52,0x01,0x00,0x00,0x39,0xda,0x01,0x00,0x14,
	0x00,0x76,0x00,0xf0,0x00,0x98,0x04,0x91,0x00,0x00,0x40,0x39,0x1f,0x10,0x00,0x71,
	0x69,0x03,0x00,0x54,0xe0,0x07,0x40,0xf9,0x00,0x00,0x40,0xb9,0x01,0x76,0x00,0xf0,
	0x21,0x80,0x04,0x91,0x21,0x00,0x40,0x79,0x21,0x78,0x1f,0x53,0x00,0x00,0x01,0x4b,
	0x1f,0x40,0x00,0x31,0x4b,0x02,0x00,0x54,0xe0,0x07,0x40,0xf9,0x00,0x00,0x40,0xb9,
	0x01,0x76,0x00,0xf0,0x21,0x80,0x04,0x91,0x21,0x00,0x40,0x79,0x21,0x78,0x1f,0x53,
	0x00,0x00,0x01,0x4b,0x1f,0x40,0x00,0x71,0x2c,0x01,0x00,0x54,0xe0,0x07,0x40,0xf9,
	0x00,0x00,0x40,0xb9,0xe0,0x3f,0x00,0x79,0x00,0x76,0x00,0xf0,0x00,0xd4,0x04,0x91,
	0x61,0x00,0x80,0x52,0x01,0x00,0x00,0x39,0xbb,0x01,0x00,0x14,0x00,0x76,0x00,0xf0,
	0x00,0x98,0x04,0x91,0x00,0x00,0x40,0x39,0x1f,0x10,0x00,0x71,0xc9,0x03,0x00,0x54,
	0xe0,0x07,0x40,0xf9,0x00,0x10,0x00,0x91,0x00,0x00,0x40,0xb9,0x01,0x76,0x00,0xf0,
	0x21,0x80,0x04,0x91,0x21,0x00,0x40,0x79,0x21,0x78,0x1f,0x53,0x00,0x00,0x01,0x4b,
	0x1f,0x40,0x00,0x31,0x8b,0x02,0x00,0x54,0xe0,0x07,0x40,0xf9,0x00,0x10,0x00,0x91,
	0x00,0x00,0x40,0xb9,0x01,0x76,0x00,0xf0,0x21,0x80,0x04,0x91,0x21,0x00,0x40,0x79,
	0x21,0x78,0x1f,0x53,0x00,0x00,0x01,0x4b,0x1f,0x40,0x00,0x71,0x4c,0x01,0x00,0x54,
	0xe0,0x07,0x40,0xf9,0x00,0x10,0x00,0x91,0x00,0x00,0x40,0xb9,0xe0,0x3f,0x00,0x79,
	0x00,0x76,0x00,0xf0,0x00,0xd4,0x04,0x91,0x81,0x00,0x80,0x52,0x01,0x00,0x00,0x39,
	0x99,0x01,0x00,0x14,0xe0,0x07,0x40,0xf9,0x00,0x10,0x00,0x91,0x00,0x00,0x40,0xb9,
	0x01,0x78,0x1f,0x53,0xe0,0x07,0x40,0xf9,0x00,0x10,0x00,0x91,0x00,0x00,0x40,0xb9,
	0x21,0x00,0x00,0x0b,0xe0,0x07,0x40,0xf9,0x00,0x00,0x40,0xb9,0x20,0x00,0x00,0x4b,
	0x1f,0x60,0x00,0x31,0x2b,0x03,0x00,0x54,0xe0,0x07,0x40,0xf9,0x00,0x10,0x00,0x91,
	0x00,0x00,0x40,0xb9,0x01,0x78,0x1f,0x53,0xe0,0x07,0x40,0xf9,0x00,0x10,0x00,0x91,
	0x00,0x00,0x40,0xb9,0x21,0x00,0x00,0x0b,0xe0,0x07,0x40,0xf9,0x00,0x00,0x40,0xb9,
	0x20,0x00,0x00,0x4b,0x1f,0x60,0x00,0x71,0x8c,0x01,0x00,0x54,0xe0,0x07,0x40,0xf9,
	0x00,0x10,0x00,0x91,0x00,0x00,0x40,0xb9,0x00,0x3c,0x00,0x12,0x00,0x38,0x1f,0x53,
	0xe0,0x3f,0x00,0x79,0x00,0x76,0x00,0xf0,0x00,0xd4,0x04,0x91,0xa1,0x00,0x80,0x52,
	0x01,0x00,0x00,0x39,0x74,0x01,0x00,0x14,0xe0,0x07,0x40,0xf9,0x00,0x00,0x40,0xb9,
	0x01,0x78,0x1f,0x53,0xe0,0x07,0x40,0xf9,0x00,0x00,0x40,0xb9,0x21,0x00,0x00,0x0b,
	0xe0,0x07,0x40,0xf9,0x00,0x10,0x00,0x91,0x00,0x00,0x40,0xb9,0x20,0x00,0x00,0x4b,
	0x1f,0x60,0x00,0x31,0xeb,0x02,0x00,0x54,0xe0,0x07,0x40,0xf9,0x00,0x00,0x40,0xb9,
	0x01,0x78,0x1f,0x53,0xe0,0x07,0x40,0xf9,0x00,0x00,0x40,0xb9,0x21,0x00,0x00,0x0b,
	0xe0,0x07,0x40,0xf9,0x00,0x10,0x00,0x91,0x00,0x00,0x40,0xb9,0x20,0x00,0x00,0x4b,
	0x1f,0x60,0x00,0x71,0x6c,0x01,0x00,0x54,0xe0,0x07,0x40,0xf9,0x00,0x00,0x40,0xb9,
	0x00,0x3c,0x00,0x12,0x00,0x38,0x1f,0x53,0xe0,0x3f,0x00,0x79,0x00,0x76,0x00,0xf0,
	0x00,0xd4,0x04,0x91,0xc1,0x00,0x80,0x52,0x01,0x00,0x00,0x39,0x52,0x01,0x00,0x14,
	0x00,0x76,0x00,0xf0,0x00,0xa0,0x03,0x91,0x01,0x00,0x40,0x79,0x00,0x35,0x8c,0x52,
	0x3f,0x00,0x00,0x6b,0x48,0x04,0x00,0x54,0xe0,0x07,0x40,0xf9,0x00,0x00,0x40,0xb9,
	0x1f,0x40,0x01,0x71,0xa9,0x00,0x00,0x54,0xe0,0x07,0x40,0xf9,0x00,0x00,0x40,0xb9,
	0xe0,0x3f,0x00,0x79,0x15,0x00,0x00,0x14,0xe0,0x07,0x40,0xf9,0x00,0x10,0x00,0x91,
	0x00,0x00,0x40,0xb9,0x1f,0x40,0x01,0x71,0x69,0x01,0x00,0x54,0xe0,0x07,0x40,0xf9,
	0x00,0x10,0x00,0x91,0x00,0x00,0x40,0xb9,0x1f,0x7c,0x02,0x71,0xc8,0x00,0x00,0x54,
	0xe0,0x07,0x40,0xf9,0x00,0x10,0x00,0x91,0x00,0x00,0x40,0xb9,0xe0,0x3f,0x00,0x79,
	0x06,0x00,0x00,0x14,0xe0,0x07,0x40,0xf9,0x00,0x00,0x40,0xb9,0x00,0x3c,0x00,0x12,
	0x00,0x38,0x1f,0x53,0xe0,0x3f,0x00,0x79,0x00,0x76,0x00,0xf0,0x00,0xd4,0x04,0x91,
	0xe1,0x00,0x80,0x52,0x01,0x00,0x00,0x39,0x2b,0x01,0x00,0x14,0x00,0x76,0x00,0xf0,
	0x00,0xa0,0x03,0x91,0x01,0x00,0x40,0x79,0xe0,0xf8,0x95,0x52,0x3f,0x00,0x00,0x6b,
	0xe9,0x05,0x00,0x54,0xe0,0x07,0x40,0xf9,0x00,0x00,0x40,0xb9,0x1f,0x7c,0x02,0x71,
	0xa9,0x00,0x00,0x54,0xe0,0x07,0x40,0xf9,0x00,0x00,0x40,0xb9,0xe0,0x3f,0x00,0x79,
	0x22,0x00,0x00,0x14,0xe0,0x07,0x40,0xf9,0x00,0x10,0x00,0x91,0x00,0x00,0x40,0xb9,
	0x1f,0x7c,0x02,0x71,0x09,0x03,0x00,0x54,0xe0,0x07,0x40,0xf9,0x00,0x10,0x00,0x91,
	0x00,0x00,0x40,0xb9,0x01,0x76,0x00,0xf0,0x21,0x40,0x04,0x91,0x21,0x08,0x40,0x79,
	0x00,0x00,0x01,0x4b,0x1f,0x40,0x00,0x31,0xeb,0x01,0x00,0x54,0xe0,0x07,0x40,0xf9,
	0x00,0x10,0x00,0x91,0x00,0x00,0x40,0xb9,0x01,0x76,0x00,0xf0,0x21,0x40,0x04,0x91,
	0x21,0x08,0x40,0x79,0x00,0x00,0x01,0x4b,0x1f,0x40,0x00,0x71,0xcc,0x00,0x00,0x54,
	0xe0,0x07,0x40,0xf9,0x00,0x10,0x00,0x91,0x00,0x00,0x40,0xb9,0xe0,0x3f,0x00,0x79,
	0x06,0x00,0x00,0x14,0xe0,0x07,0x40,0xf9,0x00,0x00,0x40,0xb9,0x00,0x3c,0x00,0x12,
	0x00,0x38,0x1f,0x53,0xe0,0x3f,0x00,0x79,0x00,0x76,0x00,0xf0,0x00,0xd4,0x04,0x91,
	0x01,0x01,0x80,0x52,0x01,0x00,0x00,0x39,0xf7,0x00,0x00,0x14,0x00,0x76,0x00,0xf0,
	0x00,0xd4,0x04,0x91,0x21,0x01,0x80,0x52,0x01,0x00,0x00,0x39,0x00,0x76,0x00,0xf0,
	0x00,0x98,0x04,0x91,0x00,0x00,0x40,0x39,0x1f,0x10,0x00,0x71,0x69,0x03,0x00,0x54,
	0xe0,0x07,0x40,0xf9,0x00,0x00,0x40,0xb9,0x1f,0xe0,0x01,0x71,0xe8,0x02,0x00,0x54,
	0xe0,0x07,0x40,0xf9,0x00,0x00,0x40,0xb9,0x01,0x76,0x00,0xf0,0x21,0x80,0x04,0x91,
	0x21,0x00,0x40,0x79,0x00,0x00,0x01,0x4b,0x1f,0x20,0x00,0x31,0xeb,0x01,0x00,0x54,
	0xe0,0x07,0x40,0xf9,0x00,0x00,0x40,0xb9,0x01,0x76,0x00,0xf0,0x21,0x80,0x04,0x91,
	0x21,0x00,0x40,0x79,0x00,0x00,0x01,0x4b,0x1f,0x20,0x00,0x71,0xec,0x00,0x00,0x54,
	0xe0,0x07,0x40,0xf9,0x00,0x00,0x40,0xb9,0x00,0x3c,0x00,0x12,0x00,0x38,0x1f,0x53,
	0xe0,0x3f,0x00,0x79,0xd4,0x00,0x00,0x14,0x00,0x76,0x00,0xf0,0x00,0x98,0x04,0x91,
	0x00,0x00,0x40,0x39,0x1f,0x10,0x00,0x71,0xe9,0x03,0x00,0x54,0xe0,0x07,0x40,0xf9,
	0x00,0x10,0x00,0x91,0x00,0x00,0x40,0xb9,0x1f,0xe0,0x01,0x71,0x48,0x03,0x00,0x54,
	0xe0,0x07,0x40,0xf9,0x00,0x10,0x00,0x91,0x00,0x00,0x40,0xb9,0x01,0x76,0x00,0xf0,
	0x21,0x80,0x04,0x91,0x21,0x00,0x40,0x79,0x00,0x00,0x01,0x4b,0x1f,0x20,0x00,0x31,
	0x2b,0x02,0x00,0x54,0xe0,0x07,0x40,0xf9,0x00,0x10,0x00,0x91,0x00,0x00,0x40,0xb9,
	0x01,0x76,0x00,0xf0,0x21,0x80,0x04,0x91,0x21,0x00,0x40,0x79,0x00,0x00,0x01,0x4b,
	0x1f,0x20,0x00,0x71,0x0c,0x01,0x00,0x54,0xe0,0x07,0x40,0xf9,0x00,0x10,0x00,0x91,
	0x00,0x00,0x40,0xb9,0x00,0x3c,0x00,0x12,0x00,0x38,0x1f,0x53,0xe0,0x3f,0x00,0x79,
	0xb1,0x00,0x00,0x14,0xe0,0x07,0x40,0xf9,0x00,0x00,0x40,0xb9,0x1f,0x40,0x01,0x71,
	0x29,0x04,0x00,0x54,0xe0,0x07,0x40,0xf9,0x00,0x00,0x40,0xb9,0x01,0x7c,0x01,0x53,
	0xe0,0x07,0x40,0xf9,0x00,0x00,0x40,0xb9,0x21,0x00,0x00,0x0b,0xe0,0x07,0x40,0xf9,
	0x00,0x10,0x00,0x91,0x00,0x00,0x40,0xb9,0x20,0x00,0x00,0x4b,0x1f,0x48,0x00,0x31,
	0xab,0x02,0x00,0x54,0xe0,0x07,0x40,0xf9,0x00,0x00,0x40,0xb9,0x01,0x7c,0x01,0x53,
	0xe0,0x07,0x40,0xf9,0x00,0x00,0x40,0xb9,0x21,0x00,0x00,0x0b,0xe0,0x07,0x40,0xf9,
	0x00,0x10,0x00,0x91,0x00,0x00,0x40,0xb9,0x20,0x00,0x00,0x4b,0x1f,0x48,0x00,0x71,
	0x2c,0x01,0x00,0x54,0xe0,0x07,0x40,0xf9,0x00,0x00,0x40,0xb9,0xe0,0x3f,0x00,0x79,
	0x00,0x76,0x00,0xf0,0x00,0xd4,0x04,0x91,0x41,0x01,0x80,0x52,0x01,0x00,0x00,0x39,
	0x8d,0x00,0x00,0x14,0xe0,0x07,0x40,0xf9,0x00,0x10,0x00,0x91,0x00,0x00,0x40,0xb9,
	0x1f,0x40,0x01,0x71,0x89,0x04,0x00,0x54,0xe0,0x07,0x40,0xf9,0x00,0x10,0x00,0x91,
	0x00,0x00,0x40,0xb9,0x01,0x7c,0x01,0x53,0xe0,0x07,0x40,0xf9,0x00,0x10,0x00,0x91,
	0x00,0x00,0x40,0xb9,0x21,0x00,0x00,0x0b,0xe0,0x07,0x40,0xf9,0x00,0x00,0x40,0xb9,
	0x20,0x00,0x00,0x4b,0x1f,0x48,0x00,0x31,0xeb,0x02,0x00,0x54,0xe0,0x07,0x40,0xf9,
	0x00,0x10,0x00,0x91,0x00,0x00,0x40,0xb9,0x01,0x7c,0x01,0x53,0xe0,0x07,0x40,0xf9,
	0x00,0x10,0x00,0x91,0x00,0x00,0x40,0xb9,0x21,0x00,0x00,0x0b,0xe0,0x07,0x40,0xf9,
	0x00,0x00,0x40,0xb9,0x20,0x00,0x00,0x4b,0x1f,0x48,0x00,0x71,0x4c,0x01,0x00,0x54,
	0xe0,0x07,0x40,0xf9,0x00,0x10,0x00,0x91,0x00,0x00,0x40,0xb9,0xe0,0x3f,0x00,0x79,
	0x00,0x76,0x00,0xf0,0x00,0xd4,0x04,0x91,0x61,0x01,0x80,0x52,0x01,0x00,0x00,0x39,
	0x65,0x00,0x00,0x14,0xe0,0x07,0x40,0xf9,0x00,0x00,0x40,0xb9,0x1f,0x68,0x01,0x71,
	0xe9,0x05,0x00,0x54,0xe0,0x07,0x40,0xf9,0x00,0x00,0x40,0xb9,0x1f,0x1c,0x03,0x71,
	0x68,0x05,0x00,0x54,0xe0,0x07,0x40,0xf9,0x00,0x10,0x00,0x91,0x00,0x00,0x40,0xb9,
	0x1f,0x1c,0x03,0x71,0xc8,0x04,0x00,0x54,0xe0,0x07,0x40,0xf9,0x00,0x10,0x00,0x91,
	0x00,0x00,0x40,0xb9,0x1f,0x68,0x01,0x71,0x29,0x04,0x00,0x54,0xe0,0x07,0x40,0xf9,
	0x00,0x00,0x40,0xb9,0x01,0x76,0x00,0xf0,0x21,0x40,0x04,0x91,0x21,0x08,0x40,0x79,
	0x00,0x00,0x01,0x4b,0x1f,0x00,0x00,0x71,0x01,0xa4,0x80,0x5a,0xe0,0x07,0x40,0xf9,
	0x00,0x10,0x00,0x91,0x00,0x00,0x40,0xb9,0x02,0x76,0x00,0xf0,0x42,0x40,0x04,0x91,
	0x42,0x08,0x40,0x79,0x00,0x00,0x02,0x4b,0x1f,0x00,0x00,0x71,0x00,0xa4,0x80,0x5a,
	0x3f,0x00,0x00,0x6b,0xaa,0x00,0x00,0x54,0xe0,0x07,0x40,0xf9,0x00,0x00,0x40,0xb9,
	0xe0,0x3f,0x00,0x79,0x05,0x00,0x00,0x14,0xe0,0x07,0x40,0xf9,0x00,0x10,0x00,0x91,
	0x00,0x00,0x40,0xb9,0xe0,0x3f,0x00,0x79,0x00,0x76,0x00,0xf0,0x00,0xd4,0x04,0x91,
	0x81,0x01,0x80,0x52,0x01,0x00,0x00,0x39,0x33,0x00,0x00,0x14,0xe0,0x07,0x40,0xf9,
	0x01,0x00,0x40,0xb9,0xe0,0x07,0x40,0xf9,0x00,0x10,0x00,0x91,0x00,0x00,0x40,0xb9,
	0x3f,0x00,0x00,0x6b,0xc2,0x02,0x00,0x54,0xe0,0x07,0x40,0xf9,0x00,0x10,0x00,0x91,
	0x00,0x00,0x40,0xb9,0x1f,0x90,0x01,0x71,0x69,0x01,0x00,0x54,0xe0,0x07,0x40,0xf9,
	0x00,0x10,0x00,0x91,0x00,0x00,0x40,0xb9,0x1f,0x44,0x03,0x71,0xc8,0x00,0x00,0x54,
	0xe0,0x07,0x40,0xf9,0x00,0x10,0x00,0x91,0x00,0x00,0x40,0xb9,0xe0,0x3f,0x00,0x79,
	0x19,0x00,0x00,0x14,0xe0,0x07,0x40,0xf9,0x00,0x00,0x40,0xb9,0x00,0x3c,0x00,0x12,
	0x00,0x38,0x1f,0x53,0xe0,0x3f,0x00,0x79,0x13,0x00,0x00,0x14,0xe0,0x07,0x40,0xf9,
	0x00,0x00,0x40,0xb9,0x1f,0x90,0x01,0x71,0x29,0x01,0x00,0x54,0xe0,0x07,0x40,0xf9,
	0x00,0x00,0x40,0xb9,0x1f,0x44,0x03,0x71,0xa8,0x00,0x00,0x54,0xe0,0x07,0x40,0xf9,
	0x00,0x00,0x40,0xb9,0xe0,0x3f,0x00,0x79,0x07,0x00,0x00,0x14,0xe0,0x07,0x40,0xf9,
	0x00,0x10,0x00,0x91,0x00,0x00,0x40,0xb9,0x00,0x3c,0x00,0x12,0x00,0x38,0x1f,0x53,
	0xe0,0x3f,0x00,0x79,0x00,0x76,0x00,0xf0,0x00,0xd4,0x04,0x91,0xa1,0x01,0x80,0x52,
	0x01,0x00,0x00,0x39,0xe0,0x3f,0x40,0x79,0xff,0x83,0x00,0x91,0xc0,0x03,0x5f,0xd6,
	0xfd,0x7b,0xba,0xa9,0xfd,0x03,0x00,0x91,0xa0,0x0f,0x00,0xf9,0xa1,0x0b,0x00,0xf9,
	0x40,0x77,0x00,0x90,0x00,0x90,0x1a,0x91,0x00,0x00,0x40,0xb9,0x1f,0x04,0x00,0x71,
	0x21,0x0f,0x00,0x54,0x40,0x77,0x00,0x90,0x00,0xa0,0x1a,0x91,0x01,0x00,0x40,0x79,
	0x40,0x77,0x00,0x90,0x00,0x58,0x19,0x91,0x01,0x00,0x00,0x79,0x40,0x77,0x00,0x90,
	0x00,0xa0,0x1a,0x91,0x01,0x00,0x40,0x79,0x40,0x77,0x00,0x90,0x00,0xa0,0x19,0x91,
	0x01,0x00,0x00,0x79,0x40,0x77,0x00,0x90,0x00,0xa0,0x1a,0x91,0x01,0x00,0x40,0x79,
	0x40,0x77,0x00,0x90,0x00,0x58,0x18,0x91,0x01,0x00,0x00,0x79,0x40,0x77,0x00,0x90,
	0x00,0xa0,0x1a,0x91,0x00,0x00,0x40,0x79,0x00,0x28,0x00,0x11,0x01,0x3c,0x00,0x12,
	0x00,0x76,0x00,0xf0,0x00,0xd8,0x04,0x91,0x01,0x00,0x00,0x79,0x00,0x76,0x00,0x90,
	0x00,0xa8,0x2b,0x91,0x1f,0x00,0x00,0x39,0x00,0x76,0x00,0xf0,0x00,0xc4,0x01,0x91,
	0x1f,0x00,0x00,0x39,0x40,0x77,0x00,0x90,0x00,0x54,0x19,0x91,0x1f,0x00,0x00,0x39,
	0x20,0x55,0x00,0xd0,0x00,0xa4,0x0f,0x91,0x41,0x01,0x80,0x52,0x01,0x00,0x00,0x39,
	0x00,0x76,0x00,0x90,0x00,0x60,0x2b,0x91,0x1f,0x00,0x00,0x79,0x00,0x76,0x00,0xf0,
	0x00,0x4c,0x02,0x91,0x1f,0x00,0x00,0x39,0x00,0x76,0x00,0xf0,0x00,0x40,0x02,0x91,
	0x1f,0x00,0x00,0x39,0x00,0x76,0x00,0xf0,0x00,0x44,0x02,0x91,0x1f,0x00,0x00,0x39,
	0x00,0x76,0x00,0xf0,0x00,0x48,0x02,0x91,0x1f,0x00,0x00,0x39,0x00,0x76,0x00,0xf0,
	0x00,0x9c,0x04,0x91,0x1f,0x00,0x00,0x39,0x00,0x76,0x00,0xf0,0x00,0xd0,0x04,0x91,
	0x1f,0x00,0x00,0x39,0x00,0x76,0x00,0xf0,0x00,0xc0,0x04,0x91,0x1f,0x00,0x00,0x39,
	0x00,0x76,0x00,0xf0,0x00,0xc4,0x04,0x91,0x1f,0x00,0x00,0x39,0x00,0x76,0x00,0xf0,
	0x00,0xbc,0x04,0x91,0x1f,0x00,0x00,0x39,0x00,0x76,0x00,0xf0,0x00,0xcc,0x04,0x91,
	0x1f,0x00,0x00,0x39,0x00,0x76,0x00,0xf0,0x00,0x98,0x04,0x91,0x1f,0x00,0x00,0x39,
	0x00,0x76,0x00,0xf0,0x00,0xb8,0x01,0x91,0x61,0x09,0x80,0x52,0x01,0x00,0x00,0x79,
	0x00,0x76,0x00,0xf0,0x00,0xc8,0x01,0x91,0x1f,0x00,0x00,0x39,0x00,0x76,0x00,0xf0,
	0x00,0x78,0x02,0x91,0x1f,0x00,0x00,0x39,0x00,0x76,0x00,0xf0,0x00,0x48,0x05,0x91,
	0x1f,0x00,0x00,0x79,0x00,0x76,0x00,0xf0,0x00,0x54,0x05,0x91,0x1f,0x00,0x00,0x39,
	0x00,0x76,0x00,0xf0,0x00,0x58,0x05,0x91,0x1f,0x00,0x00,0x39,0x00,0x76,0x00,0xf0,
	0x00,0x50,0x05,0x91,0x1f,0x00,0x00,0x39,0x00,0x76,0x00,0xf0,0x00,0x7c,0x02,0x91,
	0x21,0x00,0x80,0x52,0x01,0x00,0x00,0x39,0x20,0x55,0x00,0xd0,0x00,0xa8,0x0f,0x91,
	0x00,0x00,0x40,0x39,0x1f,0x1c,0x00,0x71,0xc9,0x00,0x00,0x54,0x20,0x55,0x00,0xd0,
	0x00,0xa8,0x0f,0x91,0x01,0x01,0x80,0x52,0x01,0x00,0x00,0x39,0xae,0x0f,0x00,0x14,
	0x20,0x55,0x00,0xd0,0x00,0xa8,0x0f,0x91,0x00,0x00,0x40,0x39,0x00,0x04,0x00,0x11,
	0x01,0x1c,0x00,0x12,0x20,0x55,0x00,0xd0,0x00,0xa8,0x0f,0x91,0x01,0x00,0x00,0x39,
	0xa5,0x0f,0x00,0x14,0x40,0x77,0x00,0x90,0x00,0x90,0x1a,0x91,0x00,0x00,0x40,0xb9,
	0x1f,0x08,0x00,0x71,0x81,0xb2,0x00,0x54,0x20,0x55,0x00,0xd0,0x00,0xa8,0x0f,0x91,
	0x00,0x00,0x40,0x39,0x1f,0x14,0x00,0x71,0x89,0x00,0x00,0x54,0x00,0x76,0x00,0xf0,
	0x00,0x7c,0x02,0x91,0x1f,0x00,0x00,0x39,0x20,0x55,0x00,0xd0,0x00,0xa8,0x0f,0x91,
	0x1f,0x00,0x00,0x39,0x00,0x76,0x00,0xf0,0x00,0x9c,0x04,0x91,0x1f,0x00,0x00,0x39,
	0x00,0x76,0x00,0xf0,0x00,0xd0,0x04,0x91,0x1f,0x00,0x00,0x39,0x00,0x76,0x00,0xf0,
	0x00,0x00,0x04,0x91,0x1f,0x00,0x00,0x79,0x00,0x76,0x00,0xf0,0x00,0x00,0x04,0x91,
	0x1f,0x04,0x00,0x79,0x00,0x76,0x00,0xf0,0x00,0xe0,0x03,0x91,0x1f,0x00,0x00,0x79,
	0x00,0x76,0x00,0xf0,0x00,0xe0,0x03,0x91,0x1f,0x04,0x00,0x79,0x00,0x76,0x00,0xf0,
	0x00,0xc0,0x04,0x91,0x1f,0x00,0x00,0x39,0x00,0x76,0x00,0xf0,0x00,0x1c,0x04,0x91,
	0x1f,0x00,0x00,0x39,0x00,0x76,0x00,0xf0,0x00,0x80,0x02,0x91,0x1f,0x00,0x00,0x39,
	0x00,0x76,0x00,0xf0,0x00,0x84,0x02,0x91,0x1f,0x00,0x00,0x39,0x00,0x76,0x00,0xf0,
	0x00,0xa4,0x04,0x91,0x1f,0x00,0x00,0x39,0x00,0x76,0x00,0xf0,0x00,0xc4,0x04,0x91,
	0x1f,0x00,0x00,0x39,0x00,0x76,0x00,0xf0,0x00,0x98,0x04,0x91,0x1f,0x00,0x00,0x39,
	0x40,0x77,0x00,0x90,0x00,0x18,0x19,0x91,0x00,0x00,0x40,0x79,0x1f,0xc4,0x00,0x71,
	0x88,0x00,0x00,0x54,0x40,0x06,0x80,0x52,0xa0,0xb3,0x00,0x79,0x0d,0x00,0x00,0x14,
	0x40,0x77,0x00,0x90,0x00,0x18,0x19,0x91,0x00,0x00,0x40,0x79,0x1f,0x94,0x02,0x71,
	0x89,0x00,0x00,0x54,0xa0,0x14,0x80,0x52,0xa0,0xb3,0x00,0x79,0x05,0x00,0x00,0x14,
	0x40,0x77,0x00,0x90,0x00,0x18,0x19,0x91,0x00,0x00,0x40,0x79,0xa0,0xb3,0x00,0x79,
	0xa0,0xb3,0x40,0x79,0xa0,0x9f,0x00,0x79,0x00,0x76,0x00,0xf0,0x00,0x00,0x02,0x91,
	0x01,0x04,0x40,0x79,0x00,0x76,0x00,0xf0,0x00,0x00,0x02,0x91,0x01,0x00,0x00,0x79,
	0xa0,0x0b,0x40,0xf9,0x00,0x00,0x40,0xb9,0x01,0x3c,0x00,0x12,0x00,0x76,0x00,0xf0,
	0x00,0x00,0x02,0x91,0x01,0x04,0x00,0x79,0xbf,0x23,0x01,0x39,0x00,0x76,0x00,0xf0,
	0x00,0xc8,0x01,0x91,0x00,0x00,0x40,0x39,0x1f,0x00,0x00,0x71,0x61,0x0f,0x00,0x54,
	0x40,0x77,0x00,0x90,0x00,0x58,0x18,0x91,0x00,0x00,0x40,0x79,0x1f,0x90,0x01,0x71,
	0x48,0x06,0x00,0x54,0xa0,0x0b,0x40,0xf9,0x00,0x10,0x00,0x91,0x00,0x00,0x40,0xb9,
	0x41,0x77,0x00,0x90,0x21,0x58,0x18,0x91,0x21,0x00,0x40,0x79,0x00,0x00,0x01,0x4b,
	0x1f,0x00,0x00,0x71,0x00,0xa4,0x80,0x5a,0xa0,0x77,0x00,0x79,0xa0,0x77,0x40,0x79,
	0x1f,0x14,0x00,0x71,0x08,0x01,0x00,0x54,0xa0,0x0b,0x40,0xf9,0x00,0x10,0x00,0x91,
	0x00,0x00,0x40,0xb9,0xa0,0x9f,0x00,0x79,0x20,0x00,0x80,0x52,0xa0,0x23,0x01,0x39,
	0x8e,0x00,0x00,0x14,0xa1,0xb3,0x40,0x79,0x40,0x77,0x00,0x90,0x00,0x58,0x18,0x91,
	0x00,0x00,0x40,0x79,0x00,0xa0,0x00,0x11,0x3f,0x00,0x00,0x6b,0xcd,0x00,0x00,0x54,
	0x40,0x77,0x00,0x90,0x00,0x58,0x18,0x91,0x00,0x00,0x40,0x79,0xa0,0x9f,0x00,0x79,
	0x82,0x00,0x00,0x14,0xa0,0xb3,0x40,0x79,0x00,0x78,0x00,0x11,0x41,0x77,0x00,0x90,
	0x21,0x58,0x18,0x91,0x21,0x00,0x40,0x79,0x1f,0x00,0x01,0x6b,0xca,0x00,0x00,0x54,
	0x40,0x77,0x00,0x90,0x00,0x58,0x18,0x91,0x00,0x00,0x40,0x79,0xa0,0x9f,0x00,0x79,
	0x76,0x00,0x00,0x14,0xa0,0xb3,0x40,0x79,0xa0,0x9f,0x00,0x79,0x20,0x00,0x80,0x52,
	0xa0,0x23,0x01,0x39,0x71,0x00,0x00,0x14,0x40,0x77,0x00,0x90,0x00,0x58,0x18,0x91,
	0x00,0x00,0x40,0x79,0x1f,0x90,0x01,0x71,0x69,0x04,0x00,0x54,0x40,0x77,0x00,0x90,
	0x00,0x58,0x18,0x91,0x00,0x00,0x40,0x79,0x1f,0xcc,0x01,0x71,0xc8,0x03,0x00,0x54,
	0xa1,0xb3,0x40,0x79,0x40,0x77,0x00,0x90,0x00,0x58,0x18,0x91,0x00,0x00,0x40,0x79,
	0x00,0xc8,0x00,0x11,0x3f,0x00,0x00,0x6b,0xcd,0x00,0x00,0x54,0x40,0x77,0x00,0x90,
	0x00,0x58,0x18,0x91,0x00,0x00,0x40,0x79,0xa0,0x9f,0x00,0x79,0x5b,0x00,0x00,0x14,
	0xa0,0xb3,0x40,0x79,0x00,0x64,0x00,0x11,0x41,0x77,0x00,0x90,0x21,0x58,0x18,0x91,
	0x21,0x00,0x40,0x79,0x1f,0x00,0x01,0x6b,0xca,0x00,0x00,0x54,0x40,0x77,0x00,0x90,
	0x00,0x58,0x18,0x91,0x00,0x00,0x40,0x79,0xa0,0x9f,0x00,0x79,0x4f,0x00,0x00,0x14,
	0xa0,0xb3,0x40,0x79,0xa0,0x9f,0x00,0x79,0x20,0x00,0x80,0x52,0xa0,0x23,0x01,0x39,
	0x4a,0x00,0x00,0x14,0xa1,0xb3,0x40,0x79,0x40,0x77,0x00,0x90,0x00,0x58,0x18,0x91,
	0x00,0x00,0x40,0x79,0x00,0xb4,0x00,0x11,0x3f,0x00,0x00,0x6b,0xcd,0x00,0x00,0x54,
	0x40,0x77,0x00,0x90,0x00,0x58,0x18,0x91,0x00,0x00,0x40,0x79,0xa0,0x9f,0x00,0x79,
	0x3e,0x00,0x00,0x14,0xa0,0xb3,0x40,0x79,0x00,0x50,0x00,0x11,0x41,0x77,0x00,0x90,
	0x21,0x58,0x18,0x91,0x21,0x00,0x40,0x79,0x1f,0x00,0x01,0x6b,0xca,0x00,0x00,0x54,
	0x40,0x77,0x00,0x90,0x00,0x58,0x18,0x91,0x00,0x00,0x40,0x79,0xa0,0x9f,0x00,0x79,
	0x32,0x00,0x00,0x14,0xa0,0xb3,0x40,0x79,0xa0,0x9f,0x00,0x79,0x20,0x00,0x80,0x52,
	0xa0,0x23,0x01,0x39,0x2d,0x00,0x00,0x14,0x00,0x76,0x00,0xf0,0x00,0xcc,0x01,0x91,
	0x00,0x00,0x40,0x39,0x00,0x04,0x00,0x11,0x01,0x1c,0x00,0x12,0x00,0x76,0x00,0xf0,
	0x00,0xcc,0x01,0x91,0x01,0x00,0x00,0x39,0x00,0x76,0x00,0xf0,0x00,0xcc,0x01,0x91,
	0x00,0x00,0x40,0x39,0x1f,0x00,0x00,0x71,0x80,0x00,0x00,0x54,0x00,0x76,0x00,0xf0,
	0x00,0xc8,0x01,0x91,0x1f,0x00,0x00,0x39,0xa1,0xb3,0x40,0x79,0x00,0x76,0x00,0xf0,
	0x00,0xd0,0x01,0x91,0x00,0x00,0x40,0x79,0x00,0xf0,0x00,0x11,0x3f,0x00,0x00,0x6b,
	0xcd,0x00,0x00,0x54,0x00,0x76,0x00,0xf0,0x00,0xd0,0x01,0x91,0x00,0x00,0x40,0x79,
	0xa0,0x9f,0x00,0x79,0x11,0x00,0x00,0x14,0xa0,0xb3,0x40,0x79,0x00,0xf0,0x00,0x11,
	0x01,0x76,0x00,0xf0,0x21,0xd0,0x01,0x91,0x21,0x00,0x40,0x79,0x1f,0x00,0x01,0x6b,
	0xca,0x00,0x00,0x54,0x00,0x76,0x00,0xf0,0x00,0xd0,0x01,0x91,0x00,0x00,0x40,0x79,
	0xa0,0x9f,0x00,0x79,0x05,0x00,0x00,0x14,0xa0,0xb3,0x40,0x79,0xa0,0x9f,0x00,0x79,
	0x20,0x00,0x80,0x52,0xa0,0x23,0x01,0x39,0x00,0x76,0x00,0xf0,0x00,0xd0,0x01,0x91,
	0xa1,0x9f,0x40,0x79,0x01,0x00,0x00,0x79,0xa0,0x23,0x41,0x39,0x1f,0x04,0x00,0x71,
	0x21,0x25,0x00,0x54,0x00,0x76,0x00,0xf0,0x00,0xd0,0x01,0x91,0x01,0x00,0x40,0x79,
	0x40,0x77,0x00,0x90,0x00,0x58,0x18,0x91,0x00,0x00,0x40,0x79,0x3f,0x00,0x00,0x6b,
	0x01,0x01,0x00,0x54,0x00,0x76,0x00,0xf0,0x00,0xd0,0x01,0x91,0x01,0x00,0x40,0x79,
	0x40,0x77,0x00,0x90,0x00,0x58,0x18,0x91,0x01,0x00,0x00,0x79,0x16,0x01,0x00,0x14,
	0x40,0x77,0x00,0x90,0x00,0x50,0x1a,0x91,0x00,0x00,0x40,0x39,0x1f,0x04,0x00,0x71,
	0x61,0x03,0x00,0x54,0x40,0x77,0x00,0x90,0x00,0x58,0x18,0x91,0x00,0x00,0x40,0x79,
	0x1f,0x90,0x01,0x71,0xc8,0x02,0x00,0x54,0x00,0x76,0x00,0xf0,0x00,0x40,0x02,0x91,
	0x00,0x00,0x40,0x39,0x1f,0x08,0x00,0x71,0x48,0x01,0x00,0x54,0x00,0x76,0x00,0xf0,
	0x00,0x40,0x02,0x91,0x00,0x00,0x40,0x39,0x00,0x04,0x00,0x11,0x01,0x1c,0x00,0x12,
	0x00,0x76,0x00,0xf0,0x00,0x40,0x02,0x91,0x01,0x00,0x00,0x39,0xfe,0x00,0x00,0x14,
	0x00,0x76,0x00,0xf0,0x00,0x40,0x02,0x91,0x1f,0x00,0x00,0x39,0x40,0x77,0x00,0x90,
	0x00,0x50,0x1a,0x91,0x1f,0x00,0x00,0x39,0xf7,0x00,0x00,0x14,0x00,0x76,0x00,0xf0,
	0x00,0x40,0x02,0x91,0x1f,0x00,0x00,0x39,0x40,0x77,0x00,0x90,0x00,0x50,0x1a,0x91,
	0x1f,0x00,0x00,0x39,0x40,0x77,0x00,0x90,0x00,0x58,0x18,0x91,0x00,0x00,0x40,0x79,
	0x1f,0x18,0x01,0x71,0xe8,0x10,0x00,0x54,0x00,0x76,0x00,0xf0,0x00,0xd0,0x01,0x91,
	0x00,0x00,0x40,0x79,0x1f,0x18,0x01,0x71,0x48,0x10,0x00,0x54,0x40,0x77,0x00,0x90,
	0x00,0x58,0x18,0x91,0x00,0x00,0x40,0x79,0xe1,0x03,0x00,0x2a,0xa0,0x0b,0x40,0xf9,
	0x00,0x10,0x00,0x91,0x00,0x00,0x40,0xb9,0x20,0x00,0x00,0x4b,0x1f,0x00,0x00,0x71,
	0x00,0xa4,0x80,0x5a,0xa0,0xa3,0x00,0x79,0xa0,0x0b,0x40,0xf9,0x00,0x10,0x00,0x91,
	0x00,0x00,0x40,0xb9,0xa0,0x73,0x00,0x79,0xa0,0xa3,0x40,0x79,0x1f,0x28,0x00,0x71,
	0xa8,0x04,0x00,0x54,0x20,0x77,0x00,0xf0,0x00,0x58,0x18,0x91,0x00,0x00,0x40,0x79,
	0xa1,0x73,0x40,0x79,0x3f,0x00,0x00,0x6b,0xe2,0x03,0x00,0x54,0xa1,0xb3,0x40,0x79,
	0x20,0x77,0x00,0xf0,0x00,0x58,0x18,0x91,0x00,0x00,0x40,0x79,0x00,0xa0,0x00,0x11,
	0x3f,0x00,0x00,0x6b,0xcd,0x00,0x00,0x54,0x20,0x77,0x00,0xf0,0x00,0x58,0x18,0x91,
	0x00,0x00,0x40,0x79,0xa0,0x9f,0x00,0x79,0x0f,0x00,0x00,0x14,0xa0,0xb3,0x40,0x79,
	0x00,0x78,0x00,0x11,0x21,0x77,0x00,0xf0,0x21,0x58,0x18,0x91,0x21,0x00,0x40,0x79,
	0x1f,0x00,0x01,0x6b,0xca,0x00,0x00,0x54,0x20,0x77,0x00,0xf0,0x00,0x58,0x18,0x91,
	0x00,0x00,0x40,0x79,0xa0,0x9f,0x00,0x79,0x03,0x00,0x00,0x14,0xa0,0xb3,0x40,0x79,
	0xa0,0x9f,0x00,0x79,0x00,0x76,0x00,0xd0,0x00,0xd0,0x01,0x91,0xa1,0x9f,0x40,0x79,
	0x01,0x00,0x00,0x79,0x20,0x77,0x00,0xf0,0x00,0x58,0x18,0x91,0x00,0x00,0x40,0x79,
	0xe1,0x03,0x00,0x2a,0x00,0x76,0x00,0xd0,0x00,0xd0,0x01,0x91,0x00,0x00,0x40,0x79,
	0x20,0x00,0x00,0x4b,0x1f,0x00,0x00,0x71,0x00,0xa4,0x80,0x5a,0xa0,0xa3,0x00,0x79,
	0xa0,0xa3,0x40,0x79,0x1f,0x0c,0x00,0x71,0x08,0x01,0x00,0x54,0x20,0x77,0x00,0xf0,
	0x00,0x58,0x18,0x91,0x01,0x00,0x40,0x79,0x20,0x77,0x00,0xf0,0x00,0x58,0x18,0x91,
	0x01,0x00,0x00,0x79,0x9c,0x00,0x00,0x14,0x20,0x77,0x00,0xf0,0x00,0x58,0x18,0x91,
	0x00,0x00,0x40,0x79,0xe1,0x03,0x00,0x2a,0x00,0x76,0x00,0xd0,0x00,0xd0,0x01,0x91,
	0x00,0x00,0x40,0x79,0x20,0x00,0x00,0x4b,0x1f,0x00,0x00,0x71,0x00,0xa4,0x80,0x5a,
	0x00,0x3c,0x00,0x12,0x00,0x04,0x00,0x11,0x00,0x3c,0x00,0x12,0xa0,0x9b,0x00,0x79,
	0x20,0x77,0x00,0xf0,0x00,0x58,0x18,0x91,0x00,0x00,0x40,0x79,0x00,0x68,0x1b,0x53,
	0x21,0x77,0x00,0xf0,0x21,0x58,0x18,0x91,0x21,0x00,0x40,0x79,0x00,0x00,0x01,0x4b,
	0x01,0x76,0x00,0xd0,0x21,0xd0,0x01,0x91,0x21,0x00,0x40,0x79,0x00,0x00,0x01,0x0b,
	0x00,0x04,0x00,0x11,0x00,0x7c,0x05,0x13,0xa0,0x43,0x00,0xb9,0x00,0x76,0x00,0xd0,
	0x00,0xd0,0x01,0x91,0x00,0x00,0x40,0x79,0xa0,0x97,0x00,0x79,0x20,0x77,0x00,0xf0,
	0x00,0x58,0x18,0x91,0x00,0x00,0x40,0x79,0xa0,0x6f,0x00,0x79,0xa0,0x97,0xc0,0x79,
	0x01,0x04,0x00,0x11,0xa0,0x6f,0xc0,0x79,0x21,0x00,0x00,0x4b,0xa0,0x9b,0xc0,0x79,
	0x20,0x0c,0xc0,0x1a,0xa0,0x3f,0x00,0xb9,0xa0,0x43,0x40,0xb9,0x01,0x3c,0x00,0x12,
	0xa0,0x3f,0x40,0xb9,0x00,0x3c,0x00,0x12,0x20,0x00,0x00,0x0b,0x01,0x3c,0x00,0x12,
	0x20,0x77,0x00,0xf0,0x00,0x58,0x18,0x91,0x01,0x00,0x00,0x79,0x66,0x00,0x00,0x14,
	0x00,0x76,0x00,0xd0,0x00,0xd0,0x01,0x91,0x00,0x00,0x40,0x79,0xe1,0x03,0x00,0x2a,
	0x20,0x77,0x00,0xf0,0x00,0x58,0x18,0x91,0x00,0x00,0x40,0x79,0x20,0x00,0x00,0x4b,
	0x1f,0x00,0x00,0x71,0x00,0xa4,0x80,0x5a,0xa0,0x77,0x00,0x79,0xa0,0x77,0x40,0x79,
	0x1f,0x28,0x00,0x71,0xc8,0x00,0x00,0x54,0x20,0x77,0x00,0xf0,0x00,0x58,0x18,0x91,
	0x00,0x00,0x40,0x79,0x1f,0x90,0x01,0x71,0x89,0x01,0x00,0x54,0x00,0x76,0x00,0xd0,
	0x00,0xd0,0x01,0x91,0x00,0x00,0x40,0x79,0xa1,0xb3,0x40,0x79,0x3f,0x00,0x00,0x6b,
	0x01,0x03,0x00,0x54,0x20,0x77,0x00,0xf0,0x00,0x58,0x18,0x91,0x00,0x00,0x40,0x79,
	0x1f,0x90,0x01,0x71,0x69,0x02,0x00,0x54,0x20,0x77,0x00,0xf0,0x00,0x58,0x18,0x91,
	0x00,0x00,0x40,0x79,0x00,0x78,0x1f,0x53,0x21,0x77,0x00,0xf0,0x21,0x58,0x18,0x91,
	0x21,0x00,0x40,0x79,0x00,0x00,0x01,0x0b,0x01,0x76,0x00,0xd0,0x21,0xd0,0x01,0x91,
	0x21,0x00,0x40,0x79,0x00,0x00,0x01,0x0b,0x00,0x7c,0x02,0x13,0x01,0x3c,0x00,0x12,
	0x20,0x77,0x00,0xf0,0x00,0x58,0x18,0x91,0x01,0x00,0x00,0x79,0x36,0x00,0x00,0x14,
	0x20,0x77,0x00,0xf0,0x00,0x58,0x18,0x91,0x00,0x00,0x40,0x79,0xe1,0x03,0x00,0x2a,
	0x00,0x76,0x00,0xd0,0x00,0xd0,0x01,0x91,0x00,0x00,0x40,0x79,0x20,0x00,0x00,0x4b,
	0x1f,0x00,0x00,0x71,0x00,0xa4,0x80,0x5a,0x00,0x3c,0x00,0x12,0x00,0x0c,0x00,0x11,
	0x00,0x3c,0x00,0x12,0xa0,0x9b,0x00,0x79,0x20,0x77,0x00,0xf0,0x00,0x58,0x18,0x91,
	0x00,0x00,0x40,0x79,0x00,0x6c,0x1c,0x53,0x21,0x77,0x00,0xf0,0x21,0x58,0x18,0x91,
	0x21,0x00,0x40,0x79,0x00,0x00,0x01,0x4b,0x01,0x76,0x00,0xd0,0x21,0xd0,0x01,0x91,
	0x21,0x00,0x40,0x79,0x00,0x00,0x01,0x0b,0x00,0x04,0x00,0x11,0x00,0x7c,0x04,0x13,
	0xa0,0x43,0x00,0xb9,0x00,0x76,0x00,0xd0,0x00,0xd0,0x01,0x91,0x00,0x00,0x40,0x79,
	0xa0,0x97,0x00,0x79,0x20,0x77,0x00,0xf0,0x00,0x58,0x18,0x91,0x00,0x00,0x40,0x79,
	0xa0,0x6f,0x00,0x79,0xa0,0x97,0xc0,0x79,0x01,0x04,0x00,0x11,0xa0,0x6f,0xc0,0x79,
	0x21,0x00,0x00,0x4b,0xa0,0x9b,0xc0,0x79,0x20,0x0c,0xc0,0x1a,0xa0,0x3f,0x00,0xb9,
	0xa0,0x43,0x40,0xb9,0x01,0x3c,0x00,0x12,0xa0,0x3f,0x40,0xb9,0x00,0x3c,0x00,0x12,
	0x20,0x00,0x00,0x0b,0x01,0x3c,0x00,0x12,0x20,0x77,0x00,0xf0,0x00,0x58,0x18,0x91,
	0x01,0x00,0x00,0x79,0x00,0x76,0x00,0xd0,0x00,0x44,0x02,0x91,0x1f,0x00,0x00,0x39,
	0x47,0x00,0x00,0x14,0xa0,0xb3,0x40,0x79,0x1f,0xc4,0x00,0x71,0x89,0x08,0x00,0x54,
	0xa0,0xb3,0x40,0x79,0x1f,0x94,0x02,0x71,0x28,0x08,0x00,0x54,0x00,0x76,0x00,0xd0,
	0x00,0x44,0x02,0x91,0x00,0x00,0x40,0x39,0x1f,0x04,0x00,0x71,0x89,0x06,0x00,0x54,
	0x00,0x76,0x00,0xd0,0x00,0x44,0x02,0x91,0x1f,0x00,0x00,0x39,0x20,0x77,0x00,0xf0,
	0x00,0x58,0x18,0x91,0x00,0x00,0x40,0x79,0xe1,0x03,0x00,0x2a,0xa0,0xb3,0x40,0x79,
	0x20,0x00,0x00,0x4b,0x1f,0x00,0x00,0x71,0x00,0xa4,0x80,0x5a,0x00,0x3c,0x00,0x12,
	0x00,0x0c,0x00,0x11,0x00,0x3c,0x00,0x12,0xa0,0x9b,0x00,0x79,0x20,0x77,0x00,0xf0,
	0x00,0x58,0x18,0x91,0x00,0x00,0x40,0x79,0x00,0x68,0x1b,0x53,0x21,0x77,0x00,0xf0,
	0x21,0x58,0x18,0x91,0x21,0x00,0x40,0x79,0x01,0x00,0x01,0x4b,0xa0,0xb3,0x40,0x79,
	0x20,0x00,0x00,0x0b,0x00,0x04,0x00,0x11,0x00,0x7c,0x05,0x13,0xa0,0x43,0x00,0xb9,
	0xa0,0xb3,0x40,0x79,0xa0,0x97,0x00,0x79,0x20,0x77,0x00,0xf0,0x00,0x58,0x18,0x91,
	0x00,0x00,0x40,0x79,0xa0,0x6f,0x00,0x79,0xa0,0x97,0xc0,0x79,0x01,0x04,0x00,0x11,
	0xa0,0x6f,0xc0,0x79,0x21,0x00,0x00,0x4b,0xa0,0x9b,0xc0,0x79,0x20,0x0c,0xc0,0x1a,
	0xa0,0x3f,0x00,0xb9,0xa0,0x43,0x40,0xb9,0x01,0x3c,0x00,0x12,0xa0,0x3f,0x40,0xb9,
	0x00,0x3c,0x00,0x12,0x20,0x00,0x00,0x0b,0x01,0x3c,0x00,0x12,0x20,0x77,0x00,0xf0,
	0x00,0x58,0x18,0x91,0x01,0x00,0x00,0x79,0x09,0x00,0x00,0x14,0x00,0x76,0x00,0xd0,
	0x00,0x44,0x02,0x91,0x00,0x00,0x40,0x39,0x00,0x04,0x00,0x11,0x01,0x1c,0x00,0x12,
	0x00,0x76,0x00,0xd0,0x00,0x44,0x02,0x91,0x01,0x00,0x00,0x39,0x00,0x76,0x00,0xd0,
	0x00,0xc8,0x01,0x91,0x00,0x00,0x40,0x39,0x1f,0x04,0x00,0x71,0xe1,0x00,0x00,0x54,
	0x20,0x77,0x00,0xf0,0x00,0x40,0x18,0x91,0x01,0x00,0x40,0x79,0x20,0x77,0x00,0xf0,
	0x00,0x58,0x18,0x91,0x01,0x00,0x00,0x79,0x00,0x76,0x00,0xd0,0x00,0x78,0x02,0x91,
	0x00,0x00,0x40,0x39,0x1f,0x04,0x00,0x71,0x81,0x01,0x00,0x54,0x20,0x77,0x00,0xf0,
	0x00,0x58,0x18,0x91,0x01,0x00,0x40,0x79,0x20,0x77,0x00,0xf0,0x00,0xa0,0x1a,0x91,
	0x00,0x00,0x40,0x79,0x3f,0x00,0x00,0x6b,0x82,0x00,0x00,0x54,0x00,0x76,0x00,0xd0,
	0x00,0x78,0x02,0x91,0x1f,0x00,0x00,0x39,0x20,0x77,0x00,0xf0,0x00,0x58,0x18,0x91,
	0x00,0x00,0x40,0x79,0xe1,0x03,0x00,0x2a,0x20,0x77,0x00,0xf0,0x00,0xa0,0x1a,0x91,
	0x00,0x00,0x40,0x79,0x20,0x00,0x00,0x4b,0x1f,0x00,0x00,0x71,0x00,0xa4,0x80,0x5a,
	0xa0,0xa3,0x00,0x79,0x00,0x76,0x00,0xd0,0x00,0xc4,0x01,0x91,0x00,0x00,0x40,0x39,
	0x1f,0x04,0x00,0x71,0x81,0x05,0x00,0x54,0x00,0x76,0x00,0xd0,0x00,0xc8,0x01,0x91,
	0x00,0x00,0x40,0x39,0x1f,0x00,0x00,0x71,0xe1,0x04,0x00,0x54,0xa0,0xa3,0x40,0x79,
	0x1f,0x18,0x00,0x71,0xc9,0x00,0x00,0x54,0x20,0x77,0x00,0xf0,0x00,0xa0,0x1a,0x91,
	0x00,0x00,0x40,0x79,0x1f,0x90,0x01,0x71,0x29,0x01,0x00,0x54,0xa0,0xa3,0x40,0x79,
	0x1f,0x20,0x00,0x71,0x89,0x03,0x00,0x54,0x20,0x77,0x00,0xf0,0x00,0xa0,0x1a,0x91,
	0x00,0x00,0x40,0x79,0x1f,0x90,0x01,0x71,0xe9,0x02,0x00,0x54,0x00,0x76,0x00,0xd0,
	0x00,0x78,0x02,0x91,0x00,0x00,0x40,0x39,0x1f,0x00,0x00,0x71,0x41,0x02,0x00,0x54,
	0x20,0x77,0x00,0xf0,0x00,0xa0,0x1a,0x91,0x00,0x00,0x40,0x79,0x00,0x78,0x1f,0x53,
	0x21,0x77,0x00,0xf0,0x21,0x58,0x18,0x91,0x21,0x00,0x40,0x79,0x00,0x00,0x01,0x0b,
	0x21,0x77,0x00,0xf0,0x21,0xa0,0x1a,0x91,0x21,0x00,0x40,0x79,0x00,0x00,0x01,0x0b,
	0x00,0x7c,0x02,0x13,0x01,0x3c,0x00,0x12,0x20,0x77,0x00,0xf0,0x00,0x58,0x18,0x91,
	0x01,0x00,0x00,0x79,0x00,0x76,0x00,0xd0,0x00,0x00,0x02,0x91,0x00,0x04,0x40,0x79,
	0xe1,0x03,0x00,0x2a,0x00,0x76,0x00,0xd0,0x00,0x00,0x02,0x91,0x00,0x00,0x40,0x79,
	0x20,0x00,0x00,0x4b,0x1f,0x00,0x00,0x71,0x00,0xa4,0x80,0x5a,0xa0,0xa3,0x00,0x79,
	0x00,0x76,0x00,0xd0,0x00,0x00,0x02,0x91,0x00,0x00,0x40,0x79,0xe1,0x03,0x00,0x2a,
	0x00,0x76,0x00,0xd0,0x00,0x00,0x02,0x91,0x00,0x04,0x40,0x79,0x20,0x00,0x00,0x0b,
	0x00,0x7c,0x01,0x13,0x01,0x3c,0x00,0x12,0x20,0x77,0x00,0xf0,0x00,0xa0,0x19,0x91,
	0x01,0x00,0x00,0x79,0xa0,0xa3,0x40,0x79,0x1f,0x28,0x00,0x71,0x68,0x1e,0x00,0x54,
	0x20,0x77,0x00,0xf0,0x00,0xa0,0x19,0x91,0x00,0x00,0x40,0x79,0x1f,0xcc,0x01,0x71,
	0xc8,0x1d,0x00,0x54,0xe0,0x75,0x00,0xf0,0x00,0x60,0x2b,0x91,0x00,0x00,0x40,0x79,
	0x1f,0x18,0x00,0x71,0x29,0x1d,0x00,0x54,0x00,0x76,0x00,0xd0,0x00,0xa0,0x04,0x91,
	0x00,0x00,0x40,0x39,0x1f,0x04,0x00,0x71,0x88,0x1c,0x00,0x54,0x20,0x77,0x00,0xf0,
	0x00,0x54,0x19,0x91,0x00,0x00,0x40,0x39,0x1f,0x18,0x00,0x71,0xa9,0x1a,0x00,0x54,
	0x20,0x77,0x00,0xf0,0x00,0x54,0x19,0x91,0x1f,0x00,0x00,0x39,0x00,0x76,0x00,0xd0,
	0x00,0x78,0x02,0x91,0x00,0x00,0x40,0x39,0x1f,0x04,0x00,0x71,0xe1,0x06,0x00,0x54,
	0x20,0x77,0x00,0xf0,0x00,0xa0,0x19,0x91,0x00,0x00,0x40,0x79,0xe1,0x03,0x00,0x2a,
	0x20,0x77,0x00,0xf0,0x00,0xa0,0x1a,0x91,0x00,0x00,0x40,0x79,0x00,0x50,0x00,0x11,
	0x3f,0x00,0x00,0x6b,0x2c,0x1a,0x00,0x54,0x20,0x77,0x00,0xf0,0x00,0xa0,0x19,0x91,
	0x00,0x00,0x40,0x79,0x1f,0xcc,0x01,0x71,0x88,0x19,0x00,0x54,0x20,0x77,0x00,0xf0,
	0x00,0xa0,0x19,0x91,0x00,0x00,0x40,0x79,0xe1,0x03,0x00,0x2a,0x20,0x77,0x00,0xf0,
	0x00,0xa0,0x1a,0x91,0x00,0x00,0x40,0x79,0x00,0x20,0x00,0x51,0x3f,0x00,0x00,0x6b,
	0x4b,0x18,0x00,0x54,0x20,0x77,0x00,0xf0,0x00,0xa0,0x19,0x91,0x01,0x00,0x40,0x79,
	0x20,0x77,0x00,0xf0,0x00,0x58,0x18,0x91,0x01,0x00,0x00,0x79,0x20,0x77,0x00,0xf0,
	0x00,0x58,0x18,0x91,0x01,0x00,0x40,0x79,0x20,0x77,0x00,0xf0,0x00,0xa0,0x1a,0x91,
	0x01,0x00,0x00,0x79,0x20,0x77,0x00,0xf0,0x00,0x58,0x18,0x91,0x01,0x00,0x40,0x79,
	0x20,0x77,0x00,0xf0,0x00,0x58,0x19,0x91,0x01,0x00,0x00,0x79,0x00,0x76,0x00,0xd0,
	0x00,0x48,0x02,0x91,0x1f,0x00,0x00,0x39,0x00,0x76,0x00,0xd0,0x00,0xc4,0x01,0x91,
	0x21,0x00,0x80,0x52,0x01,0x00,0x00,0x39,0x00,0x76,0x00,0xd0,0x00,0x78,0x02,0x91,
	0x1f,0x00,0x00,0x39,0xa5,0x00,0x00,0x14,0x00,0x76,0x00,0xd0,0x00,0xc4,0x01,0x91,
	0x00,0x00,0x40,0x39,0x1f,0x00,0x00,0x71,0x61,0x03,0x00,0x54,0x20,0x77,0x00,0xf0,
	0x00,0xa0,0x19,0x91,0x01,0x00,0x40,0x79,0x20,0x77,0x00,0xf0,0x00,0x58,0x18,0x91,
	0x01,0x00,0x00,0x79,0x20,0x77,0x00,0xf0,0x00,0x58,0x18,0x91,0x01,0x00,0x40,0x79,
	0x20,0x77,0x00,0xf0,0x00,0xa0,0x1a,0x91,0x01,0x00,0x00,0x79,0x20,0x77,0x00,0xf0,
	0x00,0x58,0x18,0x91,0x01,0x00,0x40,0x79,0x20,0x77,0x00,0xf0,0x00,0x58,0x19,0x91,
	0x01,0x00,0x00,0x79,0x00,0x76,0x00,0xd0,0x00,0x48,0x02,0x91,0x1f,0x00,0x00,0x39,
	0x00,0x76,0x00,0xd0,0x00,0xc4,0x01,0x91,0x21,0x00,0x80,0x52,0x01,0x00,0x00,0x39,
	0x86,0x00,0x00,0x14,0x20,0x77,0x00,0xf0,0x00,0xa0,0x19,0x91,0x00,0x00,0x40,0x79,
	0xe1,0x03,0x00,0x2a,0x20,0x77,0x00,0xf0,0x00,0xa0,0x1a,0x91,0x00,0x00,0x40,0x79,
	0x20,0x00,0x00,0x4b,0x1f,0x00,0x00,0x71,0x00,0xa4,0x80,0x5a,0xa0,0x73,0x00,0x79,
	0xa0,0x73,0x40,0x79,0x1f,0x28,0x00,0x71,0x89,0x01,0x00,0x54,0xa0,0x73,0x40,0x79,
	0x1f,0x28,0x00,0x71,0xe9,0x03,0x00,0x54,0x20,0x77,0x00,0xf0,0x00,0xa0,0x19,0x91,
	0x01,0x00,0x40,0x79,0x20,0x77,0x00,0xf0,0x00,0xa0,0x1a,0x91,0x00,0x00,0x40,0x79,
	0x3f,0x00,0x00,0x6b,0xe9,0x02,0x00,0x54,0x20,0x77,0x00,0xf0,0x00,0xa0,0x19,0x91,
	0x01,0x00,0x40,0x79,0x20,0x77,0x00,0xf0,0x00,0x58,0x18,0x91,0x01,0x00,0x00,0x79,
	0x20,0x77,0x00,0xf0,0x00,0x58,0x18,0x91,0x01,0x00,0x40,0x79,0x20,0x77,0x00,0xf0,
	0x00,0xa0,0x1a,0x91,0x01,0x00,0x00,0x79,0x20,0x77,0x00,0xf0,0x00,0x58,0x18,0x91,
	0x01,0x00,0x40,0x79,0x20,0x77,0x00,0xf0,0x00,0x58,0x19,0x91,0x01,0x00,0x00,0x79,
	0x00,0x76,0x00,0xd0,0x00,0x48,0x02,0x91,0x1f,0x00,0x00,0x39,0x52,0x00,0x00,0x14,
	0x00,0x76,0x00,0xd0,0x00,0x60,0x02,0x91,0x01,0x04,0x40,0x79,0x00,0x76,0x00,0xd0,
	0x00,0x60,0x02,0x91,0x01,0x00,0x00,0x79,0x20,0x77,0x00,0xf0,0x00,0xa0,0x19,0x91,
	0x01,0x00,0x40,0x79,0x00,0x76,0x00,0xd0,0x00,0x60,0x02,0x91,0x01,0x04,0x00,0x79,
	0x00,0x76,0x00,0xd0,0x00,0x60,0x02,0x91,0x00,0x04,0x40,0x79,0xe1,0x03,0x00,0x2a,
	0x00,0x76,0x00,0xd0,0x00,0x60,0x02,0x91,0x00,0x00,0x40,0x79,0x20,0x00,0x00,0x4b,
	0x1f,0x00,0x00,0x71,0x00,0xa4,0x80,0x5a,0xa0,0x77,0x00,0x79,0x00,0x76,0x00,0xd0,
	0x00,0x48,0x02,0x91,0x00,0x00,0x40,0x39,0x1f,0x00,0x00,0x71,0x40,0x03,0x00,0x54,
	0xa0,0x77,0x40,0x79,0x1f,0x24,0x00,0x71,0xe8,0x02,0x00,0x54,0x20,0x77,0x00,0xf0,
	0x00,0xa0,0x19,0x91,0x01,0x00,0x40,0x79,0x20,0x77,0x00,0xf0,0x00,0x58,0x18,0x91,
	0x01,0x00,0x00,0x79,0x20,0x77,0x00,0xf0,0x00,0x58,0x18,0x91,0x01,0x00,0x40,0x79,
	0x20,0x77,0x00,0xf0,0x00,0xa0,0x1a,0x91,0x01,0x00,0x00,0x79,0x20,0x77,0x00,0xf0,
	0x00,0x58,0x18,0x91,0x01,0x00,0x40,0x79,0x20,0x77,0x00,0xf0,0x00,0x58,0x19,0x91,
	0x01,0x00,0x00,0x79,0x00,0x76,0x00,0xd0,0x00,0x48,0x02,0x91,0x1f,0x00,0x00,0x39,
	0x1d,0x00,0x00,0x14,0x00,0x76,0x00,0xd0,0x00,0x48,0x02,0x91,0x00,0x00,0x40,0x39,
	0x1f,0x04,0x00,0x71,0xc9,0x00,0x00,0x54,0x00,0x76,0x00,0xd0,0x00,0x48,0x02,0x91,
	0x41,0x00,0x80,0x52,0x01,0x00,0x00,0x39,0x18,0x00,0x00,0x14,0x00,0x76,0x00,0xd0,
	0x00,0x48,0x02,0x91,0x00,0x00,0x40,0x39,0x00,0x04,0x00,0x11,0x01,0x1c,0x00,0x12,
	0x00,0x76,0x00,0xd0,0x00,0x48,0x02,0x91,0x01,0x00,0x00,0x39,0x0f,0x00,0x00,0x14,
	0x20,0x77,0x00,0xf0,0x00,0x54,0x19,0x91,0x00,0x00,0x40,0x39,0x00,0x04,0x00,0x11,
	0x01,0x1c,0x00,0x12,0x20,0x77,0x00,0xf0,0x00,0x54,0x19,0x91,0x01,0x00,0x00,0x39,
	0x06,0x00,0x00,0x14,0x05,0x00,0x00,0x14,0x20,0x77,0x00,0xf0,0x00,0x54,0x19,0x91,
	0x1f,0x00,0x00,0x39,0x02,0x00,0x00,0x14,0x1f,0x20,0x03,0xd5,0x00,0x76,0x00,0xd0,
	0x00,0x00,0x02,0x91,0x01,0x04,0x40,0x79,0x00,0x76,0x00,0xd0,0x00,0x00,0x02,0x91,
	0x00,0x00,0x40,0x79,0x3f,0x00,0x00,0x6b,0x82,0x02,0x00,0x54,0x00,0x76,0x00,0xd0,
	0x00,0x00,0x02,0x91,0x00,0x04,0x40,0x79,0x1f,0xf4,0x01,0x71,0xe9,0x01,0x00,0x54,
	0x00,0x76,0x00,0xd0,0x00,0x4c,0x02,0x91,0x00,0x00,0x40,0x39,0x1f,0x14,0x00,0x71,
	0xe8,0x03,0x00,0x54,0x00,0x76,0x00,0xd0,0x00,0x4c,0x02,0x91,0x00,0x00,0x40,0x39,
	0x00,0x04,0x00,0x11,0x01,0x1c,0x00,0x12,0x00,0x76,0x00,0xd0,0x00,0x4c,0x02,0x91,
	0x01,0x00,0x00,0x39,0x16,0x00,0x00,0x14,0x00,0x76,0x00,0xd0,0x00,0x00,0x02,0x91,
	0x01,0x04,0x40,0x79,0x00,0x76,0x00,0xd0,0x00,0x00,0x02,0x91,0x00,0x00,0x40,0x79,
	0x3f,0x00,0x00,0x6b,0xc9,0x01,0x00,0x54,0x00,0x76,0x00,0xd0,0x00,0x4c,0x02,0x91,
	0x00,0x00,0x40,0x39,0x1f,0x00,0x00,0x71,0x20,0x01,0x00,0x54,0x00,0x76,0x00,0xd0,
	0x00,0x4c,0x02,0x91,0x00,0x00,0x40,0x39,0x00,0x04,0x00,0x51,0x01,0x1c,0x00,0x12,
	0x00,0x76,0x00,0xd0,0x00,0x4c,0x02,0x91,0x01,0x00,0x00,0x39,0x00,0x76,0x00,0xd0,
	0x00,0x4c,0x02,0x91,0x00,0x00,0x40,0x39,0x1f,0x08,0x00,0x71,0xc9,0x03,0x00,0x54,
	0x00,0x76,0x00,0xd0,0x00,0x00,0x02,0x91,0x00,0x00,0x40,0x79,0xe1,0x03,0x00,0x2a,
	0x00,0x76,0x00,0xd0,0x00,0x00,0x02,0x91,0x00,0x04,0x40,0x79,0x20,0x00,0x00,0x0b,
	0x00,0x7c,0x01,0x13,0x01,0x3c,0x00,0x12,0x20,0x77,0x00,0xf0,0x00,0x58,0x18,0x91,
	0x01,0x00,0x00,0x79,0x20,0x77,0x00,0xf0,0x00,0x58,0x18,0x91,0x01,0x00,0x40,0x79,
	0x20,0x77,0x00,0xf0,0x00,0x58,0x19,0x91,0x01,0x00,0x00,0x79,0x00,0x76,0x00,0xd0,
	0x00,0x4c,0x02,0x91,0x1f,0x00,0x00,0x39,0x00,0x76,0x00,0xd0,0x00,0x78,0x02,0x91,
	0x21,0x00,0x80,0x52,0x01,0x00,0x00,0x39,0x00,0x76,0x00,0xd0,0x00,0x48,0x02,0x91,
	0x1f,0x00,0x00,0x39,0xe0,0x75,0x00,0xf0,0x00,0x60,0x2b,0x91,0x00,0x00,0x40,0x79,
	0x1f,0x28,0x00,0x71,0xa9,0x09,0x00,0x54,0xe0,0x75,0x00,0xf0,0x00,0xa8,0x2b,0x91,
	0x00,0x00,0x40,0x39,0x1f,0x00,0x00,0x71,0x01,0x09,0x00,0x54,0x00,0x76,0x00,0xd0,
	0x00,0xc4,0x01,0x91,0x00,0x00,0x40,0x39,0x1f,0x04,0x00,0x71,0x01,0x01,0x00,0x54,
	0x20,0x77,0x00,0xf0,0x00,0xa0,0x1a,0x91,0x01,0x00,0x40,0x79,0x20,0x77,0x00,0xf0,
	0x00,0x58,0x18,0x91,0x01,0x00,0x00,0x79,0x16,0x00,0x00,0x14,0x00,0x76,0x00,0xd0,
	0x00,0x28,0x04,0x91,0x00,0x00,0x40,0x79,0x1f,0x3c,0x00,0x71,0x08,0x01,0x00,0x54,
	0x00,0x76,0x00,0xd0,0x00,0x50,0x02,0x91,0x01,0x00,0x40,0x79,0x20,0x77,0x00,0xf0,
	0x00,0x58,0x18,0x91,0x01,0x00,0x00,0x79,0x0a,0x00,0x00,0x14,0x00,0x76,0x00,0xd0,
	0x00,0x50,0x02,0x91,0x00,0x00,0x40,0x79,0x00,0xa8,0x03,0x11,0x00,0x7c,0x02,0x13,
	0x01,0x3c,0x00,0x12,0x20,0x77,0x00,0xf0,0x00,0x58,0x18,0x91,0x01,0x00,0x00,0x79,
	0x20,0x77,0x00,0xf0,0x00,0x58,0x18,0x91,0x00,0x00,0x40,0x79,0x1f,0xd8,0x00,0x71,
	0xc8,0x00,0x00,0x54,0x20,0x77,0x00,0xf0,0x00,0x58,0x18,0x91,0xe1,0x06,0x80,0x52,
	0x01,0x00,0x00,0x79,0x0a,0x00,0x00,0x14,0x20,0x77,0x00,0xf0,0x00,0x58,0x18,0x91,
	0x00,0x00,0x40,0x79,0x1f,0xcc,0x01,0x71,0xa9,0x00,0x00,0x54,0x20,0x77,0x00,0xf0,
	0x00,0x58,0x18,0x91,0x61,0x0e,0x80,0x52,0x01,0x00,0x00,0x79,0x20,0x77,0x00,0xf0,
	0x00,0x58,0x18,0x91,0x01,0x00,0x40,0x79,0x20,0x77,0x00,0xf0,0x00,0x58,0x19,0x91,
	0x01,0x00,0x00,0x79,0x20,0x77,0x00,0xf0,0x00,0x58,0x18,0x91,0x01,0x00,0x40,0x79,
	0x00,0x76,0x00,0xd0,0x00,0x88,0x01,0x91,0x01,0x00,0x00,0x79,0x00,0x76,0x00,0xd0,
	0x00,0x7c,0x02,0x91,0x1f,0x00,0x00,0x39,0xe0,0x75,0x00,0xf0,0x00,0xa8,0x2b,0x91,
	0x21,0x00,0x80,0x52,0x01,0x00,0x00,0x39,0x20,0x77,0x00,0xf0,0x00,0x58,0x18,0x91,
	0x01,0x00,0x40,0x79,0x20,0x77,0x00,0xf0,0x00,0x40,0x18,0x91,0x01,0x00,0x00,0x79,
	0x20,0x77,0x00,0xf0,0x00,0x58,0x18,0x91,0x00,0x00,0x40,0x79,0xe1,0x03,0x00,0x2a,
	0x20,0x77,0x00,0xf0,0x00,0x58,0x19,0x91,0x00,0x00,0x40,0x79,0x20,0x00,0x00,0x4b,
	0x1f,0x00,0x00,0x71,0x00,0xa4,0x80,0x5a,0x00,0x3c,0x00,0x12,0x00,0x04,0x00,0x11,
	0x00,0x3c,0x00,0x12,0xa0,0x9b,0x00,0x79,0x20,0x77,0x00,0xf0,0x00,0x58,0x18,0x91,
	0x00,0x00,0x40,0x79,0x1f,0x8c,0x01,0x71,0x09,0x04,0x00,0x54,0x20,0x77,0x00,0xf0,
	0x00,0x58,0x19,0x91,0x00,0x00,0x40,0x79,0x00,0x74,0x1e,0x53,0x21,0x77,0x00,0xf0,
	0x21,0x58,0x19,0x91,0x21,0x00,0x40,0x79,0x00,0x00,0x01,0x4b,0x21,0x77,0x00,0xf0,
	0x21,0x58,0x18,0x91,0x21,0x00,0x40,0x79,0x00,0x00,0x01,0x0b,0x00,0x04,0x00,0x11,
	0x00,0x7c,0x02,0x13,0xa0,0x43,0x00,0xb9,0x20,0x77,0x00,0xf0,0x00,0x58,0x18,0x91,
	0x00,0x00,0x40,0x79,0xa0,0x97,0x00,0x79,0x20,0x77,0x00,0xf0,0x00,0x58,0x19,0x91,
	0x00,0x00,0x40,0x79,0xa0,0x6f,0x00,0x79,0xa0,0x97,0xc0,0x79,0x01,0x04,0x00,0x11,
	0xa0,0x6f,0xc0,0x79,0x21,0x00,0x00,0x4b,0xa0,0x9b,0xc0,0x79,0x20,0x0c,0xc0,0x1a,
	0xa0,0x3f,0x00,0xb9,0x1f,0x00,0x00,0x14,0x20,0x77,0x00,0xf0,0x00,0x58,0x19,0x91,
	0x00,0x00,0x40,0x79,0x00,0x6c,0x1c,0x53,0x21,0x77,0x00,0xf0,0x21,0x58,0x19,0x91,
	0x21,0x00,0x40,0x79,0x00,0x00,0x01,0x4b,0x21,0x77,0x00,0xf0,0x21,0x58,0x18,0x91,
	0x21,0x00,0x40,0x79,0x00,0x00,0x01,0x0b,0x00,0x04,0x00,0x11,0x00,0x7c,0x04,0x13,
	0xa0,0x43,0x00,0xb9,0x20,0x77,0x00,0xf0,0x00,0x58,0x18,0x91,0x00,0x00,0x40,0x79,
	0xa0,0x97,0x00,0x79,0x20,0x77,0x00,0xf0,0x00,0x58,0x19,0x91,0x00,0x00,0x40,0x79,
	0xa0,0x6f,0x00,0x79,0xa0,0x97,0xc0,0x79,0x01,0x04,0x00,0x11,0xa0,0x6f,0xc0,0x79,
	0x21,0x00,0x00,0x4b,0xa0,0x9b,0xc0,0x79,0x20,0x0c,0xc0,0x1a,0xa0,0x3f,0x00,0xb9,
	0xa0,0x43,0x40,0xb9,0x01,0x3c,0x00,0x12,0xa0,0x3f,0x40,0xb9,0x00,0x3c,0x00,0x12,
	0x20,0x00,0x00,0x0b,0x01,0x3c,0x00,0x12,0x20,0x77,0x00,0xf0,0x00,0x58,0x19,0x91,
	0x01,0x00,0x00,0x79,0x00,0x76,0x00,0xd0,0x00,0xa0,0x04,0x91,0x00,0x00,0x40,0x39,
	0x1f,0x04,0x00,0x71,0xc9,0x06,0x00,0x54,0xe0,0x75,0x00,0xf0,0x00,0xa8,0x2b,0x91,
	0x00,0x00,0x40,0x39,0x1f,0x04,0x00,0x71,0x21,0x06,0x00,0x54,0x20,0x77,0x00,0xf0,
	0x00,0x58,0x19,0x91,0x01,0x00,0x40,0x79,0x00,0x76,0x00,0xd0,0x00,0xb0,0x01,0x91,
	0x00,0x00,0x40,0x79,0x3f,0x00,0x00,0x6b,0x62,0x04,0x00,0x54,0x00,0x76,0x00,0xd0,
	0x00,0x18,0x04,0x91,0x00,0x00,0x40,0x39,0x1f,0x00,0x00,0x71,0x01,0x03,0x00,0x54,
	0x20,0x77,0x00,0xf0,0x00,0x58,0x19,0x91,0x00,0x00,0x40,0x79,0x1f,0xb4,0x01,0x71,
	0x68,0x02,0x00,0x54,0x00,0x76,0x00,0xd0,0x00,0xb0,0x01,0x91,0x00,0x00,0x40,0x79,
	0x1f,0xc8,0x01,0x71,0xc8,0x01,0x00,0x54,0x00,0x76,0x00,0xd0,0x00,0xb0,0x01,0x91,
	0x00,0x00,0x40,0x79,0x00,0x10,0x00,0x11,0x01,0x3c,0x00,0x12,0x20,0x77,0x00,0xf0,
	0x00,0x58,0x19,0x91,0x01,0x00,0x00,0x79,0x00,0x76,0x00,0xd0,0x00,0x18,0x04,0x91,
	0x21,0x00,0x80,0x52,0x01,0x00,0x00,0x39,0x07,0x00,0x00,0x14,0x00,0x76,0x00,0xd0,
	0x00,0xb0,0x01,0x91,0x01,0x00,0x40,0x79,0x20,0x77,0x00,0xf0,0x00,0x58,0x19,0x91,
	0x01,0x00,0x00,0x79,0x20,0x77,0x00,0xf0,0x00,0x88,0x18,0x91,0x01,0x00,0x40,0x79,
	0x20,0x77,0x00,0xf0,0x00,0x58,0x18,0x91,0x01,0x00,0x00,0x79,0x20,0x77,0x00,0xf0,
	0x00,0x58,0x19,0x91,0x01,0x00,0x40,0x79,0x00,0x76,0x00,0xd0,0x00,0xb0,0x01,0x91,
	0x01,0x00,0x00,0x79,0x20,0x77,0x00,0xf0,0x00,0x58,0x18,0x91,0x01,0x00,0x40,0x79,
	0x20,0x77,0x00,0xf0,0x00,0x88,0x18,0x91,0x01,0x00,0x00,0x79,0x00,0x76,0x00,0xd0,
	0x00,0xb0,0x01,0x91,0x00,0x00,0x40,0x79,0x00,0x18,0x00,0x11,0x01,0x3c,0x00,0x12,
	0x00,0x76,0x00,0xd0,0x00,0xb8,0x01,0x91,0x01,0x00,0x00,0x79,0x20,0x77,0x00,0xf0,
	0x00,0xa0,0x1a,0x91,0x00,0x00,0x40,0x79,0x00,0x18,0x00,0x11,0x01,0x3c,0x00,0x12,
	0x00,0x76,0x00,0xd0,0x00,0x20,0x04,0x91,0x01,0x00,0x00,0x79,0x00,0x76,0x00,0xd0,
	0x00,0xb0,0x01,0x91,0x00,0x00,0x40,0x79,0x00,0x18,0x00,0x11,0x01,0x3c,0x00,0x12,
	0x00,0x76,0x00,0xd0,0x00,0xd8,0x04,0x91,0x01,0x00,0x00,0x79,0x00,0x76,0x00,0xd0,
	0x00,0xb8,0x01,0x91,0x01,0x00,0x40,0x79,0x00,0x76,0x00,0xd0,0x00,0x00,0x05,0x91,
	0x01,0x04,0x00,0x79,0x00,0x76,0x00,0xd0,0x00,0xb8,0x04,0x91,0x21,0x00,0x80,0x52,
	0x01,0x00,0x00,0x39,0x00,0x76,0x00,0xd0,0x00,0xd4,0x04,0x91,0x1f,0x00,0x00,0x39,
	0x00,0x76,0x00,0xd0,0x00,0xbc,0x04,0x91,0x1f,0x00,0x00,0x39,0x00,0x76,0x00,0xd0,
	0x00,0xcc,0x04,0x91,0x1f,0x00,0x00,0x39,0xbf,0x27,0x01,0x39,0x09,0x00,0x00,0x14,
	0xa1,0x27,0x41,0x39,0x00,0x76,0x00,0xb0,0x00,0x40,0x04,0x91,0x21,0x7c,0x40,0x93,
	0x1f,0x78,0x21,0x78,0xa0,0x27,0x41,0x39,0x00,0x04,0x00,0x11,0xa0,0x27,0x01,0x39,
	0xa0,0x27,0x41,0x39,0x1f,0x0c,0x00,0x71,0xc9,0xfe,0xff,0x54,0xbf,0x27,0x01,0x39,
	0x09,0x00,0x00,0x14,0xa1,0x27,0x41,0x39,0x00,0x76,0x00,0xb0,0x00,0x60,0x03,0x91,
	0x21,0x7c,0x40,0x93,0x1f,0x78,0x21,0x78,0xa0,0x27,0x41,0x39,0x00,0x04,0x00,0x11,
	0xa0,0x27,0x01,0x39,0xa0,0x27,0x41,0x39,0x1f,0x1c,0x00,0x71,0xc9,0xfe,0xff,0x54,
	0x00,0x76,0x00,0xb0,0x00,0x20,0x05,0x91,0x1f,0x00,0x00,0x79,0x00,0x76,0x00,0xb0,
	0x00,0x20,0x05,0x91,0x1f,0x04,0x00,0x79,0x00,0x76,0x00,0xb0,0x00,0x14,0x04,0x91,
	0x1f,0x00,0x00,0x39,0x00,0x76,0x00,0xb0,0x00,0xc8,0x04,0x91,0x21,0x00,0x80,0x52,
	0x01,0x00,0x00,0x39,0x00,0x76,0x00,0xb0,0x00,0x58,0x05,0x91,0x00,0x00,0x40,0x39,
	0x1f,0x1c,0x03,0x71,0x48,0x01,0x00,0x54,0x00,0x76,0x00,0xb0,0x00,0x58,0x05,0x91,
	0x00,0x00,0x40,0x39,0x00,0x04,0x00,0x11,0x01,0x1c,0x00,0x12,0x00,0x76,0x00,0xb0,
	0x00,0x58,0x05,0x91,0x01,0x00,0x00,0x39,0x05,0x00,0x00,0x14,0x00,0x76,0x00,0xb0,
	0x00,0x58,0x05,0x91,0xe1,0x06,0x80,0x12,0x01,0x00,0x00,0x39,0x00,0x76,0x00,0xb0,
	0x00,0x38,0x05,0x91,0x1f,0x00,0x00,0x79,0x00,0x76,0x00,0xb0,0x00,0x40,0x05,0x91,
	0x1f,0x00,0x00,0x79,0x00,0x76,0x00,0xb0,0x00,0x5c,0x05,0x91,0x1f,0x00,0x00,0x39,
	0x0d,0x0a,0x00,0x14,0x20,0x77,0x00,0xd0,0x00,0x90,0x1a,0x91,0x00,0x00,0x40,0xb9,
	0x1f,0x0c,0x00,0x71,0x41,0x40,0x01,0x54,0x20,0x55,0x00,0x90,0x00,0xa8,0x0f,0x91,
	0x00,0x00,0x40,0x39,0x1f,0x10,0x00,0x71,0x89,0x00,0x00,0x54,0x00,0x76,0x00,0xb0,
	0x00,0x7c,0x02,0x91,0x1f,0x00,0x00,0x39,0x00,0x76,0x00,0xb0,0x00,0xa0,0x03,0x91,
	0x01,0x00,0x40,0x79,0xe0,0x3a,0x8b,0x52,0x3f,0x00,0x00,0x6b,0x49,0x02,0x00,0x54,
	0x00,0x76,0x00,0xb0,0x00,0xd8,0x04,0x91,0x00,0x00,0x40,0x79,0x1f,0xb4,0x01,0x71,
	0xc9,0x00,0x00,0x54,0x00,0x76,0x00,0xb0,0x00,0xe0,0x04,0x91,0xc1,0x0d,0x80,0x52,
	0x01,0x00,0x00,0x79,0x18,0x00,0x00,0x14,0x00,0x76,0x00,0xb0,0x00,0xd8,0x04,0x91,
	0x01,0x00,0x40,0x79,0x00,0x76,0x00,0xb0,0x00,0xe0,0x04,0x91,0x01,0x00,0x00,0x79,
	0x11,0x00,0x00,0x14,0x00,0x76,0x00,0xb0,0x00,0xd8,0x04,0x91,0x00,0x00,0x40,0x79,
	0x1f,0x78,0x01,0x71,0xc9,0x00,0x00,0x54,0x00,0x76,0x00,0xb0,0x00,0xe0,0x04,0x91,
	0xe1,0x0b,0x80,0x52,0x01,0x00,0x00,0x79,0x07,0x00,0x00,0x14,0x00,0x76,0x00,0xb0,
	0x00,0xd8,0x04,0x91,0x01,0x00,0x40,0x79,0x00,0x76,0x00,0xb0,0x00,0xe0,0x04,0x91,
	0x01,0x00,0x00,0x79,0x00,0x76,0x00,0xb0,0x00,0x18,0x04,0x91,0x21,0x00,0x80,0x52,
	0x01,0x00,0x00,0x39,0x20,0x55,0x00,0x90,0x00,0xa8,0x0f,0x91,0x1f,0x00,0x00,0x39,
	0x20,0x77,0x00,0xd0,0x00,0x54,0x19,0x91,0x1f,0x00,0x00,0x39,0x00,0x76,0x00,0xb0,
	0x00,0xcc,0x01,0x91,0x1f,0x00,0x00,0x39,0x00,0x76,0x00,0xb0,0x00,0x48,0x02,0x91,
	0x1f,0x00,0x00,0x39,0x00,0x76,0x00,0xb0,0x00,0x4c,0x02,0x91,0x1f,0x00,0x00,0x39,
	0x00,0x76,0x00,0xb0,0x00,0xc8,0x01,0x91,0x21,0x00,0x80,0x52,0x01,0x00,0x00,0x39,
	0x00,0x76,0x00,0xb0,0x00,0x78,0x02,0x91,0x21,0x00,0x80,0x52,0x01,0x00,0x00,0x39,
	0xe0,0x75,0x00,0xd0,0x00,0xa8,0x2b,0x91,0x21,0x00,0x80,0x52,0x01,0x00,0x00,0x39,
	0x00,0x76,0x00,0xb0,0x00,0xd4,0x04,0x91,0x1f,0x00,0x00,0x39,0xa0,0x83,0x00,0x91,
	0xe1,0x03,0x00,0xaa,0xa0,0x0b,0x40,0xf9,0xde,0xf6,0xff,0x97,0x00,0x76,0x00,0xb0,
	0x00,0x80,0x04,0x91,0x01,0x04,0x40,0x79,0x00,0x76,0x00,0xb0,0x00,0x80,0x04,0x91,
	0x01,0x08,0x00,0x79,0x00,0x76,0x00,0xb0,0x00,0x80,0x04,0x91,0x01,0x00,0x40,0x79,
	0x00,0x76,0x00,0xb0,0x00,0x80,0x04,0x91,0x01,0x04,0x00,0x79,0xa0,0x0b,0x40,0xf9,
	0x00,0x00,0x40,0xb9,0x01,0x7c,0x01,0x53,0xa0,0x0b,0x40,0xf9,0x00,0x10,0x00,0x91,
	0x00,0x00,0x40,0xb9,0x20,0x00,0x00,0x4b,0x1f,0x18,0x00,0x31,0x4b,0x02,0x00,0x54,
	0xa0,0x0b,0x40,0xf9,0x00,0x00,0x40,0xb9,0x01,0x7c,0x01,0x53,0xa0,0x0b,0x40,0xf9,
	0x00,0x10,0x00,0x91,0x00,0x00,0x40,0xb9,0x20,0x00,0x00,0x4b,0x1f,0x18,0x00,0x71,
	0x2c,0x01,0x00,0x54,0xa0,0x0b,0x40,0xf9,0x00,0x10,0x00,0x91,0x00,0x00,0x40,0xb9,
	0x01,0x3c,0x00,0x12,0x00,0x76,0x00,0xb0,0x00,0x80,0x04,0x91,0x01,0x00,0x00,0x79,
	0x45,0x00,0x00,0x14,0xa0,0x0b,0x40,0xf9,0x00,0x10,0x00,0x91,0x00,0x00,0x40,0xb9,
	0x01,0x7c,0x01,0x53,0xa0,0x0b,0x40,0xf9,0x00,0x00,0x40,0xb9,0x20,0x00,0x00,0x4b,
	0x1f,0x18,0x00,0x31,0x2b,0x02,0x00,0x54,0xa0,0x0b,0x40,0xf9,0x00,0x10,0x00,0x91,
	0x00,0x00,0x40,0xb9,0x01,0x7c,0x01,0x53,0xa0,0x0b,0x40,0xf9,0x00,0x00,0x40,0xb9,
	0x20,0x00,0x00,0x4b,0x1f,0x18,0x00,0x71,0x0c,0x01,0x00,0x54,0xa0,0x0b,0x40,0xf9,
	0x00,0x00,0x40,0xb9,0x01,0x3c,0x00,0x12,0x00,0x76,0x00,0xb0,0x00,0x80,0x04,0x91,
	0x01,0x00,0x00,0x79,0x2c,0x00,0x00,0x14,0xa0,0x43,0x40,0x79,0x00,0x7c,0x01,0x53,
	0x00,0x3c,0x00,0x12,0xe1,0x03,0x00,0x2a,0xa0,0x4b,0x40,0x79,0x20,0x00,0x00,0x4b,
	0x1f,0x18,0x00,0x31,0xcb,0x03,0x00,0x54,0xa0,0x43,0x40,0x79,0x00,0x7c,0x01,0x53,
	0x00,0x3c,0x00,0x12,0xe1,0x03,0x00,0x2a,0xa0,0x4b,0x40,0x79,0x20,0x00,0x00,0x4b,
	0x1f,0x18,0x00,0x71,0xcc,0x02,0x00,0x54,0x00,0x76,0x00,0xb0,0x00,0x80,0x04,0x91,
	0x00,0x04,0x40,0x79,0xe1,0x03,0x00,0x2a,0xa0,0x4b,0x40,0x79,0x20,0x00,0x00,0x4b,
	0x1f,0x18,0x00,0x31,0xcb,0x01,0x00,0x54,0x00,0x76,0x00,0xb0,0x00,0x80,0x04,0x91,
	0x00,0x04,0x40,0x79,0xe1,0x03,0x00,0x2a,0xa0,0x4b,0x40,0x79,0x20,0x00,0x00,0x4b,
	0x1f,0x18,0x00,0x71,0xcc,0x00,0x00,0x54,0xa1,0x4b,0x40,0x79,0x00,0x76,0x00,0xb0,
	0x00,0x80,0x04,0x91,0x01,0x00,0x00,0x79,0x07,0x00,0x00,0x14,0xa0,0x0b,0x40,0xf9,
	0x00,0x00,0x40,0xb9,0x01,0x3c,0x00,0x12,0x00,0x76,0x00,0xb0,0x00,0x80,0x04,0x91,
	0x01,0x00,0x00,0x79,0x00,0x76,0x00,0xb0,0x00,0x80,0x04,0x91,0x00,0x00,0x40,0x79,
	0xe1,0x03,0x00,0x2a,0x00,0x76,0x00,0xb0,0x00,0x80,0x04,0x91,0x00,0x04,0x40,0x79,
	0x20,0x00,0x00,0x4b,0x1f,0x18,0x00,0x31,0x2b,0x03,0x00,0x54,0x00,0x76,0x00,0xb0,
	0x00,0x80,0x04,0x91,0x00,0x00,0x40,0x79,0xe1,0x03,0x00,0x2a,0x00,0x76,0x00,0xb0,
	0x00,0x80,0x04,0x91,0x00,0x04,0x40,0x79,0x20,0x00,0x00,0x4b,0x1f,0x18,0x00,0x71,
	0xec,0x01,0x00,0x54,0x00,0x76,0x00,0xb0,0x00,0x98,0x04,0x91,0x00,0x00,0x40,0x39,
	0x1f,0x8c,0x01,0x71,0xa8,0x01,0x00,0x54,0x00,0x76,0x00,0xb0,0x00,0x98,0x04,0x91,
	0x00,0x00,0x40,0x39,0x00,0x04,0x00,0x11,0x01,0x1c,0x00,0x12,0x00,0x76,0x00,0xb0,
	0x00,0x98,0x04,0x91,0x01,0x00,0x00,0x39,0x04,0x00,0x00,0x14,0x00,0x76,0x00,0xb0,
	0x00,0x98,0x04,0x91,0x1f,0x00,0x00,0x39,0xbf,0x27,0x01,0x39,0x0f,0x00,0x00,0x14,
	0xa3,0x27,0x41,0x39,0xa0,0x27,0x41,0x39,0x01,0x04,0x00,0x11,0x00,0x76,0x00,0xb0,
	0x00,0x40,0x04,0x91,0x21,0x7c,0x40,0x93,0x02,0x78,0x61,0x78,0x00,0x76,0x00,0xb0,
	0x00,0x40,0x04,0x91,0x61,0x7c,0x40,0x93,0x02,0x78,0x21,0x78,0xa0,0x27,0x41,0x39,
	0x00,0x04,0x00,0x11,0xa0,0x27,0x01,0x39,0xa0,0x27,0x41,0x39,0x1f,0x08,0x00,0x71,
	0x09,0xfe,0xff,0x54,0xa0,0x0f,0x40,0xf9,0xb8,0xf6,0xff,0x97,0x01,0x3c,0x00,0x12,
	0x00,0x76,0x00,0xb0,0x00,0x40,0x04,0x91,0x01,0x0c,0x00,0x79,0x00,0x76,0x00,0xb0,
	0x00,0x40,0x04,0x91,0x01,0x0c,0x40,0x79,0x00,0x76,0x00,0xb0,0x00,0x40,0x04,0x91,
	0x00,0x08,0x40,0x79,0x20,0x00,0x00,0x4b,0x00,0x3c,0x00,0x12,0xa0,0x9b,0x00,0x79,
	0x00,0x76,0x00,0xb0,0x00,0x40,0x04,0x91,0x01,0x08,0x40,0x79,0x00,0x76,0x00,0xb0,
	0x00,0x40,0x04,0x91,0x00,0x04,0x40,0x79,0x20,0x00,0x00,0x4b,0x00,0x3c,0x00,0x12,
	0xa0,0x97,0x00,0x79,0xa0,0x9b,0xc0,0x79,0x00,0x7c,0x02,0x13,0x00,0x3c,0x00,0x13,
	0x01,0x3c,0x00,0x12,0xa0,0x97,0xc0,0x79,0x00,0x7c,0x02,0x13,0x00,0x3c,0x00,0x13,
	0x00,0x3c,0x00,0x12,0x20,0x7c,0x00,0x1b,0x00,0x3c,0x00,0x12,0xa0,0x6f,0x00,0x79,
	0xa0,0x6f,0xc0,0x79,0x1f,0x00,0x00,0x71,0x2a,0x02,0x00,0x54,0xa0,0x97,0xc0,0x79,
	0x1f,0x00,0x00,0x71,0x00,0xa4,0x80,0x5a,0x1f,0x74,0x00,0x71,0x8d,0x01,0x00,0x54,
	0xa0,0x9b,0xc0,0x79,0x1f,0x00,0x00,0x71,0x00,0xa4,0x80,0x5a,0x1f,0x74,0x00,0x71,
	0xed,0x00,0x00,0x54,0x00,0x76,0x00,0xb0,0x00,0x40,0x04,0x91,0x01,0x04,0x40,0x79,
	0x00,0x76,0x00,0xb0,0x00,0x40,0x04,0x91,0x01,0x08,0x00,0x79,0x00,0x76,0x00,0xb0,
	0x00,0x40,0x04,0x91,0x00,0x08,0x40,0x79,0xe1,0x03,0x00,0x2a,0x00,0x76,0x00,0xb0,
	0x00,0x40,0x04,0x91,0x00,0x04,0x40,0x79,0x20,0x00,0x00,0x4b,0x1f,0x2c,0x00,0x31,
	0x2b,0x03,0x00,0x54,0x00,0x76,0x00,0xb0,0x00,0x40,0x04,0x91,0x00,0x08,0x40,0x79,
	0xe1,0x03,0x00,0x2a,0x00,0x76,0x00,0xb0,0x00,0x40,0x04,0x91,0x00,0x04,0x40,0x79,
	0x20,0x00,0x00,0x4b,0x1f,0x2c,0x00,0x71,0xec,0x01,0x00,0x54,0x00,0x76,0x00,0xb0,
	0x00,0x9c,0x04,0x91,0x00,0x00,0x40,0x39,0x1f,0xec,0x00,0x71,0xa8,0x01,0x00,0x54,
	0x00,0x76,0x00,0xb0,0x00,0x9c,0x04,0x91,0x00,0x00,0x40,0x39,0x00,0x04,0x00,0x11,
	0x01,0x1c,0x00,0x12,0x00,0x76,0x00,0xb0,0x00,0x9c,0x04,0x91,0x01,0x00,0x00,0x39,
	0x04,0x00,0x00,0x14,0x00,0x76,0x00,0xb0,0x00,0x9c,0x04,0x91,0x1f,0x00,0x00,0x39,
	0xbf,0x27,0x01,0x39,0xbf,0xbb,0x00,0x79,0x0c,0x00,0x00,0x14,0xa1,0x27,0x41,0x39,
	0x00,0x76,0x00,0xb0,0x00,0x40,0x04,0x91,0x21,0x7c,0x40,0x93,0x00,0x78,0x61,0x78,
	0xa1,0xbb,0x40,0x79,0x00,0x00,0x01,0x0b,0xa0,0xbb,0x00,0x79,0xa0,0x27,0x41,0x39,
	0x00,0x04,0x00,0x11,0xa0,0x27,0x01,0x39,0xa0,0x27,0x41,0x39,0x1f,0x0c,0x00,0x71,
	0x69,0xfe,0xff,0x54,0xa0,0xbb,0x40,0x79,0x00,0x7c,0x02,0x53,0x01,0x3c,0x00,0x12,
	0x00,0x76,0x00,0xb0,0x00,0xa8,0x04,0x91,0x01,0x00,0x00,0x79,0x00,0x76,0x00,0xb0,
	0x00,0x40,0x04,0x91,0x00,0x08,0x40,0x79,0x00,0x7c,0x01,0x53,0x00,0x3c,0x00,0x12,
	0xa0,0x33,0x00,0xb9,0x00,0x76,0x00,0xb0,0x00,0xa0,0x03,0x91,0x00,0x00,0x40,0x79,
	0xa0,0x2f,0x00,0xb9,0xbf,0x27,0x01,0x39,0x0f,0x00,0x00,0x14,0xa3,0x27,0x41,0x39,
	0xa0,0x27,0x41,0x39,0x01,0x04,0x00,0x11,0x00,0x76,0x00,0xb0,0x00,0x60,0x03,0x91,
	0x21,0x7c,0x40,0x93,0x02,0x78,0x61,0x78,0x00,0x76,0x00,0xb0,0x00,0x60,0x03,0x91,
	0x61,0x7c,0x40,0x93,0x02,0x78,0x21,0x78,0xa0,0x27,0x41,0x39,0x00,0x04,0x00,0x11,
	0xa0,0x27,0x01,0x39,0xa0,0x27,0x41,0x39,0x1f,0x18,0x00,0x71,0x09,0xfe,0xff,0x54,
	0xa1,0x33,0x40,0xb9,0xa0,0x2f,0x40,0xb9,0x20,0x7c,0x00,0x1b,0x00,0x7c,0x0e,0x53,
	0x01,0x3c,0x00,0x12,0x00,0x76,0x00,0xb0,0x00,0x60,0x03,0x91,0x01,0x1c,0x00,0x79,
	0x00,0x76,0x00,0xb0,0x00,0x60,0x03,0x91,0x00,0x1c,0x40,0x79,0x1f,0xa0,0x0f,0x71,
	0xa9,0x00,0x00,0x54,0x00,0x76,0x00,0xb0,0x00,0x60,0x03,0x91,0x01,0x7d,0x80,0x52,
	0x01,0x1c,0x00,0x79,0xbf,0x27,0x01,0x39,0xbf,0x9b,0x00,0x79,0xbf,0x97,0x00,0x79,
	0x1b,0x00,0x00,0x14,0xa1,0x27,0x41,0x39,0x00,0x76,0x00,0xb0,0x00,0x60,0x03,0x91,
	0x21,0x7c,0x40,0x93,0x00,0x78,0x61,0x78,0x00,0x7c,0x02,0x53,0x01,0x3c,0x00,0x12,
	0xa0,0x9b,0x40,0x79,0x20,0x00,0x00,0x0b,0x00,0x3c,0x00,0x12,0xa0,0x9b,0x00,0x79,
	0xa0,0x27,0x41,0x39,0x01,0x10,0x00,0x11,0x00,0x76,0x00,0xb0,0x00,0x60,0x03,0x91,
	0x21,0x7c,0x40,0x93,0x00,0x78,0x61,0x78,0x00,0x7c,0x02,0x53,0x01,0x3c,0x00,0x12,
	0xa0,0x97,0x40,0x79,0x20,0x00,0x00,0x0b,0x00,0x3c,0x00,0x12,0xa0,0x97,0x00,0x79,
	0xa0,0x27,0x41,0x39,0x00,0x04,0x00,0x11,0xa0,0x27,0x01,0x39,0xa0,0x27,0x41,0x39,
	0x1f,0x0c,0x00,0x71,0x89,0xfc,0xff,0x54,0xa0,0x97,0xc0,0x79,0x1f,0x00,0x00,0x71,
	0x00,0xa4,0x80,0x5a,0x01,0x3c,0x00,0x12,0x00,0x76,0x00,0xb0,0x00,0xb0,0x04,0x91,
	0x01,0x00,0x00,0x79,0x00,0x76,0x00,0xb0,0x00,0x20,0x05,0x91,0x01,0x04,0xc0,0x79,
	0x00,0x76,0x00,0xb0,0x00,0x20,0x05,0x91,0x01,0x00,0x00,0x79,0x00,0x76,0x00,0xb0,
	0x00,0x60,0x03,0x91,0x01,0x1c,0x40,0x79,0x00,0x76,0x00,0xb0,0x00,0x60,0x03,0x91,
	0x00,0x00,0x40,0x79,0x20,0x00,0x00,0x4b,0x00,0x3c,0x00,0x12,0x01,0x3c,0x00,0x13,
	0x00,0x76,0x00,0xb0,0x00,0x20,0x05,0x91,0x01,0x04,0x00,0x79,0x00,0x76,0x00,0xb0,
	0x00,0x20,0x05,0x91,0x00,0x00,0xc0,0x79,0x1f,0x00,0x00,0x71,0xca,0x00,0x00,0x54,
	0x00,0x76,0x00,0xb0,0x00,0x20,0x05,0x91,0x00,0x04,0xc0,0x79,0x1f,0x00,0x00,0x71,
	0x6b,0x01,0x00,0x54,0x00,0x76,0x00,0xb0,0x00,0x20,0x05,0x91,0x00,0x04,0xc0,0x79,
	0x1f,0x00,0x00,0x71,0x6d,0x03,0x00,0x54,0x00,0x76,0x00,0xb0,0x00,0x20,0x05,0x91,
	0x00,0x00,0xc0,0x79,0x1f,0x00,0x00,0x71,0xcd,0x02,0x00,0x54,0x00,0x76,0x00,0xb0,
	0x00,0x20,0x05,0x91,0x00,0x04,0xc0,0x79,0x1f,0x00,0x00,0x71,0x00,0xa4,0x80,0x5a,
	0x1f,0x9c,0x00,0x71,0xed,0x01,0x00,0x54,0x00,0x76,0x00,0xb0,0x00,0x14,0x04,0x91,
	0x00,0x00,0x40,0x39,0x1f,0x8c,0x01,0x71,0x68,0x02,0x00,0x54,0x00,0x76,0x00,0xb0,
	0x00,0x14,0x04,0x91,0x00,0x00,0x40,0x39,0x00,0x04,0x00,0x11,0x01,0x1c,0x00,0x12,
	0x00,0x76,0x00,0xb0,0x00,0x14,0x04,0x91,0x01,0x00,0x00,0x39,0x0a,0x00,0x00,0x14,
	0x00,0x76,0x00,0xb0,0x00,0x14,0x04,0x91,0x1f,0x00,0x00,0x39,0x00,0x76,0x00,0xb0,
	0x00,0xbc,0x04,0x91,0x1f,0x00,0x00,0x39,0x00,0x76,0x00,0xb0,0x00,0xcc,0x04,0x91,
	0x1f,0x00,0x00,0x39,0x00,0x76,0x00,0xb0,0x00,0x14,0x04,0x91,0x00,0x00,0x40,0x39,
	0x1f,0x00,0x00,0x71,0x80,0x01,0x00,0x54,0x00,0x76,0x00,0xb0,0x00,0x20,0x05,0x91,
	0x00,0x04,0xc0,0x79,0x1f,0x00,0x00,0x71,0x00,0xa4,0x80,0x5a,0x1f,0xc8,0x00,0x71,
	0xad,0x00,0x00,0x54,0x00,0x76,0x00,0xb0,0x00,0xbc,0x04,0x91,0x21,0x00,0x80,0x52,
	0x01,0x00,0x00,0x39,0x00,0x76,0x00,0xb0,0x00,0x14,0x04,0x91,0x00,0x00,0x40,0x39,
	0x1f,0x14,0x00,0x71,0x09,0x04,0x00,0x54,0x00,0x76,0x00,0xb0,0x00,0xbc,0x04,0x91,
	0x00,0x00,0x40,0x39,0x1f,0x04,0x00,0x71,0x61,0x03,0x00,0x54,0x00,0x76,0x00,0xb0,
	0x00,0xcc,0x04,0x91,0x00,0x00,0x40,0x39,0x1f,0x00,0x00,0x71,0xc1,0x02,0x00,0x54,
	0x00,0x76,0x00,0xb0,0x00,0x20,0x05,0x91,0x00,0x04,0xc0,0x79,0x1f,0x00,0x00,0x71,
	0xcd,0x00,0x00,0x54,0x00,0x76,0x00,0xb0,0x00,0xc8,0x04,0x91,0x21,0x00,0x80,0x52,
	0x01,0x00,0x00,0x39,0x05,0x00,0x00,0x14,0x00,0x76,0x00,0xb0,0x00,0xc8,0x04,0x91,
	0x41,0x00,0x80,0x52,0x01,0x00,0x00,0x39,0x00,0x76,0x00,0xb0,0x00,0xd0,0x04,0x91,
	0x1f,0x00,0x00,0x39,0x00,0x76,0x00,0xb0,0x00,0xcc,0x04,0x91,0x21,0x00,0x80,0x52,
	0x01,0x00,0x00,0x39,0x00,0x76,0x00,0xb0,0x00,0xd0,0x04,0x91,0x00,0x00,0x40,0x39,
	0x1f,0x64,0x01,0x71,0x48,0x01,0x00,0x54,0x00,0x76,0x00,0xb0,0x00,0xd0,0x04,0x91,
	0x00,0x00,0x40,0x39,0x00,0x04,0x00,0x11,0x01,0x1c,0x00,0x12,0x00,0x76,0x00,0xb0,
	0x00,0xd0,0x04,0x91,0x01,0x00,0x00,0x39,0x05,0x00,0x00,0x14,0x00,0x76,0x00,0xb0,
	0x00,0xd0,0x04,0x91,0xa1,0x07,0x80,0x52,0x01,0x00,0x00,0x39,0x00,0x76,0x00,0xb0,
	0x00,0xd0,0x04,0x91,0x00,0x00,0x40,0x39,0x1f,0x04,0x00,0x71,0xe1,0x00,0x00,0x54,
	0x00,0x76,0x00,0xb0,0x00,0xb0,0x04,0x91,0x01,0x00,0x40,0x79,0x00,0x76,0x00,0xb0,
	0x00,0x30,0x05,0x91,0x01,0x00,0x00,0x79,0x00,0x76,0x00,0xb0,0x00,0x54,0x05,0x91,
	0x00,0x00,0x40,0x39,0x1f,0x1c,0x03,0x71,0x48,0x01,0x00,0x54,0x00,0x76,0x00,0xb0,
	0x00,0x54,0x05,0x91,0x00,0x00,0x40,0x39,0x00,0x04,0x00,0x11,0x01,0x1c,0x00,0x12,
	0x00,0x76,0x00,0xb0,0x00,0x54,0x05,0x91,0x01,0x00,0x00,0x39,0x05,0x00,0x00,0x14,
	0x00,0x76,0x00,0xb0,0x00,0x54,0x05,0x91,0xe1,0x06,0x80,0x12,0x01,0x00,0x00,0x39,
	0x00,0x76,0x00,0xb0,0x00,0x58,0x05,0x91,0x00,0x00,0x40,0x39,0x1f,0x9c,0x00,0x71,
	0xa8,0x02,0x00,0x54,0x00,0x76,0x00,0xb0,0x00,0x58,0x05,0x91,0x00,0x00,0x40,0x39,
	0x1f,0x00,0x00,0x71,0x00,0x02,0x00,0x54,0x00,0x76,0x00,0xb0,0x00,0x54,0x05,0x91,
	0x01,0x00,0x40,0x39,0x00,0x76,0x00,0xb0,0x00,0x58,0x05,0x91,0x00,0x00,0x40,0x39,
	0x20,0x00,0x00,0x0b,0x01,0x1c,0x00,0x12,0x00,0x76,0x00,0xb0,0x00,0x54,0x05,0x91,
	0x01,0x00,0x00,0x39,0x00,0x76,0x00,0xb0,0x00,0x58,0x05,0x91,0x1f,0x00,0x00,0x39,
	0x0f,0x00,0x00,0x14,0x00,0x76,0x00,0xb0,0x00,0x58,0x05,0x91,0x00,0x00,0x40,0x39,
	0x1f,0x9c,0x00,0x71,0x49,0x01,0x00,0x54,0x00,0x76,0x00,0xb0,0x00,0x54,0x05,0x91,
	0x1f,0x00,0x00,0x39,0x00,0x76,0x00,0xb0,0x00,0x58,0x05,0x91,0x1f,0x00,0x00,0x39,
	0x00,0x76,0x00,0xb0,0x00,0x48,0x05,0x91,0x1f,0x00,0x00,0x79,0x00,0x76,0x00,0xb0,
	0x00,0xd0,0x04,0x91,0x01,0x00,0x40,0x39,0xa0,0x99,0x99,0x52,0x80,0x99,0xb9,0x72,
	0x20,0x7c,0xa0,0x9b,0x00,0xfc,0x60,0xd3,0x02,0x7c,0x02,0x53,0xe0,0x03,0x02,0x2a,
	0x00,0x74,0x1e,0x53,0x00,0x00,0x02,0x0b,0x20,0x00,0x00,0x4b,0x00,0x1c,0x00,0x12,
	0x1f,0x00,0x00,0x71,0x21,0x04,0x00,0x54,0x00,0x76,0x00,0xb0,0x00,0x40,0x05,0x91,
	0x01,0x00,0x40,0x79,0x00,0x76,0x00,0xb0,0x00,0x38,0x05,0x91,0x01,0x00,0x00,0x79,
	0x00,0x76,0x00,0xb0,0x00,0xb0,0x04,0x91,0x01,0x00,0x40,0x79,0x00,0x76,0x00,0xb0,
	0x00,0x40,0x05,0x91,0x01,0x00,0x00,0x79,0x00,0x76,0x00,0xb0,0x00,0xd0,0x04,0x91,
	0x00,0x00,0x40,0x39,0x1f,0x9c,0x00,0x71,0x09,0x02,0x00,0x54,0x00,0x76,0x00,0xb0,
	0x00,0x38,0x05,0x91,0x01,0x00,0x40,0x79,0x00,0x76,0x00,0xb0,0x00,0x48,0x05,0x91,
	0x01,0x00,0x00,0x79,0x00,0x76,0x00,0xb0,0x00,0x54,0x05,0x91,0x1f,0x00,0x00,0x39,
	0x00,0x76,0x00,0xb0,0x00,0xc8,0x04,0x91,0x01,0x00,0x40,0x39,0x00,0x76,0x00,0xb0,
	0x00,0x50,0x05,0x91,0x01,0x00,0x00,0x39,0x00,0x76,0x00,0xb0,0x00,0xd0,0x04,0x91,
	0x00,0x00,0x40,0x39,0x1f,0x04,0x00,0x71,0xe1,0x06,0x00,0x54,0x00,0x76,0x00,0xb0,
	0x00,0x48,0x05,0x91,0x00,0x00,0x40,0x79,0x1f,0x00,0x00,0x71,0x40,0x06,0x00,0x54,
	0x00,0x76,0x00,0xb0,0x00,0x54,0x05,0x91,0x00,0x00,0x40,0x39,0x1f,0x9c,0x00,0x71,
	0xa8,0x05,0x00,0x54,0x00,0x76,0x00,0xb0,0x00,0x30,0x05,0x91,0x00,0x00,0x40,0x79,
	0xe1,0x03,0x00,0x2a,0x00,0x76,0x00,0xb0,0x00,0x48,0x05,0x91,0x00,0x00,0x40,0x79,
	0x20,0x00,0x00,0x4b,0x1f,0xc4,0x00,0x31,0x4b,0x02,0x00,0x54,0x00,0x76,0x00,0xb0,
	0x00,0x30,0x05,0x91,0x00,0x00,0x40,0x79,0xe1,0x03,0x00,0x2a,0x00,0x76,0x00,0xb0,
	0x00,0x48,0x05,0x91,0x00,0x00,0x40,0x79,0x20,0x00,0x00,0x4b,0x1f,0xc4,0x00,0x71,
	0x0c,0x01,0x00,0x54,0x00,0x76,0x00,0xb0,0x00,0x50,0x05,0x91,0x01,0x00,0x40,0x39,
	0x00,0x76,0x00,0xb0,0x00,0xc8,0x04,0x91,0x01,0x00,0x00,0x39,0x12,0x00,0x00,0x14,
	0x00,0x76,0x00,0xb0,0x00,0x30,0x05,0x91,0x01,0x00,0x40,0x79,0x00,0x76,0x00,0xb0,
	0x00,0x48,0x05,0x91,0x00,0x00,0x40,0x79,0x3f,0x00,0x00,0x6b,0xc2,0x00,0x00,0x54,
	0x00,0x76,0x00,0xb0,0x00,0xc8,0x04,0x91,0x41,0x00,0x80,0x52,0x01,0x00,0x00,0x39,
	0x05,0x00,0x00,0x14,0x00,0x76,0x00,0xb0,0x00,0xc8,0x04,0x91,0x21,0x00,0x80,0x52,
	0x01,0x00,0x00,0x39,0x00,0x76,0x00,0xb0,0x00,0xd0,0x04,0x91,0x00,0x00,0x40,0x39,
	0x1f,0x04,0x00,0x71,0x21,0x03,0x00,0x54,0x00,0x76,0x00,0xb0,0x00,0x00,0x05,0x91,
	0x01,0x04,0x40,0x79,0x00,0x76,0x00,0xb0,0x00,0x00,0x05,0x91,0x01,0x00,0x00,0x79,
	0x00,0x76,0x00,0xb0,0x00,0xb8,0x01,0x91,0x01,0x00,0x40,0x79,0x00,0x76,0x00,0xb0,
	0x00,0x00,0x05,0x91,0x01,0x04,0x00,0x79,0x00,0x76,0x00,0xb0,0x00,0x1c,0x04,0x91,
	0x1f,0x00,0x00,0x39,0x00,0x76,0x00,0xb0,0x00,0x80,0x02,0x91,0x1f,0x00,0x00,0x39,
	0x00,0x76,0x00,0xb0,0x00,0x84,0x02,0x91,0x1f,0x00,0x00,0x39,0x00,0x76,0x00,0xb0,
	0x00,0xa4,0x04,0x91,0x1f,0x00,0x00,0x39,0x00,0x76,0x00,0xb0,0x00,0x40,0x04,0x91,
	0x00,0x08,0x40,0x79,0x00,0x7c,0x01,0x53,0xa0,0x77,0x00,0x79,0x00,0x76,0x00,0xb0,
	0x00,0xb8,0x01,0x91,0x00,0x00,0x40,0x79,0x00,0x7c,0x02,0x53,0x00,0x3c,0x00,0x12,
	0x00,0x0c,0x00,0x11,0xa0,0xb3,0x00,0x79,0xbf,0x1f,0x01,0x39,0x00,0x76,0x00,0xb0,
	0x00,0xb8,0x04,0x91,0x1f,0x00,0x00,0x39,0x00,0x76,0x00,0xb0,0x00,0xb0,0x04,0x91,
	0x00,0x00,0x40,0x79,0x1f,0x3c,0x01,0x71,0x08,0x01,0x00,0x54,0x00,0x76,0x00,0xb0,
	0x00,0xe0,0x04,0x91,0x01,0x00,0x40,0x79,0x00,0x76,0x00,0xb0,0x00,0xe8,0x04,0x91,
	0x01,0x00,0x00,0x79,0x25,0x00,0x00,0x14,0x00,0x76,0x00,0xb0,0x00,0xb0,0x04,0x91,
	0x00,0x00,0x40,0x79,0x1f,0x2c,0x02,0x71,0x48,0x01,0x00,0x54,0x00,0x76,0x00,0xb0,
	0x00,0xe0,0x04,0x91,0x00,0x00,0x40,0x79,0x00,0x50,0x00,0x11,0x01,0x3c,0x00,0x12,
	0x00,0x76,0x00,0xb0,0x00,0xe8,0x04,0x91,0x01,0x00,0x00,0x79,0x17,0x00,0x00,0x14,
	0x00,0x76,0x00,0xb0,0x00,0xb0,0x04,0x91,0x00,0x00,0x40,0x79,0x1f,0x94,0x03,0x71,
	0x48,0x01,0x00,0x54,0x00,0x76,0x00,0xb0,0x00,0xe0,0x04,0x91,0x00,0x00,0x40,0x79,
	0x00,0x78,0x00,0x11,0x01,0x3c,0x00,0x12,0x00,0x76,0x00,0xb0,0x00,0xe8,0x04,0x91,
	0x01,0x00,0x00,0x79,0x09,0x00,0x00,0x14,0x00,0x76,0x00,0xb0,0x00,0xe0,0x04,0x91,
	0x00,0x00,0x40,0x79,0x00,0xa0,0x00,0x11,0x01,0x3c,0x00,0x12,0x00,0x76,0x00,0xb0,
	0x00,0xe8,0x04,0x91,0x01,0x00,0x00,0x79,0x00,0x76,0x00,0xb0,0x00,0xd0,0x04,0x91,
	0x00,0x00,0x40,0x39,0x1f,0xa0,0x00,0x71,0xc9,0x00,0x00,0x54,0x40,0x01,0x80,0x52,
	0xa0,0xaf,0x00,0x79,0x40,0x01,0x80,0x52,0xa0,0xa7,0x00,0x79,0x51,0x00,0x00,0x14,
	0x00,0x76,0x00,0xb0,0x00,0xc8,0x04,0x91,0x00,0x00,0x40,0x39,0x1f,0x04,0x00,0x71,
	0x41,0x03,0x00,0x54,0x00,0x76,0x00,0xb0,0x00,0xb0,0x04,0x91,0x00,0x00,0x40,0x79,
	0x1f,0x20,0x03,0x71,0xc9,0x00,0x00,0x54,0x00,0x01,0x80,0x52,0xa0,0xaf,0x00,0x79,
	0x00,0x05,0x80,0x52,0xa0,0xa7,0x00,0x79,0x42,0x00,0x00,0x14,0x00,0x76,0x00,0xb0,
	0x00,0xb0,0x04,0x91,0x00,0x00,0x40,0x79,0x1f,0x8c,0x01,0x71,0xc8,0x00,0x00,0x54,
	0xe0,0x01,0x80,0x52,0xa0,0xaf,0x00,0x79,0xe0,0x01,0x80,0x52,0xa0,0xa7,0x00,0x79,
	0x38,0x00,0x00,0x14,0x80,0x01,0x80,0x52,0xa0,0xaf,0x00,0x79,0x20,0x03,0x80,0x52,
	0xa0,0xa7,0x00,0x79,0x33,0x00,0x00,0x14,0x00,0x76,0x00,0xb0,0x00,0xc8,0x04,0x91,
	0x00,0x00,0x40,0x39,0x1f,0x08,0x00,0x71,0x41,0x05,0x00,0x54,0x00,0x76,0x00,0xb0,
	0x00,0xb0,0x04,0x91,0x00,0x00,0x40,0x79,0x1f,0x20,0x03,0x71,0xc9,0x00,0x00,0x54,
	0xa0,0x01,0x80,0x52,0xa0,0xaf,0x00,0x79,0x40,0x01,0x80,0x52,0xa0,0xa7,0x00,0x79,
	0x24,0x00,0x00,0x14,0x00,0x76,0x00,0xb0,0x00,0xb0,0x04,0x91,0x00,0x00,0x40,0x79,
	0x1f,0x90,0x01,0x71,0xc9,0x01,0x00,0x54,0x00,0x76,0x00,0xb0,0x00,0xd0,0x04,0x91,
	0x00,0x00,0x40,0x39,0x1f,0x74,0x00,0x71,0x88,0x00,0x00,0x54,0x40,0x02,0x80,0x52,
	0xa0,0xaf,0x00,0x79,0x03,0x00,0x00,0x14,0x20,0x03,0x80,0x52,0xa0,0xaf,0x00,0x79,
	0x40,0x01,0x80,0x52,0xa0,0xa7,0x00,0x79,0x12,0x00,0x00,0x14,0x00,0x76,0x00,0xb0,
	0x00,0xd0,0x04,0x91,0x00,0x00,0x40,0x39,0x1f,0x74,0x00,0x71,0x88,0x00,0x00,0x54,
	0xe0,0x02,0x80,0x52,0xa0,0xaf,0x00,0x79,0x03,0x00,0x00,0x14,0x60,0x04,0x80,0x52,
	0xa0,0xaf,0x00,0x79,0xc0,0x00,0x80,0x52,0xa0,0xa7,0x00,0x79,0x05,0x00,0x00,0x14,
	0xe0,0x01,0x80,0x52,0xa0,0xaf,0x00,0x79,0xe0,0x01,0x80,0x52,0xa0,0xa7,0x00,0x79,
	0x00,0x76,0x00,0xb0,0x00,0xd0,0x04,0x91,0x00,0x00,0x40,0x39,0x1f,0x24,0x00,0x71,
	0x88,0x00,0x00,0x54,0x00,0x05,0x80,0x52,0xa0,0xab,0x00,0x79,0x0b,0x00,0x00,0x14,
	0x00,0x76,0x00,0xb0,0x00,0xd0,0x04,0x91,0x00,0x00,0x40,0x39,0x1f,0x4c,0x00,0x71,
	0x88,0x00,0x00,0x54,0xe0,0x06,0x80,0x52,0xa0,0xab,0x00,0x79,0x03,0x00,0x00,0x14,
	0x80,0x07,0x80,0x52,0xa0,0xab,0x00,0x79,0x00,0x76,0x00,0x90,0x00,0x9c,0x04,0x91,
	0x00,0x00,0x40,0x39,0x1f,0x08,0x00,0x71,0xa9,0x29,0x00,0x54,0xa0,0x47,0x40,0x79,
	0x1f,0x18,0x01,0x71,0x49,0x29,0x00,0x54,0xa1,0x47,0x40,0x79,0x00,0x76,0x00,0x90,
	0x00,0xe0,0x04,0x91,0x00,0x00,0x40,0x79,0x3f,0x00,0x00,0x6b,0x89,0x28,0x00,0x54,
	0x00,0x76,0x00,0x90,0x00,0xd0,0x04,0x91,0x00,0x00,0x40,0x39,0x1f,0x88,0x00,0x71,
	0x69,0x01,0x00,0x54,0x00,0x76,0x00,0x90,0x00,0xd0,0x04,0x91,0x00,0x00,0x40,0x39,
	0x1f,0x8c,0x00,0x71,0x49,0x27,0x00,0x54,0x00,0x76,0x00,0x90,0x00,0x98,0x04,0x91,
	0x00,0x00,0x40,0x39,0x1f,0x18,0x00,0x71,0xa9,0x26,0x00,0x54,0xa0,0x43,0x40,0x79,
	0x00,0x7c,0x01,0x53,0x00,0x3c,0x00,0x12,0xe1,0x03,0x00,0x2a,0xa0,0x4b,0x40,0x79,
	0x20,0x00,0x00,0x4b,0x1f,0x18,0x00,0x31,0xab,0x24,0x00,0x54,0xa0,0x43,0x40,0x79,
	0x00,0x7c,0x01,0x53,0x00,0x3c,0x00,0x12,0xe1,0x03,0x00,0x2a,0xa0,0x4b,0x40,0x79,
	0x20,0x00,0x00,0x4b,0x1f,0x18,0x00,0x71,0xac,0x23,0x00,0x54,0xa0,0x4b,0x40,0x79,
	0xe1,0x03,0x00,0x2a,0xa0,0x77,0x40,0x79,0x20,0x00,0x00,0x4b,0x1f,0x18,0x00,0x31,
	0xeb,0x22,0x00,0x54,0xa0,0x4b,0x40,0x79,0xe1,0x03,0x00,0x2a,0xa0,0x77,0x40,0x79,
	0x20,0x00,0x00,0x4b,0x1f,0x18,0x00,0x71,0x2c,0x22,0x00,0x54,0xa0,0x47,0x40,0x79,
	0xe1,0x03,0x00,0x2a,0xa0,0x4b,0x40,0x79,0x00,0x50,0x00,0x11,0x3f,0x00,0x00,0x6b,
	0x6d,0x20,0x00,0x54,0xa0,0x47,0x40,0x79,0x1f,0xf4,0x02,0x71,0x08,0x20,0x00,0x54,
	0xa0,0x43,0x40,0x79,0xe1,0x03,0x00,0x2a,0xa0,0x47,0x40,0x79,0x20,0x00,0x00,0x4b,
	0x1f,0x00,0x00,0x71,0x00,0xa4,0x80,0x5a,0x1f,0x28,0x00,0x71,0x0d,0x1f,0x00,0x54,
	0x00,0x76,0x00,0x90,0x00,0xc0,0x03,0x91,0x01,0x04,0x40,0x79,0x00,0x76,0x00,0x90,
	0x00,0xc0,0x03,0x91,0x01,0x00,0x00,0x79,0xa1,0x47,0x40,0x79,0x00,0x76,0x00,0x90,
	0x00,0xc0,0x03,0x91,0x01,0x04,0x00,0x79,0x00,0x76,0x00,0x90,0x00,0xc0,0x03,0x91,
	0x00,0x04,0x40,0x79,0xe1,0x03,0x00,0x2a,0x00,0x76,0x00,0x90,0x00,0xc0,0x03,0x91,
	0x00,0x00,0x40,0x79,0x20,0x00,0x00,0x4b,0x1f,0x2c,0x00,0x31,0xab,0x0e,0x00,0x54,
	0x00,0x76,0x00,0x90,0x00,0xc0,0x03,0x91,0x00,0x04,0x40,0x79,0xe1,0x03,0x00,0x2a,
	0x00,0x76,0x00,0x90,0x00,0xc0,0x03,0x91,0x00,0x00,0x40,0x79,0x20,0x00,0x00,0x4b,
	0x1f,0x2c,0x00,0x71,0x6c,0x0d,0x00,0x54,0xa1,0x47,0x40,0x79,0x00,0x76,0x00,0x90,
	0x00,0xe8,0x04,0x91,0x00,0x00,0x40,0x79,0x3f,0x00,0x00,0x6b,0xa3,0x0c,0x00,0x54,
	0x00,0x76,0x00,0x90,0x00,0xc8,0x04,0x91,0x00,0x00,0x40,0x39,0x1f,0x08,0x00,0x71,
	0xe1,0x00,0x00,0x54,0xa1,0x47,0x40,0x79,0x00,0x76,0x00,0x90,0x00,0x00,0x05,0x91,
	0x00,0x04,0x40,0x79,0x3f,0x00,0x00,0x6b,0x83,0x01,0x00,0x54,0x00,0x76,0x00,0x90,
	0x00,0xc8,0x04,0x91,0x00,0x00,0x40,0x39,0x1f,0x04,0x00,0x71,0xa1,0x0a,0x00,0x54,
	0xa1,0x47,0x40,0x79,0x00,0x76,0x00,0x90,0x00,0x00,0x05,0x91,0x00,0x04,0x40,0x79,
	0x3f,0x00,0x00,0x6b,0xe9,0x09,0x00,0x54,0xa0,0x47,0x40,0x79,0xe1,0x03,0x00,0x2a,
	0x00,0x76,0x00,0x90,0x00,0xb8,0x01,0x91,0x00,0x00,0x40,0x79,0x20,0x00,0x00,0x4b,
	0x1f,0x00,0x00,0x71,0x01,0xa4,0x80,0x5a,0xa0,0xab,0x40,0x79,0x3f,0x00,0x00,0x6b,
	0x8c,0x08,0x00,0x54,0x00,0x76,0x00,0x90,0x00,0xc0,0x04,0x91,0x00,0x00,0x40,0x39,
	0x00,0x04,0x00,0x11,0x01,0x1c,0x00,0x12,0x00,0x76,0x00,0x90,0x00,0xc0,0x04,0x91,
	0x01,0x00,0x00,0x39,0x00,0x76,0x00,0x90,0x00,0xc0,0x04,0x91,0x00,0x00,0x40,0x39,
	0xe1,0x03,0x00,0x2a,0x00,0x76,0x00,0x90,0x00,0x80,0x02,0x91,0x00,0x00,0x40,0x39,
	0x00,0x08,0x00,0x11,0x3f,0x00,0x00,0x6b,0xcb,0x06,0x00,0x54,0x00,0x76,0x00,0x90,
	0x00,0xc8,0x04,0x91,0x00,0x00,0x40,0x39,0x1f,0x08,0x00,0x71,0x21,0x01,0x00,0x54,
	0xa0,0x47,0x40,0x79,0xe1,0x03,0x00,0x2a,0x00,0x76,0x00,0x90,0x00,0xb8,0x01,0x91,
	0x00,0x00,0x40,0x79,0x00,0x34,0x00,0x11,0x3f,0x00,0x00,0x6b,0xcb,0x01,0x00,0x54,
	0x00,0x76,0x00,0x90,0x00,0xc8,0x04,0x91,0x00,0x00,0x40,0x39,0x1f,0x04,0x00,0x71,
	0x81,0x04,0x00,0x54,0xa0,0x47,0x40,0x79,0xe1,0x03,0x00,0x2a,0x00,0x76,0x00,0x90,
	0x00,0xb8,0x01,0x91,0x00,0x00,0x40,0x79,0x00,0x34,0x00,0x51,0x3f,0x00,0x00,0x6b,
	0x8d,0x03,0x00,0x54,0x00,0x76,0x00,0x90,0x00,0xc0,0x03,0x91,0x00,0x04,0x40,0x79,
	0xe1,0x03,0x00,0x2a,0x00,0x76,0x00,0x90,0x00,0xc0,0x03,0x91,0x00,0x00,0x40,0x79,
	0x20,0x00,0x00,0x0b,0x00,0x7c,0x01,0x13,0x01,0x3c,0x00,0x12,0x00,0x76,0x00,0x90,
	0x00,0xb8,0x01,0x91,0x01,0x00,0x00,0x79,0x20,0x00,0x80,0x52,0xa0,0x1f,0x01,0x39,
	0x00,0x76,0x00,0x90,0x00,0xc0,0x04,0x91,0x1f,0x00,0x00,0x39,0x00,0x76,0x00,0x90,
	0x00,0xb8,0x04,0x91,0x61,0x00,0x80,0x52,0x01,0x00,0x00,0x39,0x05,0x00,0x00,0x14,
	0x00,0x76,0x00,0x90,0x00,0xc0,0x04,0x91,0x1f,0x00,0x00,0x39,0x02,0x00,0x00,0x14,
	0x1f,0x20,0x03,0xd5,0x00,0x76,0x00,0x90,0x00,0xc0,0x03,0x91,0x00,0x04,0x40,0x79,
	0xe1,0x03,0x00,0x2a,0x00,0x76,0x00,0x90,0x00,0xc0,0x03,0x91,0x00,0x00,0x40,0x79,
	0x20,0x00,0x00,0x4b,0x1f,0x24,0x00,0x31,0x6b,0x0b,0x00,0x54,0x00,0x76,0x00,0x90,
	0x00,0xc0,0x03,0x91,0x00,0x04,0x40,0x79,0xe1,0x03,0x00,0x2a,0x00,0x76,0x00,0x90,
	0x00,0xc0,0x03,0x91,0x00,0x00,0x40,0x79,0x20,0x00,0x00,0x4b,0x1f,0x24,0x00,0x71,
	0x2c,0x0a,0x00,0x54,0xa1,0x47,0x40,0x79,0x00,0x76,0x00,0x90,0x00,0xe8,0x04,0x91,
	0x00,0x00,0x40,0x79,0x3f,0x00,0x00,0x6b,0x63,0x09,0x00,0x54,0xa0,0x47,0x40,0x79,
	0xe1,0x03,0x00,0x2a,0x00,0x76,0x00,0x90,0x00,0xb8,0x01,0x91,0x00,0x00,0x40,0x79,
	0x20,0x00,0x00,0x4b,0x1f,0x00,0x00,0x71,0x01,0xa4,0x80,0x5a,0xa0,0xab,0x40,0x79,
	0x3f,0x00,0x00,0x6b,0x0c,0x08,0x00,0x54,0x00,0x76,0x00,0x90,0x00,0xc4,0x04,0x91,
	0x00,0x00,0x40,0x39,0x00,0x04,0x00,0x11,0x01,0x1c,0x00,0x12,0x00,0x76,0x00,0x90,
	0x00,0xc4,0x04,0x91,0x01,0x00,0x00,0x39,0x00,0x76,0x00,0x90,0x00,0xc4,0x04,0x91,
	0x00,0x00,0x40,0x39,0x1f,0x10,0x00,0x71,0xe9,0x06,0x00,0x54,0x00,0x76,0x00,0x90,
	0x00,0xc0,0x03,0x91,0x00,0x04,0x40,0x79,0xe1,0x03,0x00,0x2a,0x00,0x76,0x00,0x90,
	0x00,0xc0,0x03,0x91,0x00,0x00,0x40,0x79,0x20,0x00,0x00,0x0b,0x00,0x7c,0x01,0x13,
	0x01,0x3c,0x00,0x12,0x00,0x76,0x00,0x90,0x00,0xb8,0x01,0x91,0x01,0x00,0x00,0x79,
	0xa1,0x47,0x40,0x79,0x00,0x76,0x00,0x90,0x00,0x20,0x04,0x91,0x01,0x00,0x00,0x79,
	0x20,0x00,0x80,0x52,0xa0,0x1f,0x01,0x39,0x00,0x76,0x00,0x90,0x00,0xc4,0x04,0x91,
	0x1f,0x00,0x00,0x39,0x00,0x76,0x00,0x90,0x00,0xb8,0x04,0x91,0x81,0x01,0x80,0x52,
	0x01,0x00,0x00,0x39,0x00,0x76,0x00,0x90,0x00,0x1c,0x04,0x91,0x21,0x00,0x80,0x52,
	0x01,0x00,0x00,0x39,0xa0,0x47,0x40,0x79,0x1f,0x18,0x02,0x71,0xc9,0x02,0x00,0x54,
	0xa0,0x43,0x40,0x79,0xe1,0x03,0x00,0x2a,0xa0,0x47,0x40,0x79,0x20,0x00,0x00,0x4b,
	0x1f,0x40,0x00,0x31,0x0b,0x02,0x00,0x54,0xa0,0x43,0x40,0x79,0xe1,0x03,0x00,0x2a,
	0xa0,0x47,0x40,0x79,0x20,0x00,0x00,0x4b,0x1f,0x40,0x00,0x71,0x4c,0x01,0x00,0x54,
	0x00,0x76,0x00,0x90,0x00,0x80,0x02,0x91,0x41,0x00,0x80,0x52,0x01,0x00,0x00,0x39,
	0x05,0x00,0x00,0x14,0x00,0x76,0x00,0x90,0x00,0xc4,0x04,0x91,0x1f,0x00,0x00,0x39,
	0x0a,0x00,0x00,0x14,0x1f,0x20,0x03,0xd5,0x08,0x00,0x00,0x14,0x00,0x76,0x00,0x90,
	0x00,0xc0,0x04,0x91,0x1f,0x00,0x00,0x39,0x00,0x76,0x00,0x90,0x00,0xc4,0x04,0x91,
	0x1f,0x00,0x00,0x39,0x09,0x00,0x00,0x14,0x08,0x00,0x00,0x14,0x00,0x76,0x00,0x90,
	0x00,0xc0,0x04,0x91,0x1f,0x00,0x00,0x39,0x00,0x76,0x00,0x90,0x00,0xc4,0x04,0x91,
	0x1f,0x00,0x00,0x39,0x08,0x00,0x00,0x14,0x07,0x00,0x00,0x14,0x00,0x76,0x00,0x90,
	0x00,0xc0,0x04,0x91,0x1f,0x00,0x00,0x39,0x00,0x76,0x00,0x90,0x00,0xc4,0x04,0x91,
	0x1f,0x00,0x00,0x39,0xa0,0x1f,0x41,0x39,0x1f,0x00,0x00,0x71,0x01,0x2c,0x00,0x54,
	0xbf,0xbf,0x00,0x79,0xbf,0x27,0x01,0x39,0xa0,0x05,0x80,0x52,0xa0,0xa3,0x00,0x79,
	0xd0,0x00,0x00,0x14,0xa0,0x27,0x41,0x39,0x00,0xf4,0x7e,0xd3,0xa1,0x0b,0x40,0xf9,
	0x20,0x00,0x00,0x8b,0x00,0x00,0x40,0xb9,0xa0,0xb7,0x00,0x79,0xa0,0x27,0x41,0x39,
	0x00,0xf4,0x7e,0xd3,0xa1,0x0b,0x40,0xf9,0x20,0x00,0x00,0x8b,0x00,0x00,0x40,0xb9,
	0x1f,0x08,0x01,0x71,0x09,0x18,0x00,0x54,0xa0,0x27,0x41,0x39,0x00,0xf4,0x7e,0xd3,
	0xa1,0x0b,0x40,0xf9,0x20,0x00,0x00,0x8b,0x00,0x00,0x40,0xb9,0x1f,0xf4,0x02,0x71,
	0x28,0x17,0x00,0x54,0xa0,0x27,0x41,0x39,0x00,0xf4,0x7e,0xd3,0xa1,0x0b,0x40,0xf9,
	0x20,0x00,0x00,0x8b,0x01,0x00,0x40,0xb9,0xa0,0x77,0x40,0x79,0x3f,0x00,0x00,0x6b,
	0x29,0x16,0x00,0x54,0xa0,0x27,0x41,0x39,0x00,0xf4,0x7e,0xd3,0xa1,0x0b,0x40,0xf9,
	0x20,0x00,0x00,0x8b,0x00,0x00,0x40,0xb9,0x01,0x76,0x00,0x90,0x21,0xe0,0x04,0x91,
	0x21,0x00,0x40,0x79,0x1f,0x00,0x01,0x6b,0xe9,0x14,0x00,0x54,0x00,0x76,0x00,0x90,
	0x00,0x98,0x04,0x91,0x00,0x00,0x40,0x39,0x1f,0x14,0x00,0x71,0x89,0x09,0x00,0x54,
	0xa0,0x27,0x41,0x39,0x00,0xf4,0x7e,0xd3,0xa1,0x0b,0x40,0xf9,0x20,0x00,0x00,0x8b,
	0x00,0x00,0x40,0xb9,0x01,0x76,0x00,0x90,0x21,0xb8,0x01,0x91,0x21,0x00,0x40,0x79,
	0x00,0x00,0x01,0x4b,0x1f,0x00,0x00,0x71,0x00,0xa4,0x80,0x5a,0xa0,0x73,0x00,0x79,
	0xa0,0x27,0x41,0x39,0x00,0xf4,0x7e,0xd3,0xa1,0x0b,0x40,0xf9,0x20,0x00,0x00,0x8b,
	0x01,0x00,0x40,0xb9,0xa0,0x77,0x40,0x79,0x20,0x00,0x00,0x4b,0x1f,0x00,0x00,0x71,
	0x00,0xa4,0x80,0x5a,0x1f,0x0c,0x00,0x71,0x6d,0x11,0x00,0x54,0xa0,0x27,0x41,0x39,
	0x00,0xf4,0x7e,0xd3,0xa1,0x0b,0x40,0xf9,0x20,0x00,0x00,0x8b,0x00,0x00,0x40,0xb9,
	0xa1,0x77,0x40,0x79,0x21,0x78,0x1f,0x53,0x00,0x00,0x01,0x4b,0x1f,0x00,0x00,0x71,
	0x00,0xa4,0x80,0x5a,0x1f,0x14,0x00,0x71,0xed,0x0f,0x00,0x54,0xa0,0x27,0x41,0x39,
	0x00,0xf4,0x7e,0xd3,0xa1,0x0b,0x40,0xf9,0x20,0x00,0x00,0x8b,0x01,0x00,0x40,0xb9,
	0xa0,0xaf,0x40,0x79,0x20,0x00,0x00,0x0b,0x01,0x76,0x00,0x90,0x21,0xb8,0x01,0x91,
	0x21,0x00,0x40,0x79,0x1f,0x00,0x01,0x6b,0x69,0x0e,0x00,0x54,0xa0,0x27,0x41,0x39,
	0x00,0xf4,0x7e,0xd3,0xa1,0x0b,0x40,0xf9,0x20,0x00,0x00,0x8b,0x00,0x00,0x40,0xb9,
	0x01,0x76,0x00,0x90,0x21,0xb8,0x01,0x91,0x21,0x00,0x40,0x79,0xe2,0x03,0x01,0x2a,
	0xa1,0xa7,0x40,0x79,0x41,0x00,0x01,0x0b,0x1f,0x00,0x01,0x6b,0xc2,0x0c,0x00,0x54,
	0xa1,0x73,0x40,0x79,0xa0,0xa3,0x40,0x79,0x3f,0x00,0x00,0x6b,0x48,0x0c,0x00,0x54,
	0x20,0x00,0x80,0x52,0xa0,0xbf,0x00,0x79,0x00,0x76,0x00,0x90,0x00,0xb8,0x04,0x91,
	0x81,0x00,0x80,0x52,0x01,0x00,0x00,0x39,0xa0,0xb7,0x40,0x79,0xa0,0xbb,0x00,0x79,
	0xa0,0x73,0x40,0x79,0xa0,0xa3,0x00,0x79,0x57,0x00,0x00,0x14,0xa0,0x27,0x41,0x39,
	0x00,0xf4,0x7e,0xd3,0xa1,0x0b,0x40,0xf9,0x20,0x00,0x00,0x8b,0x01,0x00,0x40,0xb9,
	0xa0,0x77,0x40,0x79,0x20,0x00,0x00,0x4b,0x1f,0x00,0x00,0x71,0x00,0xa4,0x80,0x5a,
	0x1f,0x0c,0x00,0x71,0x8d,0x09,0x00,0x54,0xa0,0x27,0x41,0x39,0x00,0xf4,0x7e,0xd3,
	0xa1,0x0b,0x40,0xf9,0x20,0x00,0x00,0x8b,0x00,0x00,0x40,0xb9,0xa1,0x77,0x40,0x79,
	0x21,0x78,0x1f,0x53,0x00,0x00,0x01,0x4b,0x1f,0x00,0x00,0x71,0x00,0xa4,0x80,0x5a,
	0x1f,0x14,0x00,0x71,0x0d,0x08,0x00,0x54,0xa0,0x27,0x41,0x39,0x00,0xf4,0x7e,0xd3,
	0xa1,0x0b,0x40,0xf9,0x20,0x00,0x00,0x8b,0x01,0x00,0x40,0xb9,0xa0,0xaf,0x40,0x79,
	0x20,0x00,0x00,0x0b,0x01,0x76,0x00,0x90,0x21,0xb8,0x01,0x91,0x21,0x00,0x40,0x79,
	0x1f,0x00,0x01,0x6b,0x89,0x06,0x00,0x54,0xa0,0x27,0x41,0x39,0x00,0xf4,0x7e,0xd3,
	0xa1,0x0b,0x40,0xf9,0x20,0x00,0x00,0x8b,0x00,0x00,0x40,0xb9,0x01,0x76,0x00,0x90,
	0x21,0xb8,0x01,0x91,0x21,0x00,0x40,0x79,0xe2,0x03,0x01,0x2a,0xa1,0xa7,0x40,0x79,
	0x41,0x00,0x01,0x0b,0x1f,0x00,0x01,0x6b,0xe2,0x04,0x00,0x54,0xa0,0xbf,0x40,0x79,
	0x1f,0x00,0x00,0x71,0x21,0x01,0x00,0x54,0x20,0x00,0x80,0x52,0xa0,0xbf,0x00,0x79,
	0xa0,0xb7,0x40,0x79,0xa0,0xbb,0x00,0x79,0x00,0x76,0x00,0x90,0x00,0xb8,0x04,0x91,
	0xa1,0x00,0x80,0x52,0x01,0x00,0x00,0x39,0xa0,0x27,0x41,0x39,0x00,0xf4,0x7e,0xd3,
	0xa1,0x0b,0x40,0xf9,0x20,0x00,0x00,0x8b,0x00,0x00,0x40,0xb9,0x01,0x76,0x00,0x90,
	0x21,0xb8,0x01,0x91,0x21,0x00,0x40,0x79,0x00,0x00,0x01,0x4b,0x1f,0x00,0x00,0x71,
	0x00,0xa4,0x80,0x5a,0xa0,0x73,0x00,0x79,0xa0,0x73,0x40,0x79,0x1f,0x24,0x00,0x71,
	0xa8,0x01,0x00,0x54,0x00,0x76,0x00,0x90,0x00,0xb8,0x04,0x91,0xc1,0x00,0x80,0x52,
	0x01,0x00,0x00,0x39,0xa1,0x73,0x40,0x79,0xa0,0xa3,0x40,0x79,0x3f,0x00,0x00,0x6b,
	0xa8,0x00,0x00,0x54,0xa0,0xb7,0x40,0x79,0xa0,0xbb,0x00,0x79,0xa0,0x73,0x40,0x79,
	0xa0,0xa3,0x00,0x79,0xa0,0x27,0x41,0x39,0x00,0x04,0x00,0x11,0xa0,0x27,0x01,0x39,
	0xa0,0x27,0x41,0x39,0x1f,0x0c,0x00,0x71,0xe9,0xe5,0xff,0x54,0xa0,0xbf,0x40,0x79,
	0x1f,0x04,0x00,0x71,0x21,0x02,0x00,0x54,0x00,0x76,0x00,0x90,0x00,0xb8,0x01,0x91,
	0x00,0x00,0x40,0x79,0x00,0x78,0x1f,0x53,0x01,0x76,0x00,0x90,0x21,0xb8,0x01,0x91,
	0x21,0x00,0x40,0x79,0x01,0x00,0x01,0x0b,0xa0,0xbb,0x40,0x79,0x20,0x00,0x00,0x0b,
	0x00,0x7c,0x02,0x13,0x01,0x3c,0x00,0x12,0x00,0x76,0x00,0x90,0x00,0xb8,0x01,0x91,
	0x01,0x00,0x00,0x79,0x4a,0x00,0x00,0x14,0xbf,0x27,0x01,0x39,0x40,0x01,0x80,0x52,
	0xa0,0xa3,0x00,0x79,0x31,0x00,0x00,0x14,0xa0,0x27,0x41,0x39,0x00,0xf4,0x7e,0xd3,
	0xa1,0x0b,0x40,0xf9,0x20,0x00,0x00,0x8b,0x00,0x00,0x40,0xb9,0x01,0x76,0x00,0x90,
	0x21,0xe0,0x04,0x91,0x21,0x00,0x40,0x79,0x1f,0x00,0x01,0x6b,0x89,0x04,0x00,0x54,
	0xa0,0x27,0x41,0x39,0x00,0xf4,0x7e,0xd3,0xa1,0x0b,0x40,0xf9,0x20,0x00,0x00,0x8b,
	0x00,0x00,0x40,0xb9,0xa0,0xb7,0x00,0x79,0xa0,0x27,0x41,0x39,0x00,0xf4,0x7e,0xd3,
	0xa1,0x0b,0x40,0xf9,0x20,0x00,0x00,0x8b,0x00,0x00,0x40,0xb9,0x01,0x76,0x00,0x90,
	0x21,0xb8,0x01,0x91,0x21,0x00,0x40,0x79,0x00,0x00,0x01,0x4b,0x1f,0x00,0x00,0x71,
	0x00,0xa4,0x80,0x5a,0xa0,0x73,0x00,0x79,0xa0,0x73,0x40,0x79,0x1f,0x20,0x00,0x71,
	0xe8,0x01,0x00,0x54,0xa1,0x73,0x40,0x79,0xa0,0xa3,0x40,0x79,0x3f,0x00,0x00,0x6b,
	0x68,0x01,0x00,0x54,0x20,0x00,0x80,0x52,0xa0,0xbf,0x00,0x79,0x00,0x76,0x00,0x90,
	0x00,0xb8,0x04,0x91,0xe1,0x00,0x80,0x52,0x01,0x00,0x00,0x39,0xa0,0xb7,0x40,0x79,
	0xa0,0xbb,0x00,0x79,0xa0,0x73,0x40,0x79,0xa0,0xa3,0x00,0x79,0xa0,0x27,0x41,0x39,
	0x00,0x04,0x00,0x11,0xa0,0x27,0x01,0x39,0xa0,0x27,0x41,0x39,0x1f,0x0c,0x00,0x71,
	0xc9,0xf9,0xff,0x54,0xa0,0xbf,0x40,0x79,0x1f,0x04,0x00,0x71,0x01,0x02,0x00,0x54,
	0x00,0x76,0x00,0x90,0x00,0xb8,0x01,0x91,0x00,0x00,0x40,0x79,0x00,0x78,0x1f,0x53,
	0x01,0x76,0x00,0x90,0x21,0xb8,0x01,0x91,0x21,0x00,0x40,0x79,0x01,0x00,0x01,0x0b,
	0xa0,0xbb,0x40,0x79,0x20,0x00,0x00,0x0b,0x00,0x7c,0x02,0x13,0x01,0x3c,0x00,0x12,
	0x00,0x76,0x00,0x90,0x00,0xb8,0x01,0x91,0x01,0x00,0x00,0x79,0x00,0x76,0x00,0x90,
	0x00,0x1c,0x04,0x91,0x00,0x00,0x40,0x39,0x1f,0x04,0x00,0x71,0x01,0x05,0x00,0x54,
	0x00,0x76,0x00,0x90,0x00,0xc8,0x04,0x91,0x00,0x00,0x40,0x39,0x1f,0x08,0x00,0x71,
	0x61,0x01,0x00,0x54,0x00,0x76,0x00,0x90,0x00,0xb8,0x01,0x91,0x00,0x00,0x40,0x79,
	0xe1,0x03,0x00,0x2a,0x00,0x76,0x00,0x90,0x00,0x20,0x04,0x91,0x00,0x00,0x40,0x79,
	0x00,0x50,0x00,0x11,0x3f,0x00,0x00,0x6b,0xec,0x01,0x00,0x54,0x00,0x76,0x00,0x90,
	0x00,0xc8,0x04,0x91,0x00,0x00,0x40,0x39,0x1f,0x04,0x00,0x71,0x81,0x02,0x00,0x54,
	0x00,0x76,0x00,0x90,0x00,0xb8,0x01,0x91,0x00,0x00,0x40,0x79,0x00,0x34,0x00,0x11,
	0x01,0x76,0x00,0x90,0x21,0x20,0x04,0x91,0x21,0x00,0x40,0x79,0x1f,0x00,0x01,0x6b,
	0x6a,0x01,0x00,0x54,0x00,0x76,0x00,0x90,0x00,0x20,0x04,0x91,0x01,0x00,0x40,0x79,
	0x00,0x76,0x00,0x90,0x00,0xb8,0x01,0x91,0x01,0x00,0x00,0x79,0x00,0x76,0x00,0x90,
	0x00,0xb8,0x04,0x91,0xa1,0x01,0x80,0x52,0x01,0x00,0x00,0x39,0x00,0x76,0x00,0x90,
	0x00,0xb8,0x04,0x91,0x00,0x00,0x40,0x39,0x1f,0x00,0x00,0x71,0xe1,0x01,0x00,0x54,
	0x00,0x76,0x00,0x90,0x00,0xa4,0x04,0x91,0x00,0x00,0x40,0x39,0x1f,0x74,0x00,0x71,
	0x48,0x01,0x00,0x54,0x00,0x76,0x00,0x90,0x00,0xa4,0x04,0x91,0x00,0x00,0x40,0x39,
	0x00,0x08,0x00,0x11,0x01,0x1c,0x00,0x12,0x00,0x76,0x00,0x90,0x00,0xa4,0x04,0x91,
	0x01,0x00,0x00,0x39,0x20,0x00,0x00,0x14,0x00,0x76,0x00,0x90,0x00,0xb8,0x04,0x91,
	0x00,0x00,0x40,0x39,0x1f,0x30,0x00,0x71,0xa1,0x00,0x00,0x54,0x00,0x76,0x00,0x90,
	0x00,0xa4,0x04,0x91,0x1f,0x00,0x00,0x39,0x17,0x00,0x00,0x14,0x00,0x76,0x00,0x90,
	0x00,0xb8,0x04,0x91,0x00,0x00,0x40,0x39,0x1f,0x00,0x00,0x71,0x40,0x02,0x00,0x54,
	0x00,0x76,0x00,0x90,0x00,0xa4,0x04,0x91,0x00,0x00,0x40,0x39,0x1f,0x0c,0x00,0x71,
	0x49,0x01,0x00,0x54,0x00,0x76,0x00,0x90,0x00,0xa4,0x04,0x91,0x00,0x00,0x40,0x39,
	0x00,0x0c,0x00,0x51,0x01,0x1c,0x00,0x12,0x00,0x76,0x00,0x90,0x00,0xa4,0x04,0x91,
	0x01,0x00,0x00,0x39,0x04,0x00,0x00,0x14,0x00,0x76,0x00,0x90,0x00,0xa4,0x04,0x91,
	0x1f,0x00,0x00,0x39,0x00,0x76,0x00,0x90,0x00,0xd0,0x04,0x91,0x00,0x00,0x40,0x39,
	0x1f,0x4c,0x00,0x71,0x89,0x20,0x00,0x54,0x00,0x76,0x00,0x90,0x00,0xd0,0x04,0x91,
	0x01,0x00,0x40,0x39,0xa0,0x99,0x99,0x52,0x80,0x99,0xb9,0x72,0x20,0x7c,0xa0,0x9b,
	0x00,0xfc,0x60,0xd3,0x02,0x7c,0x04,0x53,0xe0,0x03,0x02,0x2a,0x00,0x74,0x1e,0x53,
	0x00,0x00,0x02,0x0b,0x00,0x74,0x1e,0x53,0x20,0x00,0x00,0x4b,0x00,0x1c,0x00,0x12,
	0x1f,0x00,0x00,0x71,0x81,0x1e,0x00,0x54,0x00,0x76,0x00,0x90,0x00,0x00,0x04,0x91,
	0x00,0x04,0x40,0x79,0x1f,0x00,0x00,0x71,0x41,0x03,0x00,0x54,0x00,0x76,0x00,0x90,
	0x00,0x00,0x04,0x91,0x01,0x04,0x40,0x79,0x00,0x76,0x00,0x90,0x00,0x00,0x04,0x91,
	0x01,0x00,0x00,0x79,0x00,0x76,0x00,0x90,0x00,0xb0,0x04,0x91,0x01,0x00,0x40,0x79,
	0x00,0x76,0x00,0x90,0x00,0x00,0x04,0x91,0x01,0x04,0x00,0x79,0x00,0x76,0x00,0x90,
	0x00,0xe8,0x04,0x91,0x01,0x00,0x40,0x79,0x00,0x76,0x00,0x90,0x00,0xe0,0x03,0x91,
	0x01,0x00,0x00,0x79,0x00,0x76,0x00,0x90,0x00,0xb8,0x01,0x91,0x01,0x00,0x40,0x79,
	0x00,0x76,0x00,0x90,0x00,0xe0,0x03,0x91,0x01,0x04,0x00,0x79,0x53,0x00,0x00,0x14,
	0x00,0x76,0x00,0x90,0x00,0x00,0x04,0x91,0x00,0x04,0x40,0x79,0x1f,0x3c,0x01,0x71,
	0xe8,0x03,0x00,0x54,0x00,0x76,0x00,0x90,0x00,0xb0,0x04,0x91,0x00,0x00,0x40,0x79,
	0x1f,0xe0,0x01,0x71,0x49,0x03,0x00,0x54,0x00,0x76,0x00,0x90,0x00,0x00,0x04,0x91,
	0x01,0x04,0x40,0x79,0x00,0x76,0x00,0x90,0x00,0x00,0x04,0x91,0x01,0x00,0x00,0x79,
	0x00,0x76,0x00,0x90,0x00,0xb0,0x04,0x91,0x01,0x00,0x40,0x79,0x00,0x76,0x00,0x90,
	0x00,0x00,0x04,0x91,0x01,0x04,0x00,0x79,0x00,0x76,0x00,0x90,0x00,0xe8,0x04,0x91,
	0x01,0x00,0x40,0x79,0x00,0x76,0x00,0x90,0x00,0xe0,0x03,0x91,0x01,0x00,0x00,0x79,
	0x00,0x76,0x00,0x90,0x00,0xb8,0x01,0x91,0x01,0x00,0x40,0x79,0x00,0x76,0x00,0x90,
	0x00,0xe0,0x03,0x91,0x01,0x04,0x00,0x79,0x30,0x00,0x00,0x14,0x00,0x76,0x00,0x90,
	0x00,0x00,0x04,0x91,0x00,0x04,0x40,0x79,0x1f,0xe0,0x01,0x71,0xe9,0x03,0x00,0x54,
	0x00,0x76,0x00,0x90,0x00,0xb0,0x04,0x91,0x00,0x00,0x40,0x79,0x1f,0x3c,0x01,0x71,
	0x48,0x03,0x00,0x54,0x00,0x76,0x00,0x90,0x00,0x00,0x04,0x91,0x01,0x04,0x40,0x79,
	0x00,0x76,0x00,0x90,0x00,0x00,0x04,0x91,0x01,0x00,0x00,0x79,0x00,0x76,0x00,0x90,
	0x00,0xb0,0x04,0x91,0x01,0x00,0x40,0x79,0x00,0x76,0x00,0x90,0x00,0x00,0x04,0x91,
	0x01,0x04,0x00,0x79,0x00,0x76,0x00,0x90,0x00,0xe8,0x04,0x91,0x01,0x00,0x40,0x79,
	0x00,0x76,0x00,0x90,0x00,0xe0,0x03,0x91,0x01,0x00,0x00,0x79,0x00,0x76,0x00,0x90,
	0x00,0xb8,0x01,0x91,0x01,0x00,0x40,0x79,0x00,0x76,0x00,0x90,0x00,0xe0,0x03,0x91,
	0x01,0x04,0x00,0x79,0x0d,0x00,0x00,0x14,0x00,0x76,0x00,0x90,0x00,0xb0,0x04,0x91,
	0x01,0x00,0x40,0x79,0x00,0x76,0x00,0x90,0x00,0x00,0x04,0x91,0x01,0x04,0x00,0x79,
	0x00,0x76,0x00,0x90,0x00,0xb8,0x01,0x91,0x01,0x00,0x40,0x79,0x00,0x76,0x00,0x90,
	0x00,0xe0,0x03,0x91,0x01,0x04,0x00,0x79,0xa0,0x1f,0x41,0x39,0x1f,0x00,0x00,0x71,
	0x21,0x10,0x00,0x54,0x00,0x76,0x00,0x90,0x00,0x00,0x04,0x91,0x00,0x00,0x40,0x79,
	0x1f,0x00,0x00,0x71,0xa1,0x02,0x00,0x54,0x00,0x76,0x00,0x90,0x00,0xb8,0x01,0x91,
	0x00,0x00,0x40,0x79,0x00,0x20,0x00,0x11,0x01,0x76,0x00,0x90,0x21,0xe8,0x04,0x91,
	0x21,0x00,0x40,0x79,0x1f,0x00,0x01,0x6b,0x8a,0x01,0x00,0x54,0x00,0x76,0x00,0x90,
	0x00,0xe8,0x04,0x91,0x01,0x00,0x40,0x79,0x00,0x76,0x00,0x90,0x00,0xb8,0x01,0x91,
	0x01,0x00,0x00,0x79,0x00,0x76,0x00,0x90,0x00,0xb8,0x04,0x91,0x01,0x01,0x80,0x52,
	0x01,0x00,0x00,0x39,0x68,0x00,0x00,0x14,0x00,0x76,0x00,0x90,0x00,0x00,0x04,0x91,
	0x00,0x04,0x40,0x79,0x1f,0xe0,0x01,0x71,0x09,0x06,0x00,0x54,0x00,0x76,0x00,0x90,
	0x00,0x00,0x04,0x91,0x00,0x00,0x40,0x79,0x1f,0x3c,0x01,0x71,0x68,0x05,0x00,0x54,
	0x00,0x76,0x00,0x90,0x00,0xb8,0x01,0x91,0x00,0x00,0x40,0x79,0x00,0x28,0x00,0x11,
	0x01,0x76,0x00,0x90,0x21,0xe0,0x03,0x91,0x21,0x00,0x40,0x79,0x1f,0x00,0x01,0x6b,
	0x4a,0x04,0x00,0x54,0x00,0x76,0x00,0x90,0x00,0xb8,0x01,0x91,0x00,0x00,0x40,0x79,
	0xe1,0x03,0x00,0x2a,0x00,0x76,0x00,0x90,0x00,0x00,0x05,0x91,0x00,0x04,0x40,0x79,
	0x20,0x00,0x00,0x4b,0x1f,0x30,0x00,0x31,0x0b,0x03,0x00,0x54,0x00,0x76,0x00,0x90,
	0x00,0xb8,0x01,0x91,0x00,0x00,0x40,0x79,0xe1,0x03,0x00,0x2a,0x00,0x76,0x00,0x90,
	0x00,0x00,0x05,0x91,0x00,0x04,0x40,0x79,0x20,0x00,0x00,0x4b,0x1f,0x30,0x00,0x71,
	0xcc,0x01,0x00,0x54,0x00,0x76,0x00,0x90,0x00,0xb8,0x01,0x91,0x00,0x00,0x40,0x79,
	0x00,0x20,0x00,0x11,0x01,0x3c,0x00,0x12,0x00,0x76,0x00,0x90,0x00,0xb8,0x01,0x91,
	0x01,0x00,0x00,0x79,0x00,0x76,0x00,0x90,0x00,0xb8,0x04,0x91,0x21,0x01,0x80,0x52,
	0x01,0x00,0x00,0x39,0x34,0x00,0x00,0x14,0x00,0x76,0x00,0x90,0x00,0x00,0x04,0x91,
	0x00,0x00,0x40,0x79,0x1f,0xe0,0x01,0x71,0xe9,0x05,0x00,0x54,0x00,0x76,0x00,0x90,
	0x00,0x00,0x04,0x91,0x00,0x04,0x40,0x79,0x1f,0x3c,0x01,0x71,0x48,0x05,0x00,0x54,
	0x00,0x76,0x00,0x90,0x00,0xe0,0x03,0x91,0x00,0x00,0x40,0x79,0x00,0x28,0x00,0x11,
	0x01,0x76,0x00,0x90,0x21,0xb8,0x01,0x91,0x21,0x00,0x40,0x79,0x1f,0x00,0x01,0x6b,
	0x2a,0x04,0x00,0x54,0x00,0x76,0x00,0x90,0x00,0xb8,0x01,0x91,0x00,0x00,0x40,0x79,
	0xe1,0x03,0x00,0x2a,0x00,0x76,0x00,0x90,0x00,0x00,0x05,0x91,0x00,0x04,0x40,0x79,
	0x20,0x00,0x00,0x4b,0x1f,0x30,0x00,0x31,0xeb,0x02,0x00,0x54,0x00,0x76,0x00,0x90,
	0x00,0xb8,0x01,0x91,0x00,0x00,0x40,0x79,0xe1,0x03,0x00,0x2a,0x00,0x76,0x00,0x90,
	0x00,0x00,0x05,0x91,0x00,0x04,0x40,0x79,0x20,0x00,0x00,0x4b,0x1f,0x30,0x00,0x71,
	0xac,0x01,0x00,0x54,0x00,0x76,0x00,0x90,0x00,0xb8,0x01,0x91,0x00,0x00,0x40,0x79,
	0x00,0x14,0x00,0x51,0x01,0x3c,0x00,0x12,0x00,0x76,0x00,0x90,0x00,0xb8,0x01,0x91,
	0x01,0x00,0x00,0x79,0x00,0x76,0x00,0x90,0x00,0xb8,0x04,0x91,0x41,0x01,0x80,0x52,
	0x01,0x00,0x00,0x39,0xa0,0x1f,0x41,0x39,0x1f,0x00,0x00,0x71,0x61,0x1a,0x00,0x54,
	0x00,0x76,0x00,0x90,0x00,0xd0,0x04,0x91,0x00,0x00,0x40,0x39,0x1f,0x08,0x00,0x71,
	0x09,0x13,0x00,0x54,0xe0,0x75,0x00,0xf0,0x00,0xd0,0x04,0x91,0x00,0x00,0x40,0x39,
	0x1f,0x4c,0x00,0x71,0x68,0x12,0x00,0x54,0xe0,0x75,0x00,0xf0,0x00,0xb8,0x01,0x91,
	0x00,0x00,0x40,0x79,0xe1,0x03,0x00,0x2a,0xe0,0x75,0x00,0xf0,0x00,0x00,0x05,0x91,
	0x00,0x04,0x40,0x79,0x20,0x00,0x00,0x4b,0x1f,0x30,0x00,0x31,0x2b,0x11,0x00,0x54,
	0xe0,0x75,0x00,0xf0,0x00,0xb8,0x01,0x91,0x00,0x00,0x40,0x79,0xe1,0x03,0x00,0x2a,
	0xe0,0x75,0x00,0xf0,0x00,0x00,0x05,0x91,0x00,0x04,0x40,0x79,0x20,0x00,0x00,0x4b,
	0x1f,0x30,0x00,0x71,0xec,0x0f,0x00,0x54,0xe0,0x75,0x00,0xf0,0x00,0xc8,0x04,0x91,
	0x00,0x00,0x40,0x39,0x1f,0x04,0x00,0x71,0x21,0x07,0x00,0x54,0xe0,0x75,0x00,0xf0,
	0x00,0xd0,0x04,0x91,0x00,0x00,0x40,0x39,0x1f,0x20,0x00,0x71,0x88,0x06,0x00,0x54,
	0xe0,0x75,0x00,0xf0,0x00,0xb0,0x04,0x91,0x00,0x00,0x40,0x79,0x1f,0xe8,0x03,0x71,
	0x49,0x01,0x00,0x54,0xe0,0x75,0x00,0xf0,0x00,0xb8,0x01,0x91,0x00,0x00,0x40,0x79,
	0x00,0x10,0x00,0x11,0x01,0x3c,0x00,0x12,0xe0,0x75,0x00,0xf0,0x00,0xb8,0x01,0x91,
	0x01,0x00,0x00,0x79,0x66,0x00,0x00,0x14,0xe0,0x75,0x00,0xf0,0x00,0xb0,0x04,0x91,
	0x00,0x00,0x40,0x79,0x1f,0x58,0x02,0x71,0x49,0x01,0x00,0x54,0xe0,0x75,0x00,0xf0,
	0x00,0xb8,0x01,0x91,0x00,0x00,0x40,0x79,0x00,0x0c,0x00,0x11,0x01,0x3c,0x00,0x12,
	0xe0,0x75,0x00,0xf0,0x00,0xb8,0x01,0x91,0x01,0x00,0x00,0x79,0x58,0x00,0x00,0x14,
	0xe0,0x75,0x00,0xf0,0x00,0xb0,0x04,0x91,0x00,0x00,0x40,0x79,0x1f,0x90,0x01,0x71,
	0x49,0x01,0x00,0x54,0xe0,0x75,0x00,0xf0,0x00,0xb8,0x01,0x91,0x00,0x00,0x40,0x79,
	0x00,0x08,0x00,0x11,0x01,0x3c,0x00,0x12,0xe0,0x75,0x00,0xf0,0x00,0xb8,0x01,0x91,
	0x01,0x00,0x00,0x79,0x4a,0x00,0x00,0x14,0xe0,0x75,0x00,0xf0,0x00,0xb8,0x01,0x91,
	0x00,0x00,0x40,0x79,0x00,0x04,0x00,0x11,0x01,0x3c,0x00,0x12,0xe0,0x75,0x00,0xf0,
	0x00,0xb8,0x01,0x91,0x01,0x00,0x00,0x79,0x41,0x00,0x00,0x14,0xe0,0x75,0x00,0xf0,
	0x00,0xc8,0x04,0x91,0x00,0x00,0x40,0x39,0x1f,0x08,0x00,0x71,0x41,0x0e,0x00,0x54,
	0xe0,0x75,0x00,0xf0,0x00,0xd0,0x04,0x91,0x00,0x00,0x40,0x39,0x1f,0x28,0x00,0x71,
	0xa9,0x0d,0x00,0x54,0xe0,0x75,0x00,0xf0,0x00,0xd0,0x04,0x91,0x00,0x00,0x40,0x39,
	0x1f,0x38,0x00,0x71,0x08,0x0d,0x00,0x54,0xe0,0x75,0x00,0xf0,0x00,0xb0,0x04,0x91,
	0x00,0x00,0x40,0x79,0x1f,0x58,0x02,0x71,0x09,0x01,0x00,0x54,0xe0,0x75,0x00,0xf0,
	0x00,0xb8,0x01,0x91,0x01,0x00,0x40,0x79,0xe0,0x75,0x00,0xf0,0x00,0xb8,0x01,0x91,
	0x01,0x00,0x00,0x79,0x5c,0x00,0x00,0x14,0xe0,0x75,0x00,0xf0,0x00,0xb0,0x04,0x91,
	0x00,0x00,0x40,0x79,0x1f,0x90,0x01,0x71,0x49,0x01,0x00,0x54,0xe0,0x75,0x00,0xf0,
	0x00,0xb8,0x01,0x91,0x00,0x00,0x40,0x79,0x00,0x04,0x00,0x51,0x01,0x3c,0x00,0x12,
	0xe0,0x75,0x00,0xf0,0x00,0xb8,0x01,0x91,0x01,0x00,0x00,0x79,0x4e,0x00,0x00,0x14,
	0xe0,0x75,0x00,0xf0,0x00,0xb0,0x04,0x91,0x00,0x00,0x40,0x79,0x1f,0xf0,0x00,0x71,
	0x49,0x01,0x00,0x54,0xe0,0x75,0x00,0xf0,0x00,0xb8,0x01,0x91,0x00,0x00,0x40,0x79,
	0x00,0x08,0x00,0x51,0x01,0x3c,0x00,0x12,0xe0,0x75,0x00,0xf0,0x00,0xb8,0x01,0x91,
	0x01,0x00,0x00,0x79,0x40,0x00,0x00,0x14,0xe0,0x75,0x00,0xf0,0x00,0xb8,0x01,0x91,
	0x00,0x00,0x40,0x79,0x00,0x0c,0x00,0x51,0x01,0x3c,0x00,0x12,0xe0,0x75,0x00,0xf0,
	0x00,0xb8,0x01,0x91,0x01,0x00,0x00,0x79,0x37,0x00,0x00,0x14,0x36,0x00,0x00,0x14,
	0xe0,0x75,0x00,0xf0,0x00,0xd0,0x04,0x91,0x00,0x00,0x40,0x39,0x1f,0x50,0x00,0x71,
	0x41,0x06,0x00,0x54,0xe0,0x75,0x00,0xf0,0x00,0xb8,0x01,0x91,0x00,0x00,0x40,0x79,
	0xe1,0x03,0x00,0x2a,0xe0,0x75,0x00,0xf0,0x00,0x00,0x05,0x91,0x00,0x04,0x40,0x79,
	0x20,0x00,0x00,0x4b,0x1f,0x24,0x00,0x31,0x0b,0x05,0x00,0x54,0xe0,0x75,0x00,0xf0,
	0x00,0xb8,0x01,0x91,0x00,0x00,0x40,0x79,0xe1,0x03,0x00,0x2a,0xe0,0x75,0x00,0xf0,
	0x00,0x00,0x05,0x91,0x00,0x04,0x40,0x79,0x20,0x00,0x00,0x4b,0x1f,0x24,0x00,0x71,
	0xcc,0x03,0x00,0x54,0xe0,0x75,0x00,0xf0,0x00,0xc8,0x04,0x91,0x00,0x00,0x40,0x39,
	0x1f,0x08,0x00,0x71,0x41,0x01,0x00,0x54,0xe0,0x75,0x00,0xf0,0x00,0x00,0x05,0x91,
	0x00,0x04,0x40,0x79,0x00,0x14,0x00,0x51,0x01,0x3c,0x00,0x12,0xe0,0x75,0x00,0xf0,
	0x00,0xb8,0x01,0x91,0x01,0x00,0x00,0x79,0x10,0x00,0x00,0x14,0xe0,0x75,0x00,0xf0,
	0x00,0xc8,0x04,0x91,0x00,0x00,0x40,0x39,0x1f,0x04,0x00,0x71,0x61,0x01,0x00,0x54,
	0xe0,0x75,0x00,0xf0,0x00,0x00,0x05,0x91,0x00,0x04,0x40,0x79,0x00,0x14,0x00,0x11,
	0x01,0x3c,0x00,0x12,0xe0,0x75,0x00,0xf0,0x00,0xb8,0x01,0x91,0x01,0x00,0x00,0x79,
	0x02,0x00,0x00,0x14,0x1f,0x20,0x03,0xd5,0xe0,0x75,0x00,0xf0,0x00,0x9c,0x04,0x91,
	0x00,0x00,0x40,0x39,0x1f,0x78,0x00,0x71,0x69,0x04,0x00,0x54,0xe0,0x75,0x00,0xf0,
	0x00,0xd0,0x04,0x91,0x00,0x00,0x40,0x39,0x1f,0x8c,0x00,0x71,0xc9,0x03,0x00,0x54,
	0xe0,0x75,0x00,0xf0,0x00,0xb8,0x01,0x91,0x00,0x00,0x40,0x79,0x1f,0x30,0x02,0x71,
	0x29,0x03,0x00,0x54,0xe0,0x75,0x00,0xf0,0x00,0xb8,0x01,0x91,0x00,0x00,0x40,0x79,
	0xe1,0x03,0x00,0x2a,0xe0,0x75,0x00,0xf0,0x00,0x40,0x04,0x91,0x00,0x08,0x40,0x79,
	0x20,0x00,0x00,0x4b,0x1f,0x38,0x00,0x31,0xeb,0x01,0x00,0x54,0xe0,0x75,0x00,0xf0,
	0x00,0xb8,0x01,0x91,0x00,0x00,0x40,0x79,0xe1,0x03,0x00,0x2a,0xe0,0x75,0x00,0xf0,
	0x00,0x40,0x04,0x91,0x00,0x08,0x40,0x79,0x20,0x00,0x00,0x4b,0x1f,0x38,0x00,0x71,
	0xac,0x00,0x00,0x54,0xe0,0x75,0x00,0xf0,0x00,0x84,0x02,0x91,0x21,0x00,0x80,0x52,
	0x01,0x00,0x00,0x39,0xe0,0x75,0x00,0xf0,0x00,0x84,0x02,0x91,0x00,0x00,0x40,0x39,
	0x1f,0x04,0x00,0x71,0x61,0x07,0x00,0x54,0xe0,0x75,0x00,0xf0,0x00,0xa4,0x04,0x91,
	0x00,0x00,0x40,0x39,0x1f,0x34,0x00,0x71,0xc9,0x06,0x00,0x54,0xe0,0x75,0x00,0xf0,
	0x00,0x14,0x04,0x91,0x00,0x00,0x40,0x39,0x1f,0x08,0x00,0x71,0x28,0x06,0x00,0x54,
	0xa0,0x43,0x40,0x79,0xe1,0x03,0x00,0x2a,0xe0,0x75,0x00,0xf0,0x00,0x40,0x04,0x91,
	0x00,0x08,0x40,0x79,0x20,0x00,0x00,0x4b,0x1f,0x28,0x00,0x31,0x2b,0x01,0x00,0x54,
	0xa0,0x43,0x40,0x79,0xe1,0x03,0x00,0x2a,0xe0,0x75,0x00,0xf0,0x00,0x40,0x04,0x91,
	0x00,0x08,0x40,0x79,0x20,0x00,0x00,0x4b,0x1f,0x28,0x00,0x71,0x2d,0x02,0x00,0x54,
	0xa0,0x47,0x40,0x79,0xe1,0x03,0x00,0x2a,0xe0,0x75,0x00,0xf0,0x00,0x40,0x04,0x91,
	0x00,0x08,0x40,0x79,0x20,0x00,0x00,0x4b,0x1f,0x28,0x00,0x31,0x2b,0x03,0x00,0x54,
	0xa0,0x47,0x40,0x79,0xe1,0x03,0x00,0x2a,0xe0,0x75,0x00,0xf0,0x00,0x40,0x04,0x91,
	0x00,0x08,0x40,0x79,0x20,0x00,0x00,0x4b,0x1f,0x28,0x00,0x71,0x2c,0x02,0x00,0x54,
	0xe0,0x75,0x00,0xf0,0x00,0x40,0x04,0x91,0x01,0x08,0x40,0x79,0xe0,0x75,0x00,0xf0,
	0x00,0xb8,0x01,0x91,0x01,0x00,0x00,0x79,0xe0,0x75,0x00,0xf0,0x00,0xa4,0x04,0x91,
	0x1f,0x00,0x00,0x39,0xe0,0x75,0x00,0xf0,0x00,0xb8,0x04,0x91,0x01,0x02,0x80,0x52,
	0x01,0x00,0x00,0x39,0xe0,0x75,0x00,0xf0,0x00,0x84,0x02,0x91,0x1f,0x00,0x00,0x39,
	0xe0,0x75,0x00,0xf0,0x00,0xb8,0x04,0x91,0x00,0x00,0x40,0x39,0x1f,0x00,0x00,0x71,
	0x41,0x1b,0x00,0x54,0xe0,0x75,0x00,0xf0,0x00,0xa4,0x04,0x91,0x00,0x00,0x40,0x39,
	0x1f,0x28,0x00,0x71,0xa9,0x1a,0x00,0x54,0xe0,0x75,0x00,0xf0,0x00,0x9c,0x04,0x91,
	0x00,0x00,0x40,0x39,0x1f,0x50,0x00,0x71,0x09,0x1a,0x00,0x54,0xe0,0x75,0x00,0xf0,
	0x00,0xd0,0x04,0x91,0x00,0x00,0x40,0x39,0x1f,0x50,0x00,0x71,0x69,0x19,0x00,0x54,
	0xe0,0x75,0x00,0xf0,0x00,0xb8,0x01,0x91,0x00,0x00,0x40,0x79,0x1f,0xf0,0x01,0x71,
	0xc8,0x18,0x00,0x54,0xe0,0x75,0x00,0xf0,0x00,0xb0,0x04,0x91,0x00,0x00,0x40,0x79,
	0x1f,0x00,0x01,0x71,0x28,0x18,0x00,0x54,0xbf,0x27,0x01,0x39,0xbf,0xbf,0x00,0x79,
	0x80,0x02,0x80,0x52,0xa0,0xa3,0x00,0x79,0x32,0x00,0x00,0x14,0xa0,0x27,0x41,0x39,
	0x00,0xf4,0x7e,0xd3,0xa1,0x0b,0x40,0xf9,0x20,0x00,0x00,0x8b,0x00,0x00,0x40,0xb9,
	0x00,0x18,0x00,0x11,0xe1,0x75,0x00,0xf0,0x21,0xb8,0x01,0x91,0x21,0x00,0x40,0x79,
	0x1f,0x00,0x01,0x6b,0x83,0x04,0x00,0x54,0xa0,0x27,0x41,0x39,0x00,0xf4,0x7e,0xd3,
	0xa1,0x0b,0x40,0xf9,0x20,0x00,0x00,0x8b,0x00,0x00,0x40,0xb9,0xe1,0x75,0x00,0xf0,
	0x21,0xb8,0x01,0x91,0x21,0x00,0x40,0x79,0x21,0x3c,0x00,0x11,0x1f,0x00,0x01,0x6b,
	0x28,0x03,0x00,0x54,0xa0,0x27,0x41,0x39,0x00,0xf4,0x7e,0xd3,0xa1,0x0b,0x40,0xf9,
	0x20,0x00,0x00,0x8b,0x00,0x00,0x40,0xb9,0xe1,0x75,0x00,0xf0,0x21,0xb8,0x01,0x91,
	0x21,0x00,0x40,0x79,0x00,0x00,0x01,0x4b,0x1f,0x00,0x00,0x71,0x00,0xa4,0x80,0x5a,
	0xa0,0x73,0x00,0x79,0xa1,0x73,0x40,0x79,0xa0,0xa3,0x40,0x79,0x3f,0x00,0x00,0x6b,
	0xe8,0x00,0x00,0x54,0xa0,0x27,0x41,0x39,0x00,0xf4,0x7e,0xd3,0xa1,0x0b,0x40,0xf9,
	0x20,0x00,0x00,0x8b,0x00,0x00,0x40,0xb9,0xa0,0xb7,0x00,0x79,0x20,0x00,0x80,0x52,
	0xa0,0xbf,0x00,0x79,0xa0,0x27,0x41,0x39,0x00,0x04,0x00,0x11,0xa0,0x27,0x01,0x39,
	0xa0,0x27,0x41,0x39,0x1f,0x0c,0x00,0x71,0xa9,0xf9,0xff,0x54,0xa0,0xbf,0x40,0x79,
	0x1f,0x04,0x00,0x71,0x21,0x07,0x00,0x54,0xa0,0xb7,0x40,0x79,0xe1,0x75,0x00,0xf0,
	0x21,0x40,0x04,0x91,0x21,0x08,0x40,0x79,0x00,0x00,0x01,0x4b,0x1f,0x24,0x00,0x31,
	0x8b,0x04,0x00,0x54,0xa0,0xb7,0x40,0x79,0xe1,0x75,0x00,0xf0,0x21,0x40,0x04,0x91,
	0x21,0x08,0x40,0x79,0x00,0x00,0x01,0x4b,0x1f,0x24,0x00,0x71,0xac,0x03,0x00,0x54,
	0xe0,0x75,0x00,0xf0,0x00,0x5c,0x05,0x91,0x00,0x00,0x40,0x39,0x00,0x04,0x00,0x11,
	0x01,0x1c,0x00,0x12,0xe0,0x75,0x00,0xf0,0x00,0x5c,0x05,0x91,0x01,0x00,0x00,0x39,
	0xe0,0x75,0x00,0xf0,0x00,0x5c,0x05,0x91,0x00,0x00,0x40,0x39,0x1f,0x08,0x00,0x71,
	0xc9,0x03,0x00,0x54,0xe0,0x75,0x00,0xf0,0x00,0xb8,0x01,0x91,0xa1,0xb7,0x40,0x79,
	0x01,0x00,0x00,0x79,0xe0,0x75,0x00,0xf0,0x00,0x5c,0x05,0x91,0x1f,0x00,0x00,0x39,
	0xe0,0x75,0x00,0xf0,0x00,0xa4,0x04,0x91,0x1f,0x00,0x00,0x39,0xe0,0x75,0x00,0xf0,
	0x00,0xb8,0x04,0x91,0x21,0x02,0x80,0x52,0x01,0x00,0x00,0x39,0x0f,0x00,0x00,0x14,
	0xe0,0x75,0x00,0xf0,0x00,0xb8,0x01,0x91,0xa1,0xb7,0x40,0x79,0x01,0x00,0x00,0x79,
	0xe0,0x75,0x00,0xf0,0x00,0x5c,0x05,0x91,0x1f,0x00,0x00,0x39,0xe0,0x75,0x00,0xf0,
	0x00,0xa4,0x04,0x91,0x1f,0x00,0x00,0x39,0xe0,0x75,0x00,0xf0,0x00,0xb8,0x04,0x91,
	0x41,0x02,0x80,0x52,0x01,0x00,0x00,0x39,0xe0,0x75,0x00,0xf0,0x00,0xa4,0x04,0x91,
	0x00,0x00,0x40,0x39,0x1f,0x64,0x00,0x71,0x09,0x09,0x00,0x54,0xbf,0x27,0x01,0x39,
	0x43,0x00,0x00,0x14,0xa0,0x27,0x41,0x39,0x00,0xf4,0x7e,0xd3,0xa1,0x0b,0x40,0xf9,
	0x20,0x00,0x00,0x8b,0x00,0x00,0x40,0xb9,0xe1,0x75,0x00,0xf0,0x21,0x40,0x04,0x91,
	0x21,0x08,0x40,0x79,0x00,0x00,0x01,0x4b,0x1f,0x24,0x00,0x31,0xab,0x06,0x00,0x54,
	0xa0,0x27,0x41,0x39,0x00,0xf4,0x7e,0xd3,0xa1,0x0b,0x40,0xf9,0x20,0x00,0x00,0x8b,
	0x00,0x00,0x40,0xb9,0xe1,0x75,0x00,0xf0,0x21,0x40,0x04,0x91,0x21,0x08,0x40,0x79,
	0x00,0x00,0x01,0x4b,0x1f,0x24,0x00,0x71,0x4c,0x05,0x00,0x54,0xa0,0x27,0x41,0x39,
	0x00,0xf4,0x7e,0xd3,0xa1,0x0b,0x40,0xf9,0x20,0x00,0x00,0x8b,0x00,0x00,0x40,0xb9,
	0xe1,0x75,0x00,0xf0,0x21,0xb8,0x01,0x91,0x21,0x00,0x40,0x79,0x00,0x00,0x01,0x4b,
	0x1f,0x74,0x00,0x31,0xeb,0x03,0x00,0x54,0xa0,0x27,0x41,0x39,0x00,0xf4,0x7e,0xd3,
	0xa1,0x0b,0x40,0xf9,0x20,0x00,0x00,0x8b,0x00,0x00,0x40,0xb9,0xe1,0x75,0x00,0xf0,
	0x21,0xb8,0x01,0x91,0x21,0x00,0x40,0x79,0x00,0x00,0x01,0x4b,0x1f,0x74,0x00,0x71,
	0x8c,0x02,0x00,0x54,0xa0,0x27,0x41,0x39,0x00,0xf4,0x7e,0xd3,0xa1,0x0b,0x40,0xf9,
	0x20,0x00,0x00,0x8b,0x00,0x00,0x40,0xb9,0x01,0x3c,0x00,0x12,0xe0,0x75,0x00,0xf0,
	0x00,0xb8,0x01,0x91,0x01,0x00,0x00,0x79,0xe0,0x75,0x00,0xf0,0x00,0x5c,0x05,0x91,
	0x1f,0x00,0x00,0x39,0xe0,0x75,0x00,0xf0,0x00,0xa4,0x04,0x91,0x1f,0x00,0x00,0x39,
	0xe0,0x75,0x00,0xf0,0x00,0xb8,0x04,0x91,0x61,0x02,0x80,0x52,0x01,0x00,0x00,0x39,
	0xa0,0x27,0x41,0x39,0x00,0x04,0x00,0x11,0xa0,0x27,0x01,0x39,0xa0,0x27,0x41,0x39,
	0x1f,0x0c,0x00,0x71,0x89,0xf7,0xff,0x54,0xe0,0x75,0x00,0xf0,0x00,0x80,0x02,0x91,
	0x00,0x00,0x40,0x39,0x1f,0x08,0x00,0x71,0x21,0x01,0x00,0x54,0xe0,0x75,0x00,0xf0,
	0x00,0xb8,0x04,0x91,0x00,0x00,0x40,0x39,0x00,0x50,0x00,0x11,0x01,0x1c,0x00,0x12,
	0xe0,0x75,0x00,0xf0,0x00,0xb8,0x04,0x91,0x01,0x00,0x00,0x39,0xe0,0x75,0x00,0xf0,
	0x00,0xb8,0x01,0x91,0x00,0x00,0x40,0x79,0x1f,0x10,0x03,0x71,0xa9,0x00,0x00,0x54,
	0xe0,0x75,0x00,0xf0,0x00,0xb8,0x01,0x91,0x81,0x18,0x80,0x52,0x01,0x00,0x00,0x79,
	0xe0,0x75,0x00,0xf0,0x00,0xb8,0x01,0x91,0x01,0x00,0x40,0x79,0x20,0x77,0x00,0x90,
	0x00,0x58,0x18,0x91,0x01,0x00,0x00,0x79,0xe0,0x75,0x00,0xf0,0x00,0x88,0x01,0x91,
	0x00,0x00,0x40,0x79,0x1f,0x00,0x00,0x71,0x01,0x01,0x00,0x54,0x20,0x77,0x00,0x90,
	0x00,0x58,0x18,0x91,0x01,0x00,0x40,0x79,0x20,0x77,0x00,0x90,0x00,0x40,0x18,0x91,
	0x01,0x00,0x00,0x79,0x07,0x00,0x00,0x14,0xe0,0x75,0x00,0xf0,0x00,0x88,0x01,0x91,
	0x01,0x00,0x40,0x79,0x20,0x77,0x00,0x90,0x00,0x40,0x18,0x91,0x01,0x00,0x00,0x79,
	0x20,0x77,0x00,0x90,0x00,0x58,0x18,0x91,0x01,0x00,0x40,0x79,0x20,0x77,0x00,0x90,
	0x00,0x58,0x19,0x91,0x01,0x00,0x00,0x79,0x07,0x00,0x00,0x14,0xe0,0x75,0x00,0xf0,
	0x00,0xb0,0x01,0x91,0x1f,0x00,0x00,0x79,0xe0,0x75,0x00,0xf0,0x00,0xb8,0x01,0x91,
	0x1f,0x00,0x00,0x79,0x1f,0x20,0x03,0xd5,0xfd,0x7b,0xc6,0xa8,0xc0,0x03,0x5f,0xd6,
	0xff,0x83,0x00,0xd1,0xe0,0x0f,0x00,0xb9,0xe0,0x75,0x00,0x90,0x00,0x60,0x2b,0x91,
	0x00,0x00,0x40,0x79,0x1f,0xfc,0x18,0x71,0xc9,0x00,0x00,0x54,0xe0,0x75,0x00,0x90,
	0x00,0x60,0x2b,0x91,0xe1,0x00,0x80,0x52,0x01,0x00,0x00,0x79,0x09,0x00,0x00,0x14,
	0xe0,0x75,0x00,0x90,0x00,0x60,0x2b,0x91,0x00,0x00,0x40,0x79,0x00,0x04,0x00,0x11,
	0x01,0x3c,0x00,0x12,0xe0,0x75,0x00,0x90,0x00,0x60,0x2b,0x91,0x01,0x00,0x00,0x79,
	0xe0,0x75,0x00,0x90,0x00,0x60,0x2b,0x91,0x00,0x00,0x40,0x79,0x1f,0x18,0x00,0x71,
	0xe1,0x0f,0x00,0x54,0x20,0x77,0x00,0x90,0x00,0x90,0x1a,0x91,0x00,0x00,0x40,0xb9,
	0x1f,0x08,0x00,0x71,0xa0,0x02,0x00,0x54,0x1f,0x0c,0x00,0x71,0x40,0x07,0x00,0x54,
	0x1f,0x04,0x00,0x71,0xe1,0x0b,0x00,0x54,0xe0,0x75,0x00,0xf0,0x00,0x90,0x01,0x91,
	0x1f,0x00,0x00,0x79,0xe0,0x75,0x00,0xf0,0x00,0x90,0x01,0x91,0x01,0x00,0x40,0x79,
	0xe0,0x75,0x00,0xf0,0x00,0x88,0x01,0x91,0x01,0x00,0x00,0x79,0xe0,0x75,0x00,0xf0,
	0x00,0x88,0x01,0x91,0x01,0x00,0x40,0x79,0xe0,0x75,0x00,0xf0,0x00,0x80,0x01,0x91,
	0x01,0x00,0x00,0x79,0x5f,0x00,0x00,0x14,0xe0,0x75,0x00,0xf0,0x00,0xb0,0x01,0x91,
	0x01,0x00,0x40,0x79,0xe0,0x75,0x00,0xf0,0x00,0x90,0x01,0x91,0x01,0x00,0x00,0x79,
	0xe0,0x75,0x00,0xf0,0x00,0x90,0x01,0x91,0x00,0x00,0x40,0x79,0x1f,0x90,0x01,0x71,
	0xc9,0x00,0x00,0x54,0xe0,0x75,0x00,0xf0,0x00,0x88,0x01,0x91,0x81,0x0c,0x80,0x52,
	0x01,0x00,0x00,0x79,0x11,0x00,0x00,0x14,0xe0,0x75,0x00,0xf0,0x00,0x90,0x01,0x91,
	0x00,0x00,0x40,0x79,0x1f,0xc4,0x00,0x71,0xc8,0x00,0x00,0x54,0xe0,0x75,0x00,0xf0,
	0x00,0x88,0x01,0x91,0x41,0x06,0x80,0x52,0x01,0x00,0x00,0x79,0x07,0x00,0x00,0x14,
	0xe0,0x75,0x00,0xf0,0x00,0x90,0x01,0x91,0x01,0x00,0x40,0x79,0xe0,0x75,0x00,0xf0,
	0x00,0x88,0x01,0x91,0x01,0x00,0x00,0x79,0xe0,0x75,0x00,0xf0,0x00,0x88,0x01,0x91,
	0x01,0x00,0x40,0x79,0xe0,0x75,0x00,0xf0,0x00,0x80,0x01,0x91,0x01,0x00,0x00,0x79,
	0x38,0x00,0x00,0x14,0xe0,0x75,0x00,0xf0,0x00,0xb8,0x01,0x91,0x01,0x00,0x40,0x79,
	0xe0,0x75,0x00,0xf0,0x00,0x90,0x01,0x91,0x01,0x00,0x00,0x79,0xe0,0x75,0x00,0xf0,
	0x00,0x90,0x01,0x91,0x00,0x00,0x40,0x79,0x1f,0x08,0x02,0x71,0xc9,0x00,0x00,0x54,
	0xe0,0x75,0x00,0xf0,0x00,0x88,0x01,0x91,0x41,0x10,0x80,0x52,0x01,0x00,0x00,0x79,
	0x11,0x00,0x00,0x14,0xe0,0x75,0x00,0xf0,0x00,0x90,0x01,0x91,0x00,0x00,0x40,0x79,
	0x1f,0x78,0x01,0x71,0xc8,0x00,0x00,0x54,0xe0,0x75,0x00,0xf0,0x00,0x88,0x01,0x91,
	0xe1,0x0b,0x80,0x52,0x01,0x00,0x00,0x79,0x07,0x00,0x00,0x14,0xe0,0x75,0x00,0xf0,
	0x00,0x90,0x01,0x91,0x01,0x00,0x40,0x79,0xe0,0x75,0x00,0xf0,0x00,0x88,0x01,0x91,
	0x01,0x00,0x00,0x79,0xe0,0x75,0x00,0xf0,0x00,0x88,0x01,0x91,0x01,0x00,0x40,0x79,
	0xe0,0x75,0x00,0xf0,0x00,0x80,0x01,0x91,0x01,0x00,0x00,0x79,0x11,0x00,0x00,0x14,
	0xe0,0x75,0x00,0xf0,0x00,0x90,0x01,0x91,0x1f,0x00,0x00,0x79,0xe0,0x75,0x00,0xf0,
	0x00,0x90,0x01,0x91,0x01,0x00,0x40,0x79,0xe0,0x75,0x00,0xf0,0x00,0x88,0x01,0x91,
	0x01,0x00,0x00,0x79,0xe0,0x75,0x00,0xf0,0x00,0x88,0x01,0x91,0x01,0x00,0x40,0x79,
	0xe0,0x75,0x00,0xf0,0x00,0x80,0x01,0x91,0x01,0x00,0x00,0x79,0x1f,0x20,0x03,0xd5,
	0x20,0x77,0x00,0x90,0x00,0x90,0x1a,0x91,0x01,0x00,0x40,0xb9,0x20,0x77,0x00,0x90,
	0x00,0x90,0x19,0x91,0x01,0x00,0x00,0xb9,0xca,0x02,0x00,0x14,0xe0,0x75,0x00,0x90,
	0x00,0x60,0x2b,0x91,0x00,0x00,0x40,0x79,0x1f,0x18,0x00,0x71,0xc9,0x56,0x00,0x54,
	0x20,0x77,0x00,0x90,0x00,0x90,0x1a,0x91,0x01,0x00,0x40,0xb9,0x20,0x77,0x00,0x90,
	0x00,0x90,0x19,0x91,0x00,0x00,0x40,0xb9,0x3f,0x00,0x00,0x6b,0xe0,0x19,0x00,0x54,
	0x20,0x77,0x00,0x90,0x00,0x90,0x1a,0x91,0x00,0x00,0x40,0xb9,0x1f,0x08,0x00,0x71,
	0xa0,0x02,0x00,0x54,0x1f,0x0c,0x00,0x71,0x80,0x0d,0x00,0x54,0x1f,0x04,0x00,0x71,
	0xe1,0x15,0x00,0x54,0xe0,0x75,0x00,0xf0,0x00,0x90,0x01,0x91,0x1f,0x00,0x00,0x79,
	0xe0,0x75,0x00,0xf0,0x00,0x90,0x01,0x91,0x01,0x00,0x40,0x79,0xe0,0x75,0x00,0xf0,
	0x00,0x88,0x01,0x91,0x01,0x00,0x00,0x79,0xe0,0x75,0x00,0xf0,0x00,0x88,0x01,0x91,
	0x01,0x00,0x40,0x79,0xe0,0x75,0x00,0xf0,0x00,0x80,0x01,0x91,0x01,0x00,0x00,0x79,
	0xaf,0x00,0x00,0x14,0xe0,0x75,0x00,0xf0,0x00,0xb0,0x01,0x91,0x01,0x00,0x40,0x79,
	0xe0,0x75,0x00,0xf0,0x00,0x90,0x01,0x91,0x01,0x00,0x00,0x79,0xe0,0x75,0x00,0xf0,
	0x00,0x80,0x01,0x91,0x00,0x00,0x40,0x79,0x1f,0x00,0x00,0x71,0x81,0x03,0x00,0x54,
	0xe0,0x75,0x00,0xf0,0x00,0x90,0x01,0x91,0x00,0x00,0x40,0x79,0x1f,0x90,0x01,0x71,
	0xc9,0x00,0x00,0x54,0xe0,0x75,0x00,0xf0,0x00,0x88,0x01,0x91,0x81,0x0c,0x80,0x52,
	0x01,0x00,0x00,0x79,0x3e,0x00,0x00,0x14,0xe0,0x75,0x00,0xf0,0x00,0x90,0x01,0x91,
	0x00,0x00,0x40,0x79,0x1f,0xc4,0x00,0x71,0xc8,0x00,0x00,0x54,0xe0,0x75,0x00,0xf0,
	0x00,0x88,0x01,0x91,0x41,0x06,0x80,0x52,0x01,0x00,0x00,0x79,0x34,0x00,0x00,0x14,
	0xe0,0x75,0x00,0xf0,0x00,0x90,0x01,0x91,0x01,0x00,0x40,0x79,0xe0,0x75,0x00,0xf0,
	0x00,0x88,0x01,0x91,0x01,0x00,0x00,0x79,0x2d,0x00,0x00,0x14,0xe0,0x75,0x00,0xf0,
	0x00,0x88,0x01,0x91,0x00,0x00,0x40,0x79,0xe1,0x03,0x00,0x2a,0xe0,0x75,0x00,0xf0,
	0x00,0x90,0x01,0x91,0x00,0x00,0x40,0x79,0x00,0x10,0x00,0x11,0x3f,0x00,0x00,0x6b,
	0x4d,0x01,0x00,0x54,0xe0,0x75,0x00,0xf0,0x00,0x88,0x01,0x91,0x00,0x00,0x40,0x79,
	0x00,0x10,0x00,0x51,0x01,0x3c,0x00,0x12,0xe0,0x75,0x00,0xf0,0x00,0x88,0x01,0x91,
	0x01,0x00,0x00,0x79,0x1a,0x00,0x00,0x14,0xe0,0x75,0x00,0xf0,0x00,0x88,0x01,0x91,
	0x00,0x00,0x40,0x79,0xe1,0x03,0x00,0x2a,0xe0,0x75,0x00,0xf0,0x00,0x90,0x01,0x91,
	0x00,0x00,0x40,0x79,0x00,0x10,0x00,0x51,0x3f,0x00,0x00,0x6b,0x4a,0x01,0x00,0x54,
	0xe0,0x75,0x00,0xf0,0x00,0x88,0x01,0x91,0x00,0x00,0x40,0x79,0x00,0x10,0x00,0x11,
	0x01,0x3c,0x00,0x12,0xe0,0x75,0x00,0xf0,0x00,0x88,0x01,0x91,0x01,0x00,0x00,0x79,
	0x07,0x00,0x00,0x14,0xe0,0x75,0x00,0xf0,0x00,0x90,0x01,0x91,0x01,0x00,0x40,0x79,
	0xe0,0x75,0x00,0xf0,0x00,0x88,0x01,0x91,0x01,0x00,0x00,0x79,0xe0,0x75,0x00,0xf0,
	0x00,0x88,0x01,0x91,0x01,0x00,0x40,0x79,0xe0,0x75,0x00,0xf0,0x00,0x80,0x01,0x91,
	0x01,0x00,0x00,0x79,0x56,0x00,0x00,0x14,0xe0,0x75,0x00,0xf0,0x00,0xb8,0x01,0x91,
	0x01,0x00,0x40,0x79,0xe0,0x75,0x00,0xf0,0x00,0x90,0x01,0x91,0x01,0x00,0x00,0x79,
	0xe0,0x75,0x00,0xf0,0x00,0x80,0x01,0x91,0x00,0x00,0x40,0x79,0x1f,0x00,0x00,0x71,
	0x01,0x01,0x00,0x54,0xe0,0x75,0x00,0xf0,0x00,0x90,0x01,0x91,0x01,0x00,0x40,0x79,
	0xe0,0x75,0x00,0xf0,0x00,0x88,0x01,0x91,0x01,0x00,0x00,0x79,0x2d,0x00,0x00,0x14,
	0xe0,0x75,0x00,0xf0,0x00,0x88,0x01,0x91,0x00,0x00,0x40,0x79,0xe1,0x03,0x00,0x2a,
	0xe0,0x75,0x00,0xf0,0x00,0x90,0x01,0x91,0x00,0x00,0x40,0x79,0x00,0x14,0x00,0x11,
	0x3f,0x00,0x00,0x6b,0x4d,0x01,0x00,0x54,0xe0,0x75,0x00,0xf0,0x00,0x88,0x01,0x91,
	0x00,0x00,0x40,0x79,0x00,0x14,0x00,0x51,0x01,0x3c,0x00,0x12,0xe0,0x75,0x00,0xf0,
	0x00,0x88,0x01,0x91,0x01,0x00,0x00,0x79,0x1a,0x00,0x00,0x14,0xe0,0x75,0x00,0xf0,
	0x00,0x88,0x01,0x91,0x00,0x00,0x40,0x79,0xe1,0x03,0x00,0x2a,0xe0,0x75,0x00,0xf0,
	0x00,0x90,0x01,0x91,0x00,0x00,0x40,0x79,0x00,0x14,0x00,0x51,0x3f,0x00,0x00,0x6b,
	0x4a,0x01,0x00,0x54,0xe0,0x75,0x00,0xf0,0x00,0x88,0x01,0x91,0x00,0x00,0x40,0x79,
	0x00,0x14,0x00,0x11,0x01,0x3c,0x00,0x12,0xe0,0x75,0x00,0xf0,0x00,0x88,0x01,0x91,
	0x01,0x00,0x00,0x79,0x07,0x00,0x00,0x14,0xe0,0x75,0x00,0xf0,0x00,0x90,0x01,0x91,
	0x01,0x00,0x40,0x79,0xe0,0x75,0x00,0xf0,0x00,0x88,0x01,0x91,0x01,0x00,0x00,0x79,
	0xe0,0x75,0x00,0xf0,0x00,0x88,0x01,0x91,0x01,0x00,0x40,0x79,0xe0,0x75,0x00,0xf0,
	0x00,0x80,0x01,0x91,0x01,0x00,0x00,0x79,0x11,0x00,0x00,0x14,0xe0,0x75,0x00,0xf0,
	0x00,0x90,0x01,0x91,0x1f,0x00,0x00,0x79,0xe0,0x75,0x00,0xf0,0x00,0x90,0x01,0x91,
	0x01,0x00,0x40,0x79,0xe0,0x75,0x00,0xf0,0x00,0x88,0x01,0x91,0x01,0x00,0x00,0x79,
	0xe0,0x75,0x00,0xf0,0x00,0x88,0x01,0x91,0x01,0x00,0x40,0x79,0xe0,0x75,0x00,0xf0,
	0x00,0x80,0x01,0x91,0x01,0x00,0x00,0x79,0x1f,0x20,0x03,0xd5,0x20,0x77,0x00,0x90,
	0x00,0x90,0x1a,0x91,0x01,0x00,0x40,0xb9,0x20,0x77,0x00,0x90,0x00,0x90,0x19,0x91,
	0x01,0x00,0x00,0xb9,0xef,0x01,0x00,0x14,0xe0,0x75,0x00,0x90,0x00,0x60,0x2b,0x91,
	0x00,0x00,0x40,0x79,0x00,0x1c,0x00,0x12,0x00,0x00,0x00,0x12,0xe0,0x77,0x00,0x39,
	0xe0,0x77,0x40,0x39,0x1f,0x04,0x00,0x71,0xa1,0x24,0x00,0x54,0x20,0x77,0x00,0x90,
	0x00,0x90,0x1a,0x91,0x00,0x00,0x40,0xb9,0x1f,0x08,0x00,0x71,0xa0,0x02,0x00,0x54,
	0x1f,0x0c,0x00,0x71,0x20,0x11,0x00,0x54,0x1f,0x04,0x00,0x71,0x61,0x21,0x00,0x54,
	0xe0,0x75,0x00,0xf0,0x00,0x90,0x01,0x91,0x1f,0x00,0x00,0x79,0xe0,0x75,0x00,0xf0,
	0x00,0x90,0x01,0x91,0x01,0x00,0x40,0x79,0xe0,0x75,0x00,0xf0,0x00,0x88,0x01,0x91,
	0x01,0x00,0x00,0x79,0xe0,0x75,0x00,0xf0,0x00,0x88,0x01,0x91,0x01,0x00,0x40,0x79,
	0xe0,0x75,0x00,0xf0,0x00,0x80,0x01,0x91,0x01,0x00,0x00,0x79,0xcd,0x01,0x00,0x14,
	0xe0,0x75,0x00,0xf0,0x00,0xb0,0x01,0x91,0x01,0x00,0x40,0x79,0xe0,0x75,0x00,0xf0,
	0x00,0x90,0x01,0x91,0x01,0x00,0x00,0x79,0xe0,0x75,0x00,0xf0,0x00,0x88,0x01,0x91,
	0x01,0x00,0x40,0x79,0xe0,0x75,0x00,0xf0,0x00,0x90,0x01,0x91,0x00,0x00,0x40,0x79,
	0x3f,0x00,0x00,0x6b,0xc1,0x04,0x00,0x54,0xe2,0x0f,0x40,0xb9,0x60,0x55,0x95,0x52,
	0x40,0x55,0xb5,0x72,0x40,0x7c,0xa0,0x9b,0x00,0xfc,0x60,0xd3,0x01,0x7c,0x01,0x53,
	0xe0,0x03,0x01,0x2a,0x00,0x78,0x1f,0x53,0x00,0x00,0x01,0x0b,0x41,0x00,0x00,0x4b,
	0xe0,0x03,0x01,0x2a,0xe0,0x73,0x00,0x39,0xe0,0x73,0x40,0x39,0x1f,0x04,0x00,0x71,
	0x69,0x01,0x00,0x54,0xe0,0x75,0x00,0xd0,0x00,0x88,0x01,0x91,0x01,0x00,0x40,0x79,
	0xe0,0x73,0x40,0x39,0x00,0x3c,0x00,0x12,0x20,0x00,0x00,0x4b,0x00,0x3c,0x00,0x12,
	0x00,0x04,0x00,0x11,0xe0,0x3f,0x00,0x79,0x08,0x00,0x00,0x14,0xe0,0x73,0x40,0x39,
	0x01,0x3c,0x00,0x12,0xe0,0x75,0x00,0xd0,0x00,0x88,0x01,0x91,0x00,0x00,0x40,0x79,
	0x20,0x00,0x00,0x0b,0xe0,0x3f,0x00,0x79,0xe0,0x75,0x00,0xd0,0x00,0x80,0x01,0x91,
	0xe1,0x3f,0x40,0x79,0x01,0x00,0x00,0x79,0x9a,0x01,0x00,0x14,0xe0,0x75,0x00,0xd0,
	0x00,0x88,0x01,0x91,0x00,0x00,0x40,0x79,0xe1,0x03,0x00,0x2a,0xe0,0x75,0x00,0xd0,
	0x00,0x90,0x01,0x91,0x00,0x00,0x40,0x79,0x00,0x10,0x00,0x11,0x3f,0x00,0x00,0x6b,
	0x4d,0x01,0x00,0x54,0xe0,0x75,0x00,0xd0,0x00,0x88,0x01,0x91,0x00,0x00,0x40,0x79,
	0x00,0x0c,0x00,0x51,0x01,0x3c,0x00,0x12,0xe0,0x75,0x00,0xd0,0x00,0x88,0x01,0x91,
	0x01,0x00,0x00,0x79,0x2a,0x00,0x00,0x14,0xe0,0x75,0x00,0xd0,0x00,0x88,0x01,0x91,
	0x00,0x00,0x40,0x79,0xe1,0x03,0x00,0x2a,0xe0,0x75,0x00,0xd0,0x00,0x90,0x01,0x91,
	0x00,0x00,0x40,0x79,0x00,0x10,0x00,0x51,0x3f,0x00,0x00,0x6b,0x4a,0x01,0x00,0x54,
	0xe0,0x75,0x00,0xd0,0x00,0x88,0x01,0x91,0x00,0x00,0x40,0x79,0x00,0x0c,0x00,0x11,
	0x01,0x3c,0x00,0x12,0xe0,0x75,0x00,0xd0,0x00,0x88,0x01,0x91,0x01,0x00,0x00,0x79,
	0x17,0x00,0x00,0x14,0xe0,0x75,0x00,0xd0,0x00,0x88,0x01,0x91,0x01,0x00,0x40,0x79,
	0xe0,0x75,0x00,0xd0,0x00,0x90,0x01,0x91,0x00,0x00,0x40,0x79,0x3f,0x00,0x00,0x6b,
	0xe9,0x00,0x00,0x54,0xe0,0x75,0x00,0xd0,0x00,0x88,0x01,0x91,0x00,0x00,0x40,0x79,
	0x00,0x04,0x00,0x51,0x00,0x3c,0x00,0x12,0x06,0x00,0x00,0x14,0xe0,0x75,0x00,0xd0,
	0x00,0x88,0x01,0x91,0x00,0x00,0x40,0x79,0x00,0x04,0x00,0x11,0x00,0x3c,0x00,0x12,
	0xe1,0x75,0x00,0xd0,0x21,0x88,0x01,0x91,0x20,0x00,0x00,0x79,0xe0,0x75,0x00,0xd0,
	0x00,0x88,0x01,0x91,0x01,0x00,0x40,0x79,0xe0,0x75,0x00,0xd0,0x00,0x80,0x01,0x91,
	0x01,0x00,0x00,0x79,0x57,0x01,0x00,0x14,0xe0,0x75,0x00,0xd0,0x00,0xb8,0x01,0x91,
	0x01,0x00,0x40,0x79,0xe0,0x75,0x00,0xd0,0x00,0x90,0x01,0x91,0x01,0x00,0x00,0x79,
	0xe0,0x75,0x00,0xd0,0x00,0x88,0x01,0x91,0x01,0x00,0x40,0x79,0xe0,0x75,0x00,0xd0,
	0x00,0x90,0x01,0x91,0x00,0x00,0x40,0x79,0x3f,0x00,0x00,0x6b,0xc1,0x04,0x00,0x54,
	0xe2,0x0f,0x40,0xb9,0xa0,0x99,0x99,0x52,0x80,0x99,0xb9,0x72,0x40,0x7c,0xa0,0x9b,
	0x00,0xfc,0x60,0xd3,0x01,0x7c,0x02,0x53,0xe0,0x03,0x01,0x2a,0x00,0x74,0x1e,0x53,
	0x00,0x00,0x01,0x0b,0x41,0x00,0x00,0x4b,0xe0,0x03,0x01,0x2a,0xe0,0x73,0x00,0x39,
	0xe0,0x73,0x40,0x39,0x1f,0x08,0x00,0x71,0x69,0x01,0x00,0x54,0xe0,0x75,0x00,0xd0,
	0x00,0x88,0x01,0x91,0x01,0x00,0x40,0x79,0xe0,0x73,0x40,0x39,0x00,0x3c,0x00,0x12,
	0x20,0x00,0x00,0x4b,0x00,0x3c,0x00,0x12,0x00,0x08,0x00,0x11,0xe0,0x3f,0x00,0x79,
	0x08,0x00,0x00,0x14,0xe0,0x73,0x40,0x39,0x01,0x3c,0x00,0x12,0xe0,0x75,0x00,0xd0,
	0x00,0x88,0x01,0x91,0x00,0x00,0x40,0x79,0x20,0x00,0x00,0x0b,0xe0,0x3f,0x00,0x79,
	0xe0,0x75,0x00,0xd0,0x00,0x80,0x01,0x91,0xe1,0x3f,0x40,0x79,0x01,0x00,0x00,0x79,
	0x24,0x01,0x00,0x14,0xe0,0x75,0x00,0xd0,0x00,0x88,0x01,0x91,0x00,0x00,0x40,0x79,
	0xe1,0x03,0x00,0x2a,0xe0,0x75,0x00,0xd0,0x00,0x90,0x01,0x91,0x00,0x00,0x40,0x79,
	0x00,0x14,0x00,0x11,0x3f,0x00,0x00,0x6b,0x0d,0x03,0x00,0x54,0xe0,0x75,0x00,0xd0,
	0x00,0x90,0x01,0x91,0x00,0x00,0x40,0x79,0x1f,0xcc,0x01,0x71,0x49,0x01,0x00,0x54,
	0xe0,0x75,0x00,0xd0,0x00,0x88,0x01,0x91,0x00,0x00,0x40,0x79,0x00,0x10,0x00,0x51,
	0x01,0x3c,0x00,0x12,0xe0,0x75,0x00,0xd0,0x00,0x88,0x01,0x91,0x01,0x00,0x00,0x79,
	0x33,0x00,0x00,0x14,0xe0,0x75,0x00,0xd0,0x00,0x88,0x01,0x91,0x00,0x00,0x40,0x79,
	0x00,0x08,0x00,0x51,0x01,0x3c,0x00,0x12,0xe0,0x75,0x00,0xd0,0x00,0x88,0x01,0x91,
	0x01,0x00,0x00,0x79,0x2a,0x00,0x00,0x14,0xe0,0x75,0x00,0xd0,0x00,0x88,0x01,0x91,
	0x00,0x00,0x40,0x79,0xe1,0x03,0x00,0x2a,0xe0,0x75,0x00,0xd0,0x00,0x90,0x01,0x91,
	0x00,0x00,0x40,0x79,0x00,0x14,0x00,0x51,0x3f,0x00,0x00,0x6b,0x4a,0x01,0x00,0x54,
	0xe0,0x75,0x00,0xd0,0x00,0x88,0x01,0x91,0x00,0x00,0x40,0x79,0x00,0x10,0x00,0x11,
	0x01,0x3c,0x00,0x12,0xe0,0x75,0x00,0xd0,0x00,0x88,0x01,0x91,0x01,0x00,0x00,0x79,
	0x17,0x00,0x00,0x14,0xe0,0x75,0x00,0xd0,0x00,0x88,0x01,0x91,0x01,0x00,0x40,0x79,
	0xe0,0x75,0x00,0xd0,0x00,0x90,0x01,0x91,0x00,0x00,0x40,0x79,0x3f,0x00,0x00,0x6b,
	0xe9,0x00,0x00,0x54,0xe0,0x75,0x00,0xd0,0x00,0x88,0x01,0x91,0x00,0x00,0x40,0x79,
	0x00,0x08,0x00,0x51,0x00,0x3c,0x00,0x12,0x06,0x00,0x00,0x14,0xe0,0x75,0x00,0xd0,
	0x00,0x88,0x01,0x91,0x00,0x00,0x40,0x79,0x00,0x08,0x00,0x11,0x00,0x3c,0x00,0x12,
	0xe1,0x75,0x00,0xd0,0x21,0x88,0x01,0x91,0x20,0x00,0x00,0x79,0xe0,0x75,0x00,0xd0,
	0x00,0x88,0x01,0x91,0x01,0x00,0x40,0x79,0xe0,0x75,0x00,0xd0,0x00,0x80,0x01,0x91,
	0x01,0x00,0x00,0x79,0xd3,0x00,0x00,0x14,0xe0,0x75,0x00,0xd0,0x00,0x90,0x01,0x91,
	0x1f,0x00,0x00,0x79,0xe0,0x75,0x00,0xd0,0x00,0x90,0x01,0x91,0x01,0x00,0x40,0x79,
	0xe0,0x75,0x00,0xd0,0x00,0x88,0x01,0x91,0x01,0x00,0x00,0x79,0xe0,0x75,0x00,0xd0,
	0x00,0x88,0x01,0x91,0x01,0x00,0x40,0x79,0xe0,0x75,0x00,0xd0,0x00,0x80,0x01,0x91,
	0x01,0x00,0x00,0x79,0x1f,0x20,0x03,0xd5,0xc2,0x00,0x00,0x14,0xe0,0x75,0x00,0xd0,
	0x00,0x90,0x01,0x91,0x00,0x00,0x40,0x79,0xe1,0x03,0x00,0x2a,0xe0,0x75,0x00,0xd0,
	0x00,0x88,0x01,0x91,0x00,0x00,0x40,0x79,0x00,0x04,0x00,0x11,0x3f,0x00,0x00,0x6b,
	0x6c,0x01,0x00,0x54,0xe0,0x75,0x00,0xd0,0x00,0x90,0x01,0x91,0x00,0x00,0x40,0x79,
	0xe1,0x03,0x00,0x2a,0xe0,0x75,0x00,0xd0,0x00,0x88,0x01,0x91,0x00,0x00,0x40,0x79,
	0x00,0x04,0x00,0x51,0x3f,0x00,0x00,0x6b,0xca,0x15,0x00,0x54,0x00,0x77,0x00,0xf0,
	0x00,0x90,0x1a,0x91,0x00,0x00,0x40,0xb9,0x1f,0x08,0x00,0x71,0x81,0x08,0x00,0x54,
	0xe0,0x75,0x00,0xd0,0x00,0x88,0x01,0x91,0x00,0x00,0x40,0x79,0xe1,0x03,0x00,0x2a,
	0xe0,0x75,0x00,0xd0,0x00,0x90,0x01,0x91,0x00,0x00,0x40,0x79,0x00,0x14,0x00,0x11,
	0x3f,0x00,0x00,0x6b,0x4b,0x01,0x00,0x54,0xe0,0x75,0x00,0xd0,0x00,0x88,0x01,0x91,
	0x00,0x00,0x40,0x79,0x00,0x0c,0x00,0x51,0x01,0x3c,0x00,0x12,0xe0,0x75,0x00,0xd0,
	0x00,0x88,0x01,0x91,0x01,0x00,0x00,0x79,0x2a,0x00,0x00,0x14,0xe0,0x75,0x00,0xd0,
	0x00,0x88,0x01,0x91,0x00,0x00,0x40,0x79,0xe1,0x03,0x00,0x2a,0xe0,0x75,0x00,0xd0,
	0x00,0x90,0x01,0x91,0x00,0x00,0x40,0x79,0x00,0x14,0x00,0x51,0x3f,0x00,0x00,0x6b,
	0x4c,0x01,0x00,0x54,0xe0,0x75,0x00,0xd0,0x00,0x88,0x01,0x91,0x00,0x00,0x40,0x79,
	0x00,0x0c,0x00,0x11,0x01,0x3c,0x00,0x12,0xe0,0x75,0x00,0xd0,0x00,0x88,0x01,0x91,
	0x01,0x00,0x00,0x79,0x17,0x00,0x00,0x14,0xe0,0x75,0x00,0xd0,0x00,0x88,0x01,0x91,
	0x01,0x00,0x40,0x79,0xe0,0x75,0x00,0xd0,0x00,0x90,0x01,0x91,0x00,0x00,0x40,0x79,
	0x3f,0x00,0x00,0x6b,0xe9,0x00,0x00,0x54,0xe0,0x75,0x00,0xd0,0x00,0x88,0x01,0x91,
	0x00,0x00,0x40,0x79,0x00,0x04,0x00,0x51,0x00,0x3c,0x00,0x12,0x06,0x00,0x00,0x14,
	0xe0,0x75,0x00,0xd0,0x00,0x88,0x01,0x91,0x00,0x00,0x40,0x79,0x00,0x04,0x00,0x11,
	0x00,0x3c,0x00,0x12,0xe1,0x75,0x00,0xd0,0x21,0x88,0x01,0x91,0x20,0x00,0x00,0x79,
	0xe0,0x75,0x00,0xd0,0x00,0x88,0x01,0x91,0x01,0x00,0x40,0x79,0xe0,0x75,0x00,0xd0,
	0x00,0x80,0x01,0x91,0x01,0x00,0x00,0x79,0x66,0x00,0x00,0x14,0x00,0x77,0x00,0xf0,
	0x00,0x90,0x1a,0x91,0x00,0x00,0x40,0xb9,0x1f,0x0c,0x00,0x71,0x21,0x0c,0x00,0x54,
	0xe0,0x75,0x00,0xd0,0x00,0x88,0x01,0x91,0x00,0x00,0x40,0x79,0xe1,0x03,0x00,0x2a,
	0xe0,0x75,0x00,0xd0,0x00,0x90,0x01,0x91,0x00,0x00,0x40,0x79,0x00,0x18,0x00,0x11,
	0x3f,0x00,0x00,0x6b,0x0b,0x03,0x00,0x54,0xe0,0x75,0x00,0xd0,0x00,0x90,0x01,0x91,
	0x00,0x00,0x40,0x79,0x1f,0xcc,0x01,0x71,0x49,0x01,0x00,0x54,0xe0,0x75,0x00,0xd0,
	0x00,0x88,0x01,0x91,0x00,0x00,0x40,0x79,0x00,0x10,0x00,0x51,0x01,0x3c,0x00,0x12,
	0xe0,0x75,0x00,0xd0,0x00,0x88,0x01,0x91,0x01,0x00,0x00,0x79,0x33,0x00,0x00,0x14,
	0xe0,0x75,0x00,0xd0,0x00,0x88,0x01,0x91,0x00,0x00,0x40,0x79,0x00,0x08,0x00,0x51,
	0x01,0x3c,0x00,0x12,0xe0,0x75,0x00,0xd0,0x00,0x88,0x01,0x91,0x01,0x00,0x00,0x79,
	0x2a,0x00,0x00,0x14,0xe0,0x75,0x00,0xd0,0x00,0x88,0x01,0x91,0x00,0x00,0x40,0x79,
	0xe1,0x03,0x00,0x2a,0xe0,0x75,0x00,0xd0,0x00,0x90,0x01,0x91,0x00,0x00,0x40,0x79,
	0x00,0x18,0x00,0x51,0x3f,0x00,0x00,0x6b,0x4c,0x01,0x00,0x54,0xe0,0x75,0x00,0xd0,
	0x00,0x88,0x01,0x91,0x00,0x00,0x40,0x79,0x00,0x10,0x00,0x11,0x01,0x3c,0x00,0x12,
	0xe0,0x75,0x00,0xd0,0x00,0x88,0x01,0x91,0x01,0x00,0x00,0x79,0x17,0x00,0x00,0x14,
	0xe0,0x75,0x00,0xd0,0x00,0x88,0x01,0x91,0x01,0x00,0x40,0x79,0xe0,0x75,0x00,0xd0,
	0x00,0x90,0x01,0x91,0x00,0x00,0x40,0x79,0x3f,0x00,0x00,0x6b,0xe9,0x00,0x00,0x54,
	0xe0,0x75,0x00,0xd0,0x00,0x88,0x01,0x91,0x00,0x00,0x40,0x79,0x00,0x08,0x00,0x51,
	0x00,0x3c,0x00,0x12,0x06,0x00,0x00,0x14,0xe0,0x75,0x00,0xd0,0x00,0x88,0x01,0x91,
	0x00,0x00,0x40,0x79,0x00,0x08,0x00,0x11,0x00,0x3c,0x00,0x12,0xe1,0x75,0x00,0xd0,
	0x21,0x88,0x01,0x91,0x20,0x00,0x00,0x79,0xe0,0x75,0x00,0xd0,0x00,0x88,0x01,0x91,
	0x01,0x00,0x40,0x79,0xe0,0x75,0x00,0xd0,0x00,0x80,0x01,0x91,0x01,0x00,0x00,0x79,
	0x10,0x00,0x00,0x14,0xe0,0x75,0x00,0xd0,0x00,0x90,0x01,0x91,0x1f,0x00,0x00,0x79,
	0xe0,0x75,0x00,0xd0,0x00,0x90,0x01,0x91,0x01,0x00,0x40,0x79,0xe0,0x75,0x00,0xd0,
	0x00,0x88,0x01,0x91,0x01,0x00,0x00,0x79,0xe0,0x75,0x00,0xd0,0x00,0x88,0x01,0x91,
	0x01,0x00,0x40,0x79,0xe0,0x75,0x00,0xd0,0x00,0x80,0x01,0x91,0x01,0x00,0x00,0x79,
	0x00,0x77,0x00,0xf0,0x00,0x90,0x1a,0x91,0x00,0x00,0x40,0xb9,0x1f,0x04,0x00,0x71,
	0xa1,0x00,0x00,0x54,0xe0,0x75,0x00,0xd0,0x00,0x80,0x01,0x91,0x1f,0x00,0x00,0x79,
	0x10,0x00,0x00,0x14,0xc0,0x75,0x00,0xf0,0x00,0xa8,0x2b,0x91,0x00,0x00,0x40,0x39,
	0x1f,0x00,0x00,0x71,0xa1,0x00,0x00,0x54,0xe0,0x75,0x00,0xd0,0x00,0x80,0x01,0x91,
	0x1f,0x00,0x00,0x79,0x07,0x00,0x00,0x14,0xe0,0x75,0x00,0xd0,0x00,0x80,0x01,0x91,
	0x01,0x00,0x40,0x79,0xe0,0x75,0x00,0xd0,0x00,0x70,0x02,0x91,0x01,0x00,0x00,0x79,
	0xe0,0x75,0x00,0xd0,0x00,0x80,0x01,0x91,0x00,0x00,0x40,0x79,0xff,0x83,0x00,0x91,
	0xc0,0x03,0x5f,0xd6,0x00,0x77,0x00,0xf0,0x00,0xd0,0x19,0x91,0x1f,0x00,0x00,0x39,
	0x00,0x77,0x00,0xf0,0x00,0xf0,0x19,0x91,0x1f,0x00,0x00,0x39,0xe0,0x75,0x00,0xd0,
	0x00,0x10,0x04,0x91,0x1f,0x00,0x00,0x39,0x1f,0x20,0x03,0xd5,0xc0,0x03,0x5f,0xd6,
	0xff,0x83,0x00,0xd1,0xe0,0x3f,0x00,0x39,0xe1,0x03,0x00,0xf9,0x40,0x00,0x80,0x52,
	0xe0,0x7f,0x00,0x39,0xe0,0x7f,0x40,0x39,0xff,0x83,0x00,0x91,0xc0,0x03,0x5f,0xd6,
	0xff,0x43,0x00,0xd1,0xe0,0x3f,0x00,0x39,0x00,0x77,0x00,0xf0,0x00,0x90,0x1a,0x91,
	0x00,0x00,0x40,0xb9,0x1f,0x04,0x00,0x71,0xc1,0x00,0x00,0x54,0x00,0x77,0x00,0xf0,
	0x00,0x90,0x1a,0x91,0x21,0x00,0x80,0x52,0x01,0x00,0x00,0xb9,0x1e,0x00,0x00,0x14,
	0xe0,0x3f,0x40,0x39,0x1f,0x0c,0x00,0x71,0xe0,0x00,0x00,0x54,0xe0,0x3f,0x40,0x39,
	0x1f,0x10,0x00,0x71,0x80,0x00,0x00,0x54,0xe0,0x3f,0x40,0x39,0x1f,0x14,0x00,0x71,
	0x61,0x01,0x00,0x54,0xc0,0x75,0x00,0xf0,0x00,0x60,0x2b,0x91,0x00,0x00,0x40,0x79,
	0x1f,0x2c,0x00,0x71,0xc9,0x00,0x00,0x54,0x00,0x77,0x00,0xf0,0x00,0x90,0x1a,0x91,
	0x61,0x00,0x80,0x52,0x01,0x00,0x00,0xb9,0x0b,0x00,0x00,0x14,0xe0,0x3f,0x40,0x39,
	0x1f,0x08,0x00,0x71,0x80,0x00,0x00,0x54,0xe0,0x3f,0x40,0x39,0x1f,0x00,0x00,0x71,
	0xa1,0x00,0x00,0x54,0x00,0x77,0x00,0xf0,0x00,0x90,0x1a,0x91,0x41,0x00,0x80,0x52,
	0x01,0x00,0x00,0xb9,0x1f,0x20,0x03,0xd5,0xff,0x43,0x00,0x91,0xc0,0x03,0x5f,0xd6,
	0xff,0x03,0x01,0xd1,0xe0,0x0f,0x00,0xf9,0xe1,0x0b,0x00,0xf9,0xe2,0x07,0x00,0xf9,
	0xe3,0x03,0x00,0xf9,0xe0,0x75,0x00,0xd0,0x00,0x60,0x05,0x91,0x00,0x00,0x40,0x79,
	0x1f,0x14,0x00,0x71,0x29,0x16,0x00,0x54,0xe0,0x0f,0x40,0xf9,0x00,0x00,0x40,0xb9,
	0x1f,0xe0,0x01,0x71,0x69,0x03,0x00,0x54,0xe0,0x0f,0x40,0xf9,0x00,0x10,0x00,0x91,
	0x01,0x00,0x40,0xb9,0xe0,0x0f,0x40,0xf9,0x00,0x00,0x40,0xb9,0x00,0x7c,0x01,0x53,
	0x20,0x00,0x00,0x4b,0x1f,0x10,0x00,0x31,0x4b,0x02,0x00,0x54,0xe0,0x0f,0x40,0xf9,
	0x00,0x10,0x00,0x91,0x01,0x00,0x40,0xb9,0xe0,0x0f,0x40,0xf9,0x00,0x00,0x40,0xb9,
	0x00,0x7c,0x01,0x53,0x20,0x00,0x00,0x4b,0x1f,0x10,0x00,0x71,0x2c,0x01,0x00,0x54,
	0xe0,0x0f,0x40,0xf9,0x00,0x10,0x00,0x91,0x00,0x00,0x40,0xb9,0xe0,0x73,0x00,0x79,
	0xe0,0x0f,0x40,0xf9,0x00,0x14,0x40,0xb9,0xe0,0x2f,0x00,0xb9,0x07,0x00,0x00,0x14,
	0xe0,0x0f,0x40,0xf9,0x00,0x00,0x40,0xb9,0xe0,0x73,0x00,0x79,0xe0,0x0f,0x40,0xf9,
	0x00,0x10,0x40,0xb9,0xe0,0x2f,0x00,0xb9,0xe0,0x03,0x40,0xf9,0x00,0xa0,0x00,0x91,
	0xe1,0x2f,0x40,0xb9,0x01,0x00,0x00,0xb9,0xe1,0x73,0x40,0x79,0xe0,0x03,0x40,0xf9,
	0x01,0x00,0x00,0xb9,0xe0,0x0b,0x40,0xf9,0x00,0x00,0x40,0xb9,0x01,0x3c,0x00,0x12,
	0xe0,0x73,0x40,0x79,0x20,0x00,0x00,0x4b,0xe0,0x7b,0x00,0x79,0xe0,0x0b,0x40,0xf9,
	0x00,0x10,0x40,0xb9,0xe0,0x37,0x00,0xb9,0x20,0x00,0x80,0x52,0xe0,0x77,0x00,0x79,
	0x20,0x00,0x80,0x52,0xe0,0xff,0x00,0x39,0x1e,0x00,0x00,0x14,0xe0,0xff,0x40,0x39,
	0x00,0xf4,0x7e,0xd3,0xe1,0x0b,0x40,0xf9,0x20,0x00,0x00,0x8b,0x00,0x00,0x40,0xb9,
	0x01,0x3c,0x00,0x12,0xe0,0x73,0x40,0x79,0x20,0x00,0x00,0x4b,0xe0,0x57,0x00,0x79,
	0xe1,0x57,0x40,0x79,0xe0,0x7b,0x40,0x79,0x3f,0x00,0x00,0x6b,0xc2,0x01,0x00,0x54,
	0xe0,0x57,0x40,0x79,0xe0,0x7b,0x00,0x79,0xe0,0xff,0x40,0x39,0x00,0x10,0x00,0x91,
	0x00,0xf4,0x7e,0xd3,0xe1,0x0b,0x40,0xf9,0x20,0x00,0x00,0x8b,0x00,0x00,0x40,0xb9,
	0xe0,0x37,0x00,0xb9,0xe0,0xff,0x40,0x39,0x00,0x3c,0x00,0x12,0x00,0x04,0x00,0x11,
	0xe0,0x77,0x00,0x79,0xe0,0xff,0x40,0x39,0x00,0x04,0x00,0x11,0xe0,0xff,0x00,0x39,
	0xe0,0xff,0x40,0x39,0x1f,0x0c,0x00,0x71,0x29,0xfc,0xff,0x54,0xe0,0x7b,0x40,0x79,
	0x1f,0x18,0x00,0x71,0xc9,0x00,0x00,0x54,0xe0,0x03,0x40,0xf9,0x00,0xb0,0x00,0x91,
	0x1f,0x00,0x00,0xb9,0xff,0x77,0x00,0x79,0x05,0x00,0x00,0x14,0xe0,0x03,0x40,0xf9,
	0x00,0xb0,0x00,0x91,0xe1,0x37,0x40,0xb9,0x01,0x00,0x00,0xb9,0xe0,0x03,0x40,0xf9,
	0x02,0x90,0x00,0x91,0xe1,0x77,0x40,0x79,0xe0,0x03,0x01,0x2a,0x00,0x74,0x1e,0x53,
	0x00,0x00,0x01,0x0b,0x00,0x78,0x1f,0x53,0x40,0x00,0x00,0xb9,0xe0,0x07,0x40,0xf9,
	0x00,0x00,0x40,0xb9,0x01,0x3c,0x00,0x12,0xe0,0x73,0x40,0x79,0x20,0x00,0x00,0x4b,
	0xe0,0x7b,0x00,0x79,0xe0,0x07,0x40,0xf9,0x00,0x10,0x40,0xb9,0xe0,0x33,0x00,0xb9,
	0x20,0x00,0x80,0x52,0xe0,0x77,0x00,0x79,0x20,0x00,0x80,0x52,0xe0,0xff,0x00,0x39,
	0x1e,0x00,0x00,0x14,0xe0,0xff,0x40,0x39,0x00,0xf4,0x7e,0xd3,0xe1,0x07,0x40,0xf9,
	0x20,0x00,0x00,0x8b,0x00,0x00,0x40,0xb9,0x01,0x3c,0x00,0x12,0xe0,0x73,0x40,0x79,
	0x20,0x00,0x00,0x4b,0xe0,0x57,0x00,0x79,0xe1,0x57,0x40,0x79,0xe0,0x7b,0x40,0x79,
	0x3f,0x00,0x00,0x6b,0xc2,0x01,0x00,0x54,0xe0,0x57,0x40,0x79,0xe0,0x7b,0x00,0x79,
	0xe0,0xff,0x40,0x39,0x00,0x10,0x00,0x91,0x00,0xf4,0x7e,0xd3,0xe1,0x07,0x40,0xf9,
	0x20,0x00,0x00,0x8b,0x00,0x00,0x40,0xb9,0xe0,0x33,0x00,0xb9,0xe0,0xff,0x40,0x39,
	0x00,0x3c,0x00,0x12,0x00,0x04,0x00,0x11,0xe0,0x77,0x00,0x79,0xe0,0xff,0x40,0x39,
	0x00,0x04,0x00,0x11,0xe0,0xff,0x00,0x39,0xe0,0xff,0x40,0x39,0x1f,0x0c,0x00,0x71,
	0x29,0xfc,0xff,0x54,0xe0,0x7b,0x40,0x79,0x1f,0x18,0x00,0x71,0xc9,0x00,0x00,0x54,
	0xe0,0x03,0x40,0xf9,0x00,0xc0,0x00,0x91,0x1f,0x00,0x00,0xb9,0xff,0x77,0x00,0x79,
	0x05,0x00,0x00,0x14,0xe0,0x03,0x40,0xf9,0x00,0xc0,0x00,0x91,0xe1,0x33,0x40,0xb9,
	0x01,0x00,0x00,0xb9,0xe0,0x03,0x40,0xf9,0x00,0x90,0x00,0x91,0xe1,0x03,0x40,0xf9,
	0x21,0x90,0x00,0x91,0x22,0x00,0x40,0xb9,0xe1,0x77,0x40,0x79,0x41,0x00,0x01,0x0b,
	0x01,0x00,0x00,0xb9,0x0f,0x00,0x00,0x14,0xe0,0x03,0x40,0xf9,0x1f,0x00,0x00,0xb9,
	0xe0,0x03,0x40,0xf9,0x00,0x90,0x00,0x91,0x1f,0x00,0x00,0xb9,0xe0,0x03,0x40,0xf9,
	0x00,0xa0,0x00,0x91,0x1f,0x00,0x00,0xb9,0xe0,0x03,0x40,0xf9,0x00,0xb0,0x00,0x91,
	0x1f,0x00,0x00,0xb9,0xe0,0x03,0x40,0xf9,0x00,0xc0,0x00,0x91,0x1f,0x00,0x00,0xb9,
	0x1f,0x20,0x03,0xd5,0xff,0x03,0x01,0x91,0xc0,0x03,0x5f,0xd6,0xff,0x03,0x01,0xd1,
	0xe0,0x0f,0x00,0xf9,0xe1,0x0b,0x00,0xf9,0xe2,0x07,0x00,0xf9,0x00,0x77,0x00,0xf0,
	0x00,0x80,0x1a,0x91,0x01,0x00,0x40,0xb9,0x00,0x71,0x82,0x52,0x3f,0x00,0x00,0x6b,
	0xe9,0x01,0x00,0x54,0xc0,0x75,0x00,0xf0,0x00,0x78,0x2b,0x91,0x00,0x00,0x40,0x79,
	0x1f,0x1c,0x00,0x71,0x48,0x01,0x00,0x54,0xc0,0x75,0x00,0xf0,0x00,0x78,0x2b,0x91,
	0x00,0x00,0x40,0x79,0x00,0x10,0x00,0x11,0x01,0x3c,0x00,0x12,0xc0,0x75,0x00,0xf0,
	0x00,0x78,0x2b,0x91,0x01,0x00,0x00,0x79,0x14,0x00,0x00,0x14,0x00,0x77,0x00,0xf0,
	0x00,0x80,0x1a,0x91,0x01,0x00,0x40,0xb9,0xe0,0x70,0x82,0x52,0x3f,0x00,0x00,0x6b,
	0xc8,0x01,0x00,0x54,0xc0,0x75,0x00,0xf0,0x00,0x78,0x2b,0x91,0x00,0x00,0x40,0x79,
	0x1f,0x00,0x00,0x71,0x20,0x01,0x00,0x54,0xc0,0x75,0x00,0xf0,0x00,0x78,0x2b,0x91,
	0x00,0x00,0x40,0x79,0x00,0x04,0x00,0x51,0x01,0x3c,0x00,0x12,0xc0,0x75,0x00,0xf0,
	0x00,0x78,0x2b,0x91,0x01,0x00,0x00,0x79,0xe0,0x75,0x00,0xd0,0x00,0x60,0x05,0x91,
	0x00,0x00,0x40,0x79,0x1f,0x28,0x00,0x71,0x89,0x4b,0x00,0x54,0xc0,0x75,0x00,0xf0,
	0x00,0x40,0x2e,0x91,0x01,0x08,0x40,0xb9,0xc0,0x18,0x94,0x12,0x20,0x7c,0x00,0x1b,
	0x61,0xba,0x89,0x52,0x41,0x0c,0xa2,0x72,0x01,0x7c,0x21,0x9b,0x21,0xfc,0x60,0xd3,
	0x21,0x7c,0x06,0x13,0x00,0x7c,0x1f,0x13,0x21,0x00,0x00,0x4b,0x00,0x3e,0x90,0x52,
	0x20,0x00,0xa0,0x72,0x21,0x00,0x00,0x0b,0xc0,0x75,0x00,0xf0,0x00,0x40,0x2e,0x91,
	0x00,0x0c,0x40,0xb9,0x02,0x74,0x1e,0x53,0xc0,0x75,0x00,0xf0,0x00,0x40,0x2e,0x91,
	0x00,0x10,0x40,0xb9,0x40,0x00,0x00,0x4b,0xe2,0xcc,0x8c,0x52,0xc2,0xcc,0xac,0x72,
	0x02,0x7c,0x22,0x9b,0x42,0xfc,0x60,0xd3,0x42,0x7c,0x02,0x13,0x00,0x7c,0x1f,0x13,
	0x40,0x00,0x00,0x4b,0x21,0x00,0x00,0x0b,0xc0,0x75,0x00,0xf0,0x00,0x40,0x2e,0x91,
	0x00,0x04,0xc0,0x79,0xe2,0x03,0x00,0x2a,0xe0,0x71,0x80,0x52,0x42,0x7c,0x00,0x1b,
	0xc0,0x75,0x00,0xf0,0x00,0x40,0x2e,0x91,0x00,0x08,0xc0,0x79,0xe3,0x03,0x00,0x2a,
	0xa0,0x34,0x80,0x12,0x60,0x7c,0x00,0x1b,0x40,0x00,0x00,0x0b,0xe2,0xcc,0x8c,0x52,
	0xc2,0xcc,0xac,0x72,0x02,0x7c,0x22,0x9b,0x42,0xfc,0x60,0xd3,0x42,0x7c,0x02,0x13,
	0x00,0x7c,0x1f,0x13,0x40,0x00,0x00,0x4b,0x20,0x00,0x00,0x0b,0xe0,0x37,0x00,0xb9,
	0xc0,0x75,0x00,0xf0,0x00,0xa0,0x2e,0x91,0x01,0x00,0x40,0xb9,0x40,0x01,0x95,0x12,
	0x20,0x7c,0x00,0x1b,0x61,0xba,0x89,0x52,0x41,0x0c,0xa2,0x72,0x01,0x7c,0x21,0x9b,
	0x21,0xfc,0x60,0xd3,0x21,0x7c,0x06,0x13,0x00,0x7c,0x1f,0x13,0x21,0x00,0x00,0x4b,
	0x80,0x22,0x9f,0x52,0x20,0x00,0xa0,0x72,0x22,0x00,0x00,0x0b,0xc0,0x75,0x00,0xf0,
	0x00,0x40,0x2e,0x91,0x01,0x0c,0x40,0xb9,0xe0,0x03,0x01,0x2a,0x00,0x78,0x1f,0x53,
	0x01,0x00,0x01,0x0b,0xc0,0x75,0x00,0xf0,0x00,0x40,0x2e,0x91,0x00,0x10,0x40,0xb9,
	0x00,0x78,0x1f,0x53,0x20,0x00,0x00,0x4b,0xe1,0xcc,0x8c,0x52,0xc1,0xcc,0xac,0x72,
	0x01,0x7c,0x21,0x9b,0x21,0xfc,0x60,0xd3,0x21,0x7c,0x02,0x13,0x00,0x7c,0x1f,0x13,
	0x20,0x00,0x00,0x4b,0x41,0x00,0x00,0x0b,0xc0,0x75,0x00,0xf0,0x00,0x40,0x2e,0x91,
	0x00,0x08,0xc0,0x79,0xe2,0x03,0x00,0x2a,0xa0,0x14,0x94,0x52,0xa0,0xff,0xbf,0x72,
	0x42,0x7c,0x00,0x1b,0xc0,0x75,0x00,0xf0,0x00,0x40,0x2e,0x91,0x00,0x04,0xc0,0x79,
	0xe3,0x03,0x00,0x2a,0xe0,0x03,0x03,0x2a,0x00,0x74,0x1e,0x53,0x00,0x00,0x03,0x0b,
	0x00,0x78,0x1f,0x53,0x00,0x04,0x00,0x11,0x40,0x0c,0xc0,0x1a,0x20,0x00,0x00,0x0b,
	0xe0,0x33,0x00,0xb9,0xc0,0x75,0x00,0xf0,0x00,0xa0,0x2e,0x91,0x01,0x00,0x40,0xb9,
	0xc0,0x18,0x94,0x12,0x20,0x7c,0x00,0x1b,0x61,0xba,0x89,0x52,0x41,0x0c,0xa2,0x72,
	0x01,0x7c,0x21,0x9b,0x21,0xfc,0x60,0xd3,0x21,0x7c,0x06,0x13,0x00,0x7c,0x1f,0x13,
	0x21,0x00,0x00,0x4b,0x00,0x3e,0x90,0x52,0x20,0x00,0xa0,0x72,0x21,0x00,0x00,0x0b,
	0xc0,0x75,0x00,0xf0,0x00,0x40,0x2e,0x91,0x00,0x0c,0x40,0xb9,0x02,0x74,0x1e,0x53,
	0xc0,0x75,0x00,0xf0,0x00,0x40,0x2e,0x91,0x00,0x10,0x40,0xb9,0x40,0x00,0x00,0x4b,
	0xe2,0xcc,0x8c,0x52,0xc2,0xcc,0xac,0x72,0x02,0x7c,0x22,0x9b,0x42,0xfc,0x60,0xd3,
	0x42,0x7c,0x02,0x13,0x00,0x7c,0x1f,0x13,0x40,0x00,0x00,0x4b,0x21,0x00,0x00,0x0b,
	0xc0,0x75,0x00,0xf0,0x00,0x40,0x2e,0x91,0x00,0x04,0xc0,0x79,0xe2,0x03,0x00,0x2a,
	0xe0,0x71,0x80,0x52,0x42,0x7c,0x00,0x1b,0xc0,0x75,0x00,0xf0,0x00,0x40,0x2e,0x91,
	0x00,0x08,0xc0,0x79,0xe3,0x03,0x00,0x2a,0xa0,0x34,0x80,0x12,0x60,0x7c,0x00,0x1b,
	0x40,0x00,0x00,0x0b,0xe2,0xcc,0x8c,0x52,0xc2,0xcc,0xac,0x72,0x02,0x7c,0x22,0x9b,
	0x42,0xfc,0x60,0xd3,0x42,0x7c,0x02,0x13,0x00,0x7c,0x1f,0x13,0x40,0x00,0x00,0x4b,
	0x20,0x00,0x00,0x0b,0xe0,0x2f,0x00,0xb9,0xe1,0x33,0x40,0xb9,0xe0,0x2f,0x40,0xb9,
	0x20,0x00,0x00,0x0b,0x00,0xa0,0x0f,0x11,0x61,0xba,0x89,0x52,0x41,0x0c,0xa2,0x72,
	0x01,0x7c,0x21,0x9b,0x21,0xfc,0x60,0xd3,0x21,0x7c,0x07,0x13,0x00,0x7c,0x1f,0x13,
	0x20,0x00,0x00,0x4b,0xe0,0xaf,0x00,0x39,0xc0,0x75,0x00,0xf0,0x00,0xa0,0x2e,0x91,
	0x01,0x00,0x40,0xb9,0xc0,0x75,0x00,0xf0,0x00,0x40,0x2e,0x91,0x00,0x08,0x40,0xb9,
	0x20,0x00,0x00,0x4b,0x1f,0x00,0x00,0x71,0x01,0xa4,0x80,0x5a,0x80,0x0c,0x80,0x52,
	0x21,0x7c,0x00,0x1b,0xc0,0x75,0x00,0xf0,0x00,0xa0,0x2e,0x91,0x00,0x00,0x40,0xb9,
	0x00,0x04,0x00,0x11,0x20,0x0c,0xc0,0x1a,0xe0,0x53,0x00,0x79,0xc0,0x75,0x00,0xf0,
	0x00,0xa0,0x2e,0x91,0x00,0x00,0x40,0xb9,0x01,0x77,0x00,0xf0,0x21,0xf0,0x1a,0x91,
	0x22,0x00,0x40,0xb9,0x01,0x7d,0x80,0x52,0x42,0x7c,0x01,0x1b,0x01,0x77,0x00,0xf0,
	0x21,0xa0,0x18,0x91,0x21,0x00,0x40,0xb9,0x21,0x04,0x00,0x11,0x41,0x08,0xc1,0x1a,
	0x00,0x00,0x01,0x4b,0x1f,0x00,0x00,0x71,0x01,0xa4,0x80,0x5a,0x80,0x0c,0x80,0x52,
	0x21,0x7c,0x00,0x1b,0xc0,0x75,0x00,0xf0,0x00,0xa0,0x2e,0x91,0x00,0x00,0x40,0xb9,
	0x00,0x04,0x00,0x11,0x20,0x0c,0xc0,0x1a,0xe0,0x4f,0x00,0x79,0xc0,0x75,0x00,0xf0,
	0x00,0x40,0x2e,0x91,0x00,0x08,0x40,0xb9,0x01,0x77,0x00,0xf0,0x21,0xf0,0x1a,0x91,
	0x22,0x00,0x40,0xb9,0x01,0x7d,0x80,0x52,0x42,0x7c,0x01,0x1b,0x01,0x77,0x00,0xf0,
	0x21,0xa0,0x18,0x91,0x21,0x00,0x40,0xb9,0x21,0x04,0x00,0x11,0x41,0x08,0xc1,0x1a,
	0x00,0x00,0x01,0x4b,0x1f,0x00,0x00,0x71,0x01,0xa4,0x80,0x5a,0x80,0x0c,0x80,0x52,
	0x21,0x7c,0x00,0x1b,0xc0,0x75,0x00,0xf0,0x00,0x40,0x2e,0x91,0x00,0x08,0x40,0xb9,
	0x00,0x04,0x00,0x11,0x20,0x0c,0xc0,0x1a,0xe0,0x4b,0x00,0x79,0xe0,0x75,0x00,0xd0,
	0x00,0x60,0x05,0x91,0x00,0x00,0x40,0x79,0x1f,0x30,0x00,0x71,0xc1,0x00,0x00,0x54,
	0xc0,0x75,0x00,0xf0,0x00,0x40,0x2e,0x91,0xe1,0xaf,0x40,0x39,0x01,0x00,0x00,0x39,
	0x0e,0x00,0x00,0x14,0xe0,0x53,0x40,0x79,0x1f,0x24,0x00,0x71,0x68,0x01,0x00,0x54,
	0xe0,0x4f,0x40,0x79,0x1f,0x24,0x00,0x71,0x08,0x01,0x00,0x54,0xe0,0x4b,0x40,0x79,
	0x1f,0x24,0x00,0x71,0xa8,0x00,0x00,0x54,0xc0,0x75,0x00,0xd0,0x00,0x40,0x2e,0x91,
	0xe1,0xaf,0x40,0x39,0x01,0x00,0x00,0x39,0xc0,0x75,0x00,0xd0,0x00,0x40,0x2e,0x91,
	0x00,0x00,0x40,0x39,0x1f,0x8c,0x01,0x71,0xc9,0x00,0x00,0x54,0xe0,0x07,0x40,0xf9,
	0x00,0x10,0x00,0x91,0x61,0x0c,0x80,0x52,0x01,0x00,0x00,0xb9,0x16,0x00,0x00,0x14,
	0xc0,0x75,0x00,0xd0,0x00,0x40,0x2e,0x91,0x00,0x00,0x40,0x39,0x1f,0x34,0x01,0x71,
	0x68,0x01,0x00,0x54,0xc0,0x75,0x00,0xd0,0x00,0x40,0x2e,0x91,0x00,0x00,0x40,0x39,
	0x1f,0x00,0x00,0x71,0xc0,0x00,0x00,0x54,0xe0,0x07,0x40,0xf9,0x00,0x10,0x00,0x91,
	0xc1,0x09,0x80,0x52,0x01,0x00,0x00,0xb9,0x07,0x00,0x00,0x14,0xe0,0x07,0x40,0xf9,
	0x00,0x10,0x00,0x91,0xc1,0x75,0x00,0xd0,0x21,0x40,0x2e,0x91,0x21,0x00,0x40,0x39,
	0x01,0x00,0x00,0xb9,0xe0,0x75,0x00,0xb0,0x00,0x48,0x14,0x91,0x00,0x00,0x40,0x39,
	0x1f,0x00,0x00,0x71,0xa1,0x04,0x00,0x54,0xc0,0x75,0x00,0xd0,0x00,0x88,0x2b,0x91,
	0x00,0x00,0x40,0x39,0x1f,0x00,0x00,0x71,0x01,0x04,0x00,0x54,0xe0,0x75,0x00,0xb0,
	0x00,0x4c,0x14,0x91,0x00,0x00,0x40,0x39,0x1f,0xa0,0x00,0x71,0x69,0x03,0x00,0x54,
	0xff,0xff,0x00,0x39,0x0f,0x00,0x00,0x14,0xe3,0xff,0x40,0x39,0xe0,0xff,0x40,0x39,
	0x02,0x04,0x00,0x11,0xc0,0x75,0x00,0xd0,0x01,0xc0,0x2e,0x91,0x40,0x7c,0x40,0x93,
	0x22,0x68,0x60,0x38,0xc0,0x75,0x00,0xd0,0x01,0xc0,0x2e,0x91,0x60,0x7c,0x40,0x93,
	0x22,0x68,0x20,0x38,0xe0,0xff,0x40,0x39,0x00,0x04,0x00,0x11,0xe0,0xff,0x00,0x39,
	0xe0,0xff,0x40,0x39,0x1f,0x10,0x00,0x71,0x09,0xfe,0xff,0x54,0xe0,0x07,0x40,0xf9,
	0x00,0x10,0x00,0x91,0x00,0x00,0x40,0xb9,0x01,0x1c,0x00,0x12,0xc0,0x75,0x00,0xd0,
	0x00,0xc0,0x2e,0x91,0x01,0x14,0x00,0x39,0xff,0xff,0x00,0x39,0xff,0xfb,0x00,0x39,
	0xff,0x77,0x00,0x79,0x43,0x00,0x00,0x14,0xe2,0xff,0x40,0x39,0xc0,0x75,0x00,0xd0,
	0x01,0xc0,0x2e,0x91,0x40,0x7c,0x40,0x93,0x20,0x68,0x60,0x38,0x1f,0x00,0x00,0x71,
	0x20,0x07,0x00,0x54,0xe0,0xfb,0x40,0x39,0x1f,0x00,0x00,0x71,0xc1,0x01,0x00,0x54,
	0xe2,0xff,0x40,0x39,0xc0,0x75,0x00,0xd0,0x01,0xc0,0x2e,0x91,0x40,0x7c,0x40,0x93,
	0x20,0x68,0x60,0x38,0xe0,0xf7,0x00,0x39,0xe2,0xff,0x40,0x39,0xc0,0x75,0x00,0xd0,
	0x01,0xc0,0x2e,0x91,0x40,0x7c,0x40,0x93,0x20,0x68,0x60,0x38,0xe0,0xf3,0x00,0x39,
	0x1d,0x00,0x00,0x14,0xe2,0xff,0x40,0x39,0xc0,0x75,0x00,0xd0,0x01,0xc0,0x2e,0x91,
	0x40,0x7c,0x40,0x93,0x20,0x68,0x60,0x38,0xe1,0xf7,0x40,0x39,0x3f,0x00,0x00,0x6b,
	0xe2,0x00,0x00,0x54,0xe2,0xff,0x40,0x39,0xc0,0x75,0x00,0xd0,0x01,0xc0,0x2e,0x91,
	0x40,0x7c,0x40,0x93,0x20,0x68,0x60,0x38,0xe0,0xf7,0x00,0x39,0xe2,0xff,0x40,0x39,
	0xc0,0x75,0x00,0xd0,0x01,0xc0,0x2e,0x91,0x40,0x7c,0x40,0x93,0x20,0x68,0x60,0x38,
	0xe1,0xf3,0x40,0x39,0x3f,0x00,0x00,0x6b,0xe9,0x00,0x00,0x54,0xe2,0xff,0x40,0x39,
	0xc0,0x75,0x00,0xd0,0x01,0xc0,0x2e,0x91,0x40,0x7c,0x40,0x93,0x20,0x68,0x60,0x38,
	0xe0,0xf3,0x00,0x39,0xe0,0xfb,0x40,0x39,0x00,0x04,0x00,0x11,0xe0,0xfb,0x00,0x39,
	0xe2,0xff,0x40,0x39,0xc0,0x75,0x00,0xd0,0x01,0xc0,0x2e,0x91,0x40,0x7c,0x40,0x93,
	0x20,0x68,0x60,0x38,0x00,0x3c,0x00,0x12,0xe1,0x77,0x40,0x79,0x00,0x00,0x01,0x0b,
	0xe0,0x77,0x00,0x79,0xe0,0xff,0x40,0x39,0x00,0x04,0x00,0x11,0xe0,0xff,0x00,0x39,
	0xe0,0xff,0x40,0x39,0x1f,0x14,0x00,0x71,0x89,0xf7,0xff,0x54,0xe0,0xfb,0x40,0x39,
	0x1f,0x08,0x00,0x71,0xa9,0x01,0x00,0x54,0xe0,0x07,0x40,0xf9,0x00,0x10,0x00,0x91,
	0xe2,0x77,0x40,0x79,0xe1,0xf7,0x40,0x39,0x42,0x00,0x01,0x4b,0xe1,0xf3,0x40,0x39,
	0x42,0x00,0x01,0x4b,0xe1,0xfb,0x40,0x39,0x21,0x08,0x00,0x51,0x41,0x0c,0xc1,0x1a,
	0x01,0x00,0x00,0xb9,0x04,0x00,0x00,0x14,0xe0,0x07,0x40,0xf9,0x00,0x10,0x00,0x91,
	0x1f,0x00,0x00,0xb9,0x00,0x77,0x00,0xd0,0x00,0x90,0x1a,0x91,0x00,0x00,0x40,0xb9,
	0x1f,0x04,0x00,0x71,0x60,0x0d,0x00,0x54,0xe0,0x75,0x00,0xb0,0x00,0x60,0x05,0x91,
	0x00,0x00,0x40,0x79,0x1f,0x3c,0x00,0x71,0x69,0x0c,0x00,0x54,0xff,0xff,0x00,0x39,
	0xff,0x73,0x00,0x79,0x18,0x00,0x00,0x14,0xe3,0xff,0x40,0x39,0xe0,0xff,0x40,0x39,
	0x02,0x04,0x00,0x11,0xc0,0x75,0x00,0xd0,0x01,0xe0,0x2e,0x91,0x40,0x7c,0x40,0x93,
	0x22,0x68,0x60,0x38,0xc0,0x75,0x00,0xd0,0x01,0xe0,0x2e,0x91,0x60,0x7c,0x40,0x93,
	0x22,0x68,0x20,0x38,0xe2,0xff,0x40,0x39,0xc0,0x75,0x00,0xd0,0x01,0xe0,0x2e,0x91,
	0x40,0x7c,0x40,0x93,0x20,0x68,0x60,0x38,0x00,0x3c,0x00,0x12,0xe1,0x73,0x40,0x79,
	0x00,0x00,0x01,0x0b,0xe0,0x73,0x00,0x79,0xe0,0xff,0x40,0x39,0x00,0x04,0x00,0x11,
	0xe0,0xff,0x00,0x39,0xe0,0xff,0x40,0x39,0x1f,0x10,0x00,0x71,0xe9,0xfc,0xff,0x54,
	0xc0,0x75,0x00,0xd0,0x00,0x78,0x2b,0x91,0x00,0x00,0x40,0x79,0x1f,0x08,0x00,0x71,
	0xa9,0x01,0x00,0x54,0xe0,0x2f,0x40,0xb9,0xe1,0x03,0x00,0x6b,0x00,0x04,0x00,0x12,
	0x21,0x04,0x00,0x12,0x00,0x44,0x81,0x5a,0x00,0x1c,0x00,0x12,0x00,0x7c,0x01,0x11,
	0x01,0x1c,0x00,0x12,0xc0,0x75,0x00,0xd0,0x00,0xe0,0x2e,0x91,0x01,0x14,0x00,0x39,
	0x0b,0x00,0x00,0x14,0xc0,0x75,0x00,0xd0,0x00,0x40,0x2e,0x91,0x00,0x00,0x40,0x39,
	0x00,0x04,0x00,0x12,0x00,0x1c,0x00,0x12,0x00,0x80,0x01,0x11,0x01,0x1c,0x00,0x12,
	0xc0,0x75,0x00,0xd0,0x00,0xe0,0x2e,0x91,0x01,0x14,0x00,0x39,0xe0,0x73,0x40,0x79,
	0x1f,0x04,0x07,0x71,0x69,0x02,0x00,0x54,0xe0,0x73,0x40,0x79,0x1f,0xbc,0x07,0x71,
	0x08,0x02,0x00,0x54,0xe0,0x73,0x40,0x79,0xc1,0x75,0x00,0xd0,0x21,0xe0,0x2e,0x91,
	0x21,0x14,0x40,0x39,0x00,0x00,0x01,0x0b,0x61,0x55,0x95,0x52,0x41,0x55,0xa5,0x72,
	0x01,0x7c,0x21,0x9b,0x21,0xfc,0x60,0xd3,0x00,0x7c,0x1f,0x13,0x20,0x00,0x00,0x4b,
	0xe1,0x03,0x00,0x2a,0xe0,0x07,0x40,0xf9,0x01,0x00,0x00,0xb9,0x03,0x00,0x00,0x14,
	0xe0,0x07,0x40,0xf9,0x1f,0x00,0x00,0xb9,0xc0,0x75,0x00,0xd0,0x00,0x40,0x2b,0x91,
	0x01,0x00,0x40,0xb9,0x20,0xff,0x9f,0x52,0x3f,0x00,0x00,0x6b,0x69,0x02,0x00,0x54,
	0xc0,0x75,0x00,0xd0,0x00,0x90,0x2b,0x91,0x00,0x00,0x40,0x39,0x1f,0xfc,0x03,0x71,
	0xc1,0x01,0x00,0x54,0xe0,0x07,0x40,0xf9,0x00,0x00,0x40,0xb9,0x1f,0x00,0x00,0x71,
	0x40,0x01,0x00,0x54,0xe0,0x07,0x40,0xf9,0x61,0x0c,0x80,0x52,0x01,0x00,0x00,0xb9,
	0x06,0x00,0x00,0x14,0xe0,0x07,0x40,0xf9,0x1f,0x00,0x00,0xb9,0x03,0x00,0x00,0x14,
	0xe0,0x07,0x40,0xf9,0x1f,0x00,0x00,0xb9,0xe0,0x07,0x40,0xf9,0x00,0x10,0x00,0x91,
	0xc1,0x75,0x00,0xd0,0x21,0x40,0x2e,0x91,0x21,0x00,0x40,0x39,0x01,0x00,0x00,0xb9,
	0xe0,0x07,0x40,0xf9,0x00,0x20,0x00,0x91,0xe1,0x37,0x40,0xb9,0x01,0x00,0x00,0xb9,
	0xe0,0x07,0x40,0xf9,0x00,0x30,0x00,0x91,0xe1,0x33,0x40,0xb9,0x01,0x00,0x00,0xb9,
	0xe0,0x07,0x40,0xf9,0x00,0x50,0x00,0x91,0xe1,0x2f,0x40,0xb9,0x01,0x00,0x00,0xb9,
	0xe0,0x07,0x40,0xf9,0x00,0x60,0x00,0x91,0x01,0x77,0x00,0xd0,0x21,0x20,0x1b,0x91,
	0x21,0x00,0x40,0xb9,0x01,0x00,0x00,0xb9,0xe0,0x07,0x40,0xf9,0x00,0x70,0x00,0x91,
	0x01,0x77,0x00,0xd0,0x21,0x60,0x1a,0x91,0x21,0x00,0x40,0xb9,0x01,0x00,0x00,0xb9,
	0xe0,0x07,0x40,0xf9,0x00,0x80,0x00,0x91,0x01,0x77,0x00,0xd0,0x21,0x50,0x1b,0x91,
	0x21,0x00,0x40,0xb9,0x01,0x00,0x00,0xb9,0xe0,0x07,0x40,0xf9,0x00,0xb0,0x00,0x91,
	0xe1,0x75,0x00,0xb0,0x21,0x48,0x14,0x91,0x21,0x00,0x40,0x39,0x01,0x00,0x00,0xb9,
	0xe0,0x07,0x40,0xf9,0x00,0xc0,0x00,0x91,0xc1,0x75,0x00,0xd0,0x21,0x90,0x2e,0x91,
	0x21,0x00,0x40,0xb9,0x01,0x00,0x00,0xb9,0xe0,0x07,0x40,0xf9,0x00,0xd0,0x00,0x91,
	0xc1,0x75,0x00,0xd0,0x21,0xa0,0x2e,0x91,0x21,0x00,0x40,0xb9,0x01,0x00,0x00,0xb9,
	0xe0,0x07,0x40,0xf9,0x00,0xe0,0x00,0x91,0x01,0x77,0x00,0xd0,0x21,0xf0,0x1a,0x91,
	0x22,0x00,0x40,0xb9,0x01,0x7d,0x80,0x52,0x42,0x7c,0x01,0x1b,0x01,0x77,0x00,0xd0,
	0x21,0xa0,0x18,0x91,0x21,0x00,0x40,0xb9,0x21,0x04,0x00,0x11,0x41,0x08,0xc1,0x1a,
	0x01,0x00,0x00,0xb9,0x0c,0x00,0x00,0x14,0xe0,0x07,0x40,0xf9,0x1f,0x00,0x00,0xb9,
	0xe0,0x07,0x40,0xf9,0x00,0x10,0x00,0x91,0x1f,0x00,0x00,0xb9,0xe0,0x07,0x40,0xf9,
	0x00,0x20,0x00,0x91,0x1f,0x00,0x00,0xb9,0xe0,0x07,0x40,0xf9,0x00,0x30,0x00,0x91,
	0x1f,0x00,0x00,0xb9,0xe0,0x07,0x40,0xf9,0x00,0xf0,0x00,0x91,0x01,0x77,0x00,0xd0,
	0x21,0x28,0x19,0x91,0x21,0x00,0x40,0x79,0x01,0x00,0x00,0xb9,0xe0,0x07,0x40,0xf9,
	0x00,0x00,0x01,0x91,0xc1,0x75,0x00,0xd0,0x21,0x20,0x2b,0x91,0x21,0x00,0x40,0xb9,
	0x01,0x00,0x00,0xb9,0xe0,0x07,0x40,0xf9,0x00,0x10,0x01,0x91,0xc1,0x75,0x00,0xd0,
	0x21,0x30,0x2b,0x91,0x21,0x00,0x40,0xb9,0x01,0x00,0x00,0xb9,0xe0,0x07,0x40,0xf9,
	0x00,0x90,0x00,0x91,0xc1,0x75,0x00,0xd0,0x21,0x40,0x2e,0x91,0x21,0x04,0xc0,0x79,
	0x01,0x00,0x00,0xb9,0xe0,0x07,0x40,0xf9,0x00,0xa0,0x00,0x91,0xc1,0x75,0x00,0xd0,
	0x21,0x40,0x2e,0x91,0x21,0x08,0xc0,0x79,0x01,0x00,0x00,0xb9,0xe0,0x07,0x40,0xf9,
	0x00,0x40,0x00,0x91,0x01,0x77,0x00,0xd0,0x21,0x90,0x1a,0x91,0x21,0x00,0x40,0xb9,
	0x01,0x00,0x00,0xb9,0xe0,0x07,0x40,0xf9,0x00,0x20,0x01,0x91,0xc1,0x75,0x00,0xd0,
	0x21,0x78,0x2b,0x91,0x21,0x00,0x40,0x79,0x01,0x00,0x00,0xb9,0xe0,0x07,0x40,0xf9,
	0x00,0x30,0x01,0x91,0xe1,0x75,0x00,0xb0,0x21,0x60,0x05,0x91,0x21,0x00,0x40,0x79,
	0x01,0x00,0x00,0xb9,0xe0,0x07,0x40,0xf9,0x00,0x40,0x01,0x91,0x01,0x77,0x00,0xd0,
	0x21,0x90,0x1a,0x91,0x21,0x00,0x40,0xb9,0x01,0x00,0x00,0xb9,0x1f,0x20,0x03,0xd5,
	0xff,0x03,0x01,0x91,0xc0,0x03,0x5f,0xd6,0xff,0x83,0x02,0xd1,0xe0,0x3f,0x00,0x79,
	0xe1,0x0b,0x00,0xf9,0xe2,0x07,0x00,0xf9,0xff,0x7f,0x02,0xa9,0xff,0x7f,0x03,0xa9,
	0xff,0x7f,0x04,0xa9,0xff,0x7f,0x05,0xa9,0xff,0x7f,0x06,0xa9,0x00,0x77,0x00,0xd0,
	0x00,0x90,0x1a,0x91,0x00,0x00,0x40,0xb9,0x1f,0x08,0x00,0x71,0x21,0x81,0x00,0x54,
	0xff,0x3b,0x01,0x79,0xff,0x37,0x01,0x79,0xff,0x87,0x00,0xb9,0xff,0x83,0x00,0xb9,
	0x21,0x00,0x00,0x14,0xe0,0x3b,0x41,0x79,0x00,0xf4,0x7e,0xd3,0xe1,0x0b,0x40,0xf9,
	0x20,0x00,0x00,0x8b,0x00,0x00,0x40,0xb9,0x1f,0x00,0x00,0x71,0xe0,0x02,0x00,0x54,
	0xe0,0x3b,0x41,0x79,0x00,0xf4,0x7e,0xd3,0xe1,0x0b,0x40,0xf9,0x20,0x00,0x00,0x8b,
	0x00,0x00,0x40,0xb9,0xe1,0x87,0x40,0xb9,0x20,0x00,0x00,0x0b,0xe0,0x87,0x00,0xb9,
	0xe0,0x3b,0x41,0x79,0x00,0xf4,0x7e,0xd3,0xe1,0x0b,0x40,0xf9,0x20,0x00,0x00,0x8b,
	0x00,0x00,0x40,0xb9,0x1f,0x00,0x00,0x71,0x00,0xa4,0x80,0x5a,0xe1,0x03,0x00,0x2a,
	0xe0,0x83,0x40,0xb9,0x00,0x00,0x01,0x0b,0xe0,0x83,0x00,0xb9,0xe0,0x37,0x41,0x79,
	0x00,0x04,0x00,0x11,0xe0,0x37,0x01,0x79,0xe0,0x3b,0x41,0x79,0x00,0x04,0x00,0x11,
	0xe0,0x3b,0x01,0x79,0xe0,0x3b,0x41,0x79,0x1f,0x1c,0x03,0x71,0xc9,0xfb,0xff,0x54,
	0xe0,0x37,0x41,0x79,0x1f,0x00,0x00,0x71,0x81,0x00,0x00,0x54,0xff,0x93,0x00,0xb9,
	0xff,0x8b,0x00,0xb9,0x09,0x00,0x00,0x14,0xe0,0x37,0x41,0x79,0xe1,0x87,0x40,0xb9,
	0x20,0x0c,0xc0,0x1a,0xe0,0x8b,0x00,0xb9,0xe0,0x37,0x41,0x79,0xe1,0x83,0x40,0xb9,
	0x20,0x08,0xc0,0x1a,0xe0,0x93,0x00,0xb9,0xff,0x3b,0x01,0x79,0xff,0x37,0x01,0x79,
	0xff,0x83,0x00,0xb9,0x23,0x00,0x00,0x14,0xe0,0x3f,0x40,0x79,0x01,0x19,0x80,0x52,
	0x21,0x00,0x00,0x4b,0xe0,0x3b,0x41,0x79,0x20,0x00,0x00,0x0b,0x00,0x7c,0x40,0x93,
	0x00,0xf4,0x7e,0xd3,0xe1,0x0b,0x40,0xf9,0x20,0x00,0x00,0x8b,0x00,0x00,0x40,0xb9,
	0x1f,0x00,0x00,0x71,0x80,0x02,0x00,0x54,0xe0,0x3f,0x40,0x79,0x01,0x19,0x80,0x52,
	0x21,0x00,0x00,0x4b,0xe0,0x3b,0x41,0x79,0x20,0x00,0x00,0x0b,0x00,0x7c,0x40,0x93,
	0x00,0xf4,0x7e,0xd3,0xe1,0x0b,0x40,0xf9,0x20,0x00,0x00,0x8b,0x00,0x00,0x40,0xb9,
	0x1f,0x00,0x00,0x71,0x00,0xa4,0x80,0x5a,0xe1,0x03,0x00,0x2a,0xe0,0x83,0x40,0xb9,
	0x00,0x00,0x01,0x0b,0xe0,0x83,0x00,0xb9,0xe0,0x37,0x41,0x79,0x00,0x04,0x00,0x11,
	0xe0,0x37,0x01,0x79,0xe0,0x3b,0x41,0x79,0x00,0x04,0x00,0x11,0xe0,0x3b,0x01,0x79,
	0xe1,0x3b,0x41,0x79,0xe0,0x3f,0x40,0x79,0x3f,0x00,0x00,0x6b,0x63,0xfb,0xff,0x54,
	0xe0,0x37,0x41,0x79,0x1f,0x00,0x00,0x71,0x61,0x00,0x00,0x54,0xff,0x8f,0x00,0xb9,
	0x05,0x00,0x00,0x14,0xe0,0x37,0x41,0x79,0xe1,0x83,0x40,0xb9,0x20,0x08,0xc0,0x1a,
	0xe0,0x8f,0x00,0xb9,0xe0,0x8f,0x40,0xb9,0x00,0x7c,0x02,0x53,0xe0,0x7b,0x00,0xb9,
	0xe0,0x93,0x40,0xb9,0x01,0x78,0x1f,0x53,0xe0,0x8f,0x40,0xb9,0x3f,0x00,0x00,0x6b,
	0xc3,0x00,0x00,0x54,0xe0,0x93,0x40,0xb9,0x01,0x7c,0x02,0x53,0xe0,0x8f,0x40,0xb9,
	0x3f,0x00,0x00,0x6b,0x09,0x01,0x00,0x54,0xe0,0x75,0x00,0xb0,0x00,0x50,0x14,0x91,
	0x21,0x00,0x80,0x52,0x01,0x00,0x00,0x39,0xe0,0x75,0x00,0xb0,0x00,0x54,0x14,0x91,
	0x1f,0x00,0x00,0x39,0xe0,0x75,0x00,0xb0,0x00,0x50,0x14,0x91,0x00,0x00,0x40,0x39,
	0x1f,0x04,0x00,0x71,0xe1,0x01,0x00,0x54,0xe0,0x75,0x00,0xb0,0x00,0x58,0x14,0x91,
	0x00,0x00,0x40,0x39,0x1f,0x14,0x00,0x71,0x68,0x03,0x00,0x54,0xe0,0x75,0x00,0xb0,
	0x00,0x58,0x14,0x91,0x00,0x00,0x40,0x39,0x00,0x04,0x00,0x11,0x01,0x1c,0x00,0x12,
	0xe0,0x75,0x00,0xb0,0x00,0x58,0x14,0x91,0x01,0x00,0x00,0x39,0x12,0x00,0x00,0x14,
	0xe0,0x75,0x00,0xb0,0x00,0x58,0x14,0x91,0x00,0x00,0x40,0x39,0x1f,0x04,0x00,0x71,
	0x49,0x01,0x00,0x54,0xe0,0x75,0x00,0xb0,0x00,0x58,0x14,0x91,0x00,0x00,0x40,0x39,
	0x00,0x08,0x00,0x51,0x01,0x1c,0x00,0x12,0xe0,0x75,0x00,0xb0,0x00,0x58,0x14,0x91,
	0x01,0x00,0x00,0x39,0x04,0x00,0x00,0x14,0xe0,0x75,0x00,0xb0,0x00,0x58,0x14,0x91,
	0x1f,0x00,0x00,0x39,0xe0,0x75,0x00,0xb0,0x00,0x50,0x14,0x91,0x00,0x00,0x40,0x39,
	0x1f,0x00,0x00,0x71,0x21,0x20,0x00,0x54,0xe0,0x75,0x00,0xb0,0x00,0xa0,0x04,0x91,
	0x00,0x00,0x40,0x39,0x1f,0x04,0x00,0x71,0x88,0x1f,0x00,0x54,0xff,0x3b,0x01,0x79,
	0x10,0x00,0x00,0x14,0xe3,0x3b,0x41,0x79,0xe1,0x3b,0x41,0x79,0xe0,0x3f,0x40,0x79,
	0x22,0x00,0x00,0x0b,0xc0,0x75,0x00,0xd0,0x01,0x00,0x2f,0x91,0x40,0x7c,0x40,0x93,
	0x22,0x68,0xe0,0x38,0xc0,0x75,0x00,0xd0,0x01,0x00,0x2f,0x91,0x60,0x7c,0x40,0x93,
	0x22,0x68,0x20,0x38,0xe0,0x3b,0x41,0x79,0x00,0x04,0x00,0x11,0xe0,0x3b,0x01,0x79,
	0xe1,0x3b,0x41,0x79,0xe0,0x3f,0x40,0x79,0x02,0x64,0x80,0x52,0x40,0x00,0x00,0x4b,
	0x3f,0x00,0x00,0x6b,0x8b,0xfd,0xff,0x54,0xff,0x3b,0x01,0x79,0xde,0x00,0x00,0x14,
	0xe0,0x3f,0x40,0x79,0x01,0x19,0x80,0x52,0x21,0x00,0x00,0x4b,0xe0,0x3b,0x41,0x79,
	0x20,0x00,0x00,0x0b,0x00,0x7c,0x40,0x93,0x00,0xf4,0x7e,0xd3,0xe1,0x0b,0x40,0xf9,
	0x20,0x00,0x00,0x8b,0x01,0x00,0x40,0xb9,0xe2,0x8b,0x40,0xb9,0xe0,0x7b,0x40,0xb9,
	0x40,0x00,0x00,0x0b,0x3f,0x00,0x00,0x6b,0x6d,0x01,0x00,0x54,0xe0,0x3f,0x40,0x79,
	0x01,0x64,0x80,0x52,0x21,0x00,0x00,0x4b,0xe0,0x3b,0x41,0x79,0x22,0x00,0x00,0x0b,
	0xc0,0x75,0x00,0xd0,0x01,0x00,0x2f,0x91,0x40,0x7c,0x40,0x93,0x3f,0x68,0x20,0x38,
	0xc2,0x00,0x00,0x14,0xe0,0x3f,0x40,0x79,0x01,0x19,0x80,0x52,0x21,0x00,0x00,0x4b,
	0xe0,0x3b,0x41,0x79,0x20,0x00,0x00,0x0b,0x00,0x7c,0x40,0x93,0x00,0xf4,0x7e,0xd3,
	0xe1,0x0b,0x40,0xf9,0x20,0x00,0x00,0x8b,0x01,0x00,0x40,0xb9,0xe2,0x8b,0x40,0xb9,
	0xe0,0x7b,0x40,0xb9,0x40,0x00,0x00,0x4b,0x3f,0x00,0x00,0x6b,0x4a,0x15,0x00,0x54,
	0xe0,0x3f,0x40,0x79,0x01,0x19,0x80,0x52,0x21,0x00,0x00,0x4b,0xe0,0x3b,0x41,0x79,
	0x20,0x00,0x00,0x0b,0x00,0x7c,0x40,0x93,0x00,0xf4,0x7e,0xd3,0x00,0x10,0x00,0xd1,
	0xe1,0x0b,0x40,0xf9,0x20,0x00,0x00,0x8b,0x01,0x00,0x40,0xb9,0xe0,0x3f,0x40,0x79,
	0x02,0x19,0x80,0x52,0x42,0x00,0x00,0x4b,0xe0,0x3b,0x41,0x79,0x40,0x00,0x00,0x0b,
	0x00,0x7c,0x40,0x93,0x00,0xf4,0x7e,0xd3,0xe2,0x0b,0x40,0xf9,0x40,0x00,0x00,0x8b,
	0x00,0x00,0x40,0xb9,0x3f,0x00,0x00,0x6b,0x2a,0x11,0x00,0x54,0xe0,0x3f,0x40,0x79,
	0x01,0x19,0x80,0x52,0x21,0x00,0x00,0x4b,0xe0,0x3b,0x41,0x79,0x20,0x00,0x00,0x0b,
	0x00,0x7c,0x40,0x93,0x00,0xf4,0x7e,0xd3,0x00,0x10,0x00,0xd1,0xe1,0x0b,0x40,0xf9,
	0x20,0x00,0x00,0x8b,0x01,0x00,0x40,0xb9,0xe0,0x3f,0x40,0x79,0x02,0x19,0x80,0x52,
	0x42,0x00,0x00,0x4b,0xe0,0x3b,0x41,0x79,0x40,0x00,0x00,0x0b,0x00,0x7c,0x40,0x93,
	0x00,0xf4,0x7e,0xd3,0x00,0x20,0x00,0xd1,0xe2,0x0b,0x40,0xf9,0x40,0x00,0x00,0x8b,
	0x00,0x00,0x40,0xb9,0x3f,0x00,0x00,0x6b,0x2b,0x06,0x00,0x54,0xe0,0x3f,0x40,0x79,
	0x01,0x19,0x80,0x52,0x21,0x00,0x00,0x4b,0xe0,0x3b,0x41,0x79,0x20,0x00,0x00,0x0b,
	0x00,0x7c,0x40,0x93,0x00,0xf4,0x7e,0xd3,0x00,0x10,0x00,0xd1,0xe1,0x0b,0x40,0xf9,
	0x20,0x00,0x00,0x8b,0x01,0x00,0x40,0xb9,0xe0,0x3f,0x40,0x79,0x02,0x19,0x80,0x52,
	0x42,0x00,0x00,0x4b,0xe0,0x3b,0x41,0x79,0x40,0x00,0x00,0x0b,0x00,0x7c,0x40,0x93,
	0x00,0xf4,0x7e,0xd3,0x00,0x20,0x00,0xd1,0xe2,0x0b,0x40,0xf9,0x40,0x00,0x00,0x8b,
	0x00,0x00,0x40,0xb9,0x3f,0x00,0x00,0x6b,0x21,0x0b,0x00,0x54,0xe0,0x3f,0x40,0x79,
	0x01,0x19,0x80,0x52,0x21,0x00,0x00,0x4b,0xe0,0x3b,0x41,0x79,0x20,0x00,0x00,0x0b,
	0x00,0x7c,0x40,0x93,0x00,0xf4,0x7e,0xd3,0x00,0x10,0x00,0xd1,0xe1,0x0b,0x40,0xf9,
	0x20,0x00,0x00,0x8b,0x01,0x00,0x40,0xb9,0xe0,0x3f,0x40,0x79,0x02,0x19,0x80,0x52,
	0x42,0x00,0x00,0x4b,0xe0,0x3b,0x41,0x79,0x40,0x00,0x00,0x0b,0x00,0x7c,0x40,0x93,
	0x00,0xf4,0x7e,0xd3,0x00,0x30,0x00,0xd1,0xe2,0x0b,0x40,0xf9,0x40,0x00,0x00,0x8b,
	0x00,0x00,0x40,0xb9,0x3f,0x00,0x00,0x6b,0x2a,0x08,0x00,0x54,0xff,0x37,0x01,0x79,
	0xff,0x7f,0x02,0x39,0x23,0x00,0x00,0x14,0xe0,0x3f,0x40,0x79,0x01,0x19,0x80,0x52,
	0x21,0x00,0x00,0x4b,0xe0,0x3b,0x41,0x79,0x20,0x00,0x00,0x0b,0x01,0x04,0x00,0x51,
	0xe0,0x37,0x41,0x79,0x20,0x00,0x00,0x4b,0x00,0x7c,0x40,0x93,0x00,0xf4,0x7e,0xd3,
	0xe1,0x0b,0x40,0xf9,0x20,0x00,0x00,0x8b,0x01,0x00,0x40,0xb9,0xe0,0x3f,0x40,0x79,
	0x02,0x19,0x80,0x52,0x42,0x00,0x00,0x4b,0xe0,0x3b,0x41,0x79,0x40,0x00,0x00,0x0b,
	0x02,0x08,0x00,0x51,0xe0,0x37,0x41,0x79,0x40,0x00,0x00,0x4b,0x00,0x7c,0x40,0x93,
	0x00,0xf4,0x7e,0xd3,0xe2,0x0b,0x40,0xf9,0x40,0x00,0x00,0x8b,0x00,0x00,0x40,0xb9,
	0x3f,0x00,0x00,0x6b,0x8a,0x00,0x00,0x54,0xe0,0x7f,0x42,0x39,0x00,0x04,0x00,0x11,
	0xe0,0x7f,0x02,0x39,0xe0,0x37,0x41,0x79,0x00,0x04,0x00,0x11,0xe0,0x37,0x01,0x79,
	0xe0,0x37,0x41,0x79,0x1f,0x10,0x00,0x71,0x89,0xfb,0xff,0x54,0xe0,0x7f,0x42,0x39,
	0x1f,0x08,0x00,0x71,0x89,0x01,0x00,0x54,0xe0,0x3f,0x40,0x79,0x01,0x64,0x80,0x52,
	0x21,0x00,0x00,0x4b,0xe0,0x3b,0x41,0x79,0x22,0x00,0x00,0x0b,0xc0,0x75,0x00,0xd0,
	0x01,0x00,0x2f,0x91,0x40,0x7c,0x40,0x93,0x62,0x0c,0x80,0x12,0x22,0x68,0x20,0x38,
	0x1e,0x00,0x00,0x14,0xe0,0x3f,0x40,0x79,0x01,0x64,0x80,0x52,0x21,0x00,0x00,0x4b,
	0xe0,0x3b,0x41,0x79,0x22,0x00,0x00,0x0b,0xc0,0x75,0x00,0xd0,0x01,0x00,0x2f,0x91,
	0x40,0x7c,0x40,0x93,0x3f,0x68,0x20,0x38,0x14,0x00,0x00,0x14,0xe0,0x3f,0x40,0x79,
	0x01,0x64,0x80,0x52,0x21,0x00,0x00,0x4b,0xe0,0x3b,0x41,0x79,0x22,0x00,0x00,0x0b,
	0xc0,0x75,0x00,0xd0,0x01,0x00,0x2f,0x91,0x40,0x7c,0x40,0x93,0x3f,0x68,0x20,0x38,
	0x0a,0x00,0x00,0x14,0xe0,0x3f,0x40,0x79,0x01,0x64,0x80,0x52,0x21,0x00,0x00,0x4b,
	0xe0,0x3b,0x41,0x79,0x22,0x00,0x00,0x0b,0xc0,0x75,0x00,0xd0,0x01,0x00,0x2f,0x91,
	0x40,0x7c,0x40,0x93,0x3f,0x68,0x20,0x38,0xe0,0x3b,0x41,0x79,0x00,0x04,0x00,0x11,
	0xe0,0x3b,0x01,0x79,0xe1,0x3b,0x41,0x79,0xe0,0x3f,0x40,0x79,0x3f,0x00,0x00,0x6b,
	0x03,0xe4,0xff,0x54,0x0e,0x00,0x00,0x14,0xff,0x37,0x01,0x79,0x09,0x00,0x00,0x14,
	0xe2,0x37,0x41,0x79,0xc0,0x75,0x00,0xd0,0x01,0x00,0x2f,0x91,0x40,0x7c,0x40,0x93,
	0x3f,0x68,0x20,0x38,0xe0,0x37,0x41,0x79,0x00,0x04,0x00,0x11,0xe0,0x37,0x01,0x79,
	0xe0,0x37,0x41,0x79,0x1f,0x7c,0x0c,0x71,0xc9,0xfe,0xff,0x54,0xff,0x3b,0x01,0x79,
	0x09,0x00,0x00,0x14,0xe0,0x3b,0x41,0x79,0x00,0x7c,0x40,0x93,0x00,0xf8,0x7f,0xd3,
	0xe1,0x83,0x00,0x91,0x3f,0x68,0x20,0x78,0xe0,0x3b,0x41,0x79,0x00,0x04,0x00,0x11,
	0xe0,0x3b,0x01,0x79,0xe0,0x3b,0x41,0x79,0x1f,0x9c,0x00,0x71,0xc9,0xfe,0xff,0x54,
	0xff,0x3b,0x01,0x79,0xff,0x37,0x01,0x79,0xff,0x7f,0x02,0x39,0xff,0xdf,0x01,0x39,
	0xff,0x7b,0x02,0x39,0xff,0x2f,0x01,0x79,0xff,0x2b,0x01,0x79,0x2d,0x00,0x00,0x14,
	0xe2,0x3b,0x41,0x79,0xc0,0x75,0x00,0xd0,0x01,0x00,0x2f,0x91,0x40,0x7c,0x40,0x93,
	0x20,0x68,0xe0,0x38,0x1f,0x90,0x01,0x31,0x61,0x04,0x00,0x54,0xe0,0x37,0x41,0x79,
	0x00,0x04,0x00,0x11,0xe0,0x37,0x01,0x79,0xe0,0x7b,0xc2,0x39,0x1f,0x00,0x00,0x71,
	0x81,0x00,0x00,0x54,0xe0,0x3b,0x41,0x79,0xe0,0x2f,0x01,0x79,0x03,0x00,0x00,0x14,
	0xe0,0x3b,0x41,0x79,0xe0,0x2b,0x01,0x79,0x60,0x0c,0x80,0x12,0xe0,0x7b,0x02,0x39,
	0xff,0x33,0x01,0x79,0x0f,0x00,0x00,0x14,0xe3,0x33,0x41,0x79,0xe0,0x33,0x41,0x79,
	0x00,0x04,0x00,0x11,0x00,0x7c,0x40,0x93,0x00,0xf8,0x7f,0xd3,0xe1,0x83,0x00,0x91,
	0x22,0x68,0x60,0x78,0x60,0x7c,0x40,0x93,0x00,0xf8,0x7f,0xd3,0xe1,0x83,0x00,0x91,
	0x22,0x68,0x20,0x78,0xe0,0x33,0x41,0x79,0x00,0x04,0x00,0x11,0xe0,0x33,0x01,0x79,
	0xe0,0x33,0x41,0x79,0x1f,0x98,0x00,0x71,0x09,0xfe,0xff,0x54,0xe0,0x3b,0x41,0x79,
	0xe0,0xdf,0x00,0x79,0xe0,0x3b,0x41,0x79,0x00,0x04,0x00,0x11,0xe0,0x3b,0x01,0x79,
	0xe0,0x3b,0x41,0x79,0x1f,0x7c,0x0c,0x71,0x49,0xfa,0xff,0x54,0xe1,0x2b,0x41,0x79,
	0xe0,0x2f,0x41,0x79,0x3f,0x00,0x00,0x6b,0xc8,0x00,0x00,0x54,0xe0,0x75,0x00,0xb0,
	0x00,0x60,0x14,0x91,0x1f,0x00,0x00,0x79,0xff,0x7f,0x00,0xb9,0x1a,0x00,0x00,0x14,
	0xe1,0x2b,0x41,0x79,0xe0,0x2f,0x41,0x79,0x20,0x00,0x00,0x4b,0xe0,0x93,0x00,0xb9,
	0xe0,0x37,0x41,0x79,0x01,0x04,0x00,0x51,0x00,0x2c,0x81,0x52,0x20,0x7c,0x00,0x1b,
	0xe0,0x8f,0x00,0xb9,0xe1,0x8f,0x40,0xb9,0xe0,0x93,0x40,0xb9,0x20,0x08,0xc0,0x1a,
	0x01,0x3c,0x00,0x12,0xe0,0x75,0x00,0xb0,0x00,0x60,0x14,0x91,0x01,0x00,0x00,0x79,
	0xe0,0xdf,0x40,0x79,0xe1,0x03,0x00,0x2a,0xe0,0xdb,0x40,0x79,0x20,0x00,0x00,0x4b,
	0x1f,0x00,0x00,0x71,0x01,0xa4,0x80,0x5a,0x20,0x03,0x80,0x52,0x20,0x7c,0x00,0x1b,
	0xe0,0x7f,0x00,0xb9,0xe0,0x75,0x00,0xb0,0x00,0x60,0x05,0x91,0x00,0x00,0x40,0x79,
	0x1f,0x1c,0x00,0x71,0x29,0x0c,0x00,0x54,0xff,0x3b,0x01,0x79,0x0f,0x00,0x00,0x14,
	0xe3,0x3b,0x41,0x79,0xe0,0x3b,0x41,0x79,0x01,0x04,0x00,0x11,0xe0,0x75,0x00,0xb0,
	0x00,0xc0,0x14,0x91,0x21,0x7c,0x40,0x93,0x02,0x78,0x61,0x78,0xe0,0x75,0x00,0xb0,
	0x00,0xc0,0x14,0x91,0x61,0x7c,0x40,0x93,0x02,0x78,0x21,0x78,0xe0,0x3b,0x41,0x79,
	0x00,0x04,0x00,0x11,0xe0,0x3b,0x01,0x79,0xe0,0x3b,0x41,0x79,0x1f,0x18,0x00,0x71,
	0x09,0xfe,0xff,0x54,0xe0,0x75,0x00,0xb0,0x00,0x60,0x14,0x91,0x00,0x00,0x40,0x79,
	0x1f,0x00,0x00,0x71,0x60,0x01,0x00,0x54,0xe0,0x75,0x00,0xb0,0x00,0x60,0x14,0x91,
	0x00,0x00,0x40,0x79,0x1f,0xc4,0x00,0x71,0xc8,0x00,0x00,0x54,0xe0,0x75,0x00,0xb0,
	0x00,0xc0,0x14,0x91,0x41,0x06,0x80,0x52,0x01,0x1c,0x00,0x79,0x11,0x00,0x00,0x14,
	0xe0,0x75,0x00,0xb0,0x00,0x60,0x14,0x91,0x00,0x00,0x40,0x79,0x1f,0x08,0x02,0x71,
	0xc9,0x00,0x00,0x54,0xe0,0x75,0x00,0xb0,0x00,0xc0,0x14,0x91,0x41,0x10,0x80,0x52,
	0x01,0x1c,0x00,0x79,0x07,0x00,0x00,0x14,0xe0,0x75,0x00,0xb0,0x00,0x60,0x14,0x91,
	0x01,0x00,0x40,0x79,0xe0,0x75,0x00,0x90,0x00,0xc0,0x14,0x91,0x01,0x1c,0x00,0x79,
	0xff,0x3b,0x01,0x79,0xff,0x83,0x00,0xb9,0x18,0x00,0x00,0x14,0xe0,0x3b,0x41,0x79,
	0xe1,0x00,0x80,0x52,0x21,0x00,0x00,0x4b,0xe0,0x75,0x00,0x90,0x00,0xc0,0x14,0x91,
	0x21,0x7c,0x40,0x93,0x00,0x78,0x61,0x78,0x1f,0x00,0x00,0x71,0x60,0x02,0x00,0x54,
	0xe0,0x3b,0x41,0x79,0xe1,0x00,0x80,0x52,0x21,0x00,0x00,0x4b,0xe0,0x75,0x00,0x90,
	0x00,0xc0,0x14,0x91,0x21,0x7c,0x40,0x93,0x00,0x78,0x61,0x78,0xe1,0x03,0x00,0x2a,
	0xe0,0x83,0x40,0xb9,0x00,0x00,0x01,0x0b,0xe0,0x83,0x00,0xb9,0xe0,0x3b,0x41,0x79,
	0x00,0x04,0x00,0x11,0xe0,0x3b,0x01,0x79,0xe0,0x3b,0x41,0x79,0x1f,0x1c,0x00,0x71,
	0xe9,0xfc,0xff,0x54,0x02,0x00,0x00,0x14,0x1f,0x20,0x03,0xd5,0xe0,0x3b,0x41,0x79,
	0x1f,0x00,0x00,0x71,0xa1,0x00,0x00,0x54,0xe0,0x75,0x00,0x90,0x00,0x68,0x14,0x91,
	0x1f,0x00,0x00,0x79,0x0c,0x00,0x00,0x14,0xe0,0x3b,0x41,0x79,0xe1,0x83,0x40,0xb9,
	0x20,0x08,0xc0,0x1a,0x01,0x3c,0x00,0x12,0xe0,0x75,0x00,0x90,0x00,0x68,0x14,0x91,
	0x01,0x00,0x00,0x79,0x04,0x00,0x00,0x14,0xe0,0x75,0x00,0x90,0x00,0x68,0x14,0x91,
	0x1f,0x00,0x00,0x79,0xe0,0x75,0x00,0x90,0x00,0x50,0x14,0x91,0x00,0x00,0x40,0x39,
	0x1f,0x04,0x00,0x71,0x41,0x02,0x00,0x54,0xe0,0x75,0x00,0x90,0x00,0x54,0x14,0x91,
	0x00,0x00,0x40,0x39,0x1f,0x04,0x00,0x71,0xa9,0x00,0x00,0x54,0xe0,0x75,0x00,0x90,
	0x00,0x50,0x14,0x91,0x1f,0x00,0x00,0x39,0x09,0x00,0x00,0x14,0xe0,0x75,0x00,0x90,
	0x00,0x54,0x14,0x91,0x00,0x00,0x40,0x39,0x00,0x04,0x00,0x11,0x01,0x1c,0x00,0x12,
	0xe0,0x75,0x00,0x90,0x00,0x54,0x14,0x91,0x01,0x00,0x00,0x39,0xe0,0x75,0x00,0x90,
	0x00,0x5c,0x14,0x91,0x21,0x00,0x80,0x52,0x01,0x00,0x00,0x39,0xe0,0x75,0x00,0x90,
	0x00,0x60,0x05,0x91,0x00,0x00,0x40,0x79,0x1f,0x28,0x00,0x71,0xa9,0x27,0x00,0x54,
	0xe0,0x75,0x00,0x90,0x00,0x68,0x14,0x91,0x01,0x00,0x40,0x79,0xe0,0x75,0x00,0x90,
	0x00,0x70,0x14,0x91,0x01,0x00,0x00,0x79,0xc0,0x75,0x00,0xb0,0x00,0xa8,0x2b,0x91,
	0x21,0x00,0x80,0x52,0x01,0x00,0x00,0x39,0xe0,0x75,0x00,0x90,0x00,0x68,0x14,0x91,
	0x00,0x00,0x40,0x79,0x1f,0x00,0x00,0x71,0x80,0x01,0x00,0x54,0xe0,0x75,0x00,0x90,
	0x00,0x68,0x14,0x91,0x00,0x00,0x40,0x79,0xe1,0x03,0x00,0x2a,0x00,0x4c,0x9d,0x52,
	0x00,0x0c,0xc1,0x1a,0x01,0x3c,0x00,0x12,0xe0,0x75,0x00,0x90,0x00,0x78,0x14,0x91,
	0x01,0x00,0x00,0x79,0x04,0x00,0x00,0x14,0xe0,0x75,0x00,0x90,0x00,0x78,0x14,0x91,
	0x1f,0x00,0x00,0x79,0xe0,0x7f,0x40,0xb9,0x01,0x3c,0x00,0x12,0xe0,0x75,0x00,0x90,
	0x00,0x80,0x14,0x91,0x01,0x00,0x00,0x79,0x00,0x05,0x80,0x52,0xe0,0x33,0x01,0x79,
	0xff,0x3b,0x01,0x79,0xff,0x7f,0x00,0xb9,0xe0,0x75,0x00,0x90,0x00,0x00,0x15,0x91,
	0x1f,0x00,0x00,0x79,0xe0,0x75,0x00,0x90,0x00,0x08,0x15,0x91,0x1f,0x00,0x00,0x79,
	0x9f,0x00,0x00,0x14,0xe0,0x33,0x41,0x79,0x00,0x0c,0x00,0x51,0x00,0x7c,0x40,0x93,
	0x00,0xf8,0x7f,0xd3,0xe1,0x83,0x00,0x91,0x20,0x68,0x60,0x78,0x1f,0x00,0x00,0x71,
	0x60,0x13,0x00,0x54,0xe0,0x33,0x41,0x79,0x00,0x04,0x00,0x51,0x00,0x7c,0x40,0x93,
	0x00,0xf8,0x7f,0xd3,0xe1,0x83,0x00,0x91,0x21,0x68,0x60,0x78,0xe0,0x33,0x41,0x79,
	0x00,0x08,0x00,0x51,0x00,0x7c,0x40,0x93,0x00,0xf8,0x7f,0xd3,0xe2,0x83,0x00,0x91,
	0x40,0x68,0x60,0x78,0x20,0x00,0x00,0x4b,0x01,0x3c,0x00,0x12,0x20,0x03,0x80,0x52,
	0x20,0x7c,0x00,0x1b,0x00,0x3c,0x00,0x12,0xe0,0xeb,0x00,0x79,0xe0,0x33,0x41,0x79,
	0x00,0x08,0x00,0x51,0x00,0x7c,0x40,0x93,0x00,0xf8,0x7f,0xd3,0xe1,0x83,0x00,0x91,
	0x21,0x68,0x60,0x78,0xe0,0x33,0x41,0x79,0x00,0x0c,0x00,0x51,0x00,0x7c,0x40,0x93,
	0x00,0xf8,0x7f,0xd3,0xe2,0x83,0x00,0x91,0x40,0x68,0x60,0x78,0x20,0x00,0x00,0x4b,
	0x01,0x3c,0x00,0x12,0x20,0x03,0x80,0x52,0x20,0x7c,0x00,0x1b,0x00,0x3c,0x00,0x12,
	0xe0,0xe7,0x00,0x79,0xe1,0xeb,0xc0,0x79,0xe0,0xe7,0xc0,0x79,0x20,0x00,0x00,0x4b,
	0x1f,0x00,0x00,0x71,0x00,0xa4,0x80,0x5a,0xe1,0x03,0x00,0x2a,0xe0,0x7f,0x40,0xb9,
	0x00,0x00,0x01,0x0b,0xe0,0x7f,0x00,0xb9,0xe0,0x3b,0x41,0x79,0x00,0x04,0x00,0x11,
	0xe0,0x3b,0x01,0x79,0xe0,0x3b,0x41,0x79,0x1f,0x04,0x00,0x71,0xc1,0x04,0x00,0x54,
	0xe1,0xeb,0xc0,0x79,0xe0,0xe7,0xc0,0x79,0x20,0x00,0x00,0x4b,0x1f,0x00,0x00,0x71,
	0x00,0xa4,0x80,0x5a,0x01,0x3c,0x00,0x12,0xe0,0x75,0x00,0x90,0x00,0x00,0x15,0x91,
	0x01,0x00,0x00,0x79,0xe0,0x75,0x00,0x90,0x00,0x00,0x15,0x91,0x01,0x00,0x40,0x79,
	0xe0,0x75,0x00,0x90,0x00,0x08,0x15,0x91,0x01,0x00,0x00,0x79,0xe1,0xeb,0xc0,0x79,
	0xe0,0xe7,0xc0,0x79,0x3f,0x00,0x00,0x6b,0x4d,0x01,0x00,0x54,0xe1,0xeb,0x40,0x79,
	0xe0,0x75,0x00,0x90,0x00,0x10,0x15,0x91,0x01,0x00,0x00,0x79,0xe1,0xe7,0x40,0x79,
	0xe0,0x75,0x00,0x90,0x00,0x18,0x15,0x91,0x01,0x00,0x00,0x79,0x45,0x00,0x00,0x14,
	0xe1,0xe7,0x40,0x79,0xe0,0x75,0x00,0x90,0x00,0x10,0x15,0x91,0x01,0x00,0x00,0x79,
	0xe1,0xeb,0x40,0x79,0xe0,0x75,0x00,0x90,0x00,0x18,0x15,0x91,0x01,0x00,0x00,0x79,
	0x3c,0x00,0x00,0x14,0xe1,0xeb,0xc0,0x79,0xe0,0xe7,0xc0,0x79,0x20,0x00,0x00,0x4b,
	0x1f,0x00,0x00,0x71,0x00,0xa4,0x80,0x5a,0xe1,0x75,0x00,0x90,0x21,0x00,0x15,0x91,
	0x21,0x00,0x40,0x79,0x1f,0x00,0x01,0x6b,0x6d,0x01,0x00,0x54,0xe1,0xeb,0xc0,0x79,
	0xe0,0xe7,0xc0,0x79,0x20,0x00,0x00,0x4b,0x1f,0x00,0x00,0x71,0x00,0xa4,0x80,0x5a,
	0x01,0x3c,0x00,0x12,0xe0,0x75,0x00,0x90,0x00,0x00,0x15,0x91,0x01,0x00,0x00,0x79,
	0x14,0x00,0x00,0x14,0xe1,0xeb,0xc0,0x79,0xe0,0xe7,0xc0,0x79,0x20,0x00,0x00,0x4b,
	0x1f,0x00,0x00,0x71,0x00,0xa4,0x80,0x5a,0xe1,0x75,0x00,0x90,0x21,0x08,0x15,0x91,
	0x21,0x00,0x40,0x79,0x1f,0x00,0x01,0x6b,0x4a,0x01,0x00,0x54,0xe1,0xeb,0xc0,0x79,
	0xe0,0xe7,0xc0,0x79,0x20,0x00,0x00,0x4b,0x1f,0x00,0x00,0x71,0x00,0xa4,0x80,0x5a,
	0x01,0x3c,0x00,0x12,0xe0,0x75,0x00,0x90,0x00,0x08,0x15,0x91,0x01,0x00,0x00,0x79,
	0xe0,0xe7,0xc0,0x79,0xe1,0x75,0x00,0x90,0x21,0x10,0x15,0x91,0x21,0x00,0x40,0x79,
	0x1f,0x00,0x01,0x6b,0xad,0x00,0x00,0x54,0xe1,0xe7,0x40,0x79,0xe0,0x75,0x00,0x90,
	0x00,0x10,0x15,0x91,0x01,0x00,0x00,0x79,0xe0,0xe7,0xc0,0x79,0xe1,0x75,0x00,0x90,
	0x21,0x18,0x15,0x91,0x21,0x00,0x40,0x79,0x1f,0x00,0x01,0x6b,0xaa,0x00,0x00,0x54,
	0xe1,0xe7,0x40,0x79,0xe0,0x75,0x00,0x90,0x00,0x18,0x15,0x91,0x01,0x00,0x00,0x79,
	0xe0,0x33,0x41,0x79,0x00,0x04,0x00,0x51,0xe0,0x33,0x01,0x79,0xe0,0x33,0x41,0x79,
	0x1f,0x08,0x00,0x71,0x08,0xec,0xff,0x54,0x02,0x00,0x00,0x14,0x1f,0x20,0x03,0xd5,
	0xe0,0x3b,0x41,0x79,0x1f,0x24,0x00,0x71,0xa8,0x00,0x00,0x54,0xe0,0x75,0x00,0x90,
	0x00,0x88,0x14,0x91,0x1f,0x00,0x00,0x79,0x12,0x00,0x00,0x14,0xe0,0x75,0x00,0x90,
	0x00,0x00,0x15,0x91,0x00,0x00,0x40,0x79,0xe1,0x03,0x00,0x2a,0xe0,0x7f,0x40,0xb9,
	0x00,0x00,0x01,0x4b,0xe1,0x75,0x00,0x90,0x21,0x08,0x15,0x91,0x21,0x00,0x40,0x79,
	0x00,0x00,0x01,0x4b,0xe1,0x3b,0x41,0x79,0x21,0x08,0x00,0x51,0x00,0x08,0xc1,0x1a,
	0x01,0x3c,0x00,0x12,0xe0,0x75,0x00,0x90,0x00,0x88,0x14,0x91,0x01,0x00,0x00,0x79,
	0xe0,0x75,0x00,0x90,0x00,0x88,0x14,0x91,0x00,0x00,0x40,0x79,0x1f,0x00,0x00,0x71,
	0x40,0x03,0x00,0x54,0xff,0x37,0x01,0x79,0x0f,0x00,0x00,0x14,0xe3,0x37,0x41,0x79,
	0xe0,0x37,0x41,0x79,0x01,0x04,0x00,0x11,0xe0,0x75,0x00,0x90,0x00,0xa0,0x14,0x91,
	0x21,0x7c,0x40,0x93,0x02,0x78,0x61,0x78,0xe0,0x75,0x00,0x90,0x00,0xa0,0x14,0x91,
	0x61,0x7c,0x40,0x93,0x02,0x78,0x21,0x78,0xe0,0x37,0x41,0x79,0x00,0x04,0x00,0x11,
	0xe0,0x37,0x01,0x79,0xe0,0x37,0x41,0x79,0x1f,0x08,0x00,0x71,0x09,0xfe,0xff,0x54,
	0xe0,0x75,0x00,0x90,0x00,0x88,0x14,0x91,0x01,0x00,0x40,0x79,0xe0,0x75,0x00,0x90,
	0x00,0xa0,0x14,0x91,0x01,0x0c,0x00,0x79,0x80,0x00,0x80,0x52,0xe0,0x37,0x01,0x79,
	0xff,0x7f,0x00,0xb9,0xff,0x33,0x01,0x79,0x19,0x00,0x00,0x14,0xe0,0x37,0x41,0x79,
	0x01,0x04,0x00,0x51,0xe0,0x75,0x00,0x90,0x00,0xa0,0x14,0x91,0x21,0x7c,0x40,0x93,
	0x00,0x78,0x61,0x78,0x1f,0x00,0x00,0x71,0xa0,0x02,0x00,0x54,0xe0,0x37,0x41,0x79,
	0x01,0x04,0x00,0x51,0xe0,0x75,0x00,0x90,0x00,0xa0,0x14,0x91,0x21,0x7c,0x40,0x93,
	0x00,0x78,0x61,0x78,0xe1,0x03,0x00,0x2a,0xe0,0x7f,0x40,0xb9,0x00,0x00,0x01,0x0b,
	0xe0,0x7f,0x00,0xb9,0xe0,0x33,0x41,0x79,0x00,0x04,0x00,0x11,0xe0,0x33,0x01,0x79,
	0xe0,0x37,0x41,0x79,0x00,0x04,0x00,0x51,0xe0,0x37,0x01,0x79,0xe0,0x37,0x41,0x79,
	0x1f,0x00,0x00,0x71,0xc1,0xfc,0xff,0x54,0x02,0x00,0x00,0x14,0x1f,0x20,0x03,0xd5,
	0xe0,0x33,0x41,0x79,0x1f,0x00,0x00,0x71,0x20,0x01,0x00,0x54,0xe0,0x33,0x41,0x79,
	0xe1,0x7f,0x40,0xb9,0x20,0x08,0xc0,0x1a,0x01,0x3c,0x00,0x12,0xe0,0x75,0x00,0x90,
	0x00,0x90,0x14,0x91,0x01,0x00,0x00,0x79,0x04,0x00,0x00,0x14,0xe0,0x75,0x00,0x90,
	0x00,0x90,0x14,0x91,0x1f,0x00,0x00,0x79,0xe0,0x3b,0x41,0x79,0x01,0x1c,0x00,0x12,
	0xe0,0x75,0x00,0x90,0x00,0xc0,0x01,0x91,0x01,0x00,0x00,0x39,0x10,0x00,0x00,0x14,
	0xe0,0x75,0x00,0x90,0x00,0x70,0x14,0x91,0x1f,0x00,0x00,0x79,0xe0,0x75,0x00,0x90,
	0x00,0x78,0x14,0x91,0x1f,0x00,0x00,0x79,0xe0,0x75,0x00,0x90,0x00,0x80,0x14,0x91,
	0x1f,0x00,0x00,0x79,0xe0,0x75,0x00,0x90,0x00,0x88,0x14,0x91,0x1f,0x00,0x00,0x79,
	0xe0,0x75,0x00,0x90,0x00,0x90,0x14,0x91,0x1f,0x00,0x00,0x79,0xe0,0x75,0x00,0x90,
	0x00,0x90,0x14,0x91,0x00,0x00,0x40,0x79,0x1f,0x2c,0x01,0x71,0xc9,0x00,0x00,0x54,
	0xe0,0x75,0x00,0x90,0x00,0x98,0x14,0x91,0x41,0x01,0x80,0x52,0x01,0x00,0x00,0x79,
	0x73,0x00,0x00,0x14,0xe0,0x75,0x00,0x90,0x00,0x90,0x14,0x91,0x00,0x00,0x40,0x79,
	0x1f,0x04,0x00,0x71,0xa8,0x00,0x00,0x54,0xe0,0x75,0x00,0x90,0x00,0x98,0x14,0x91,
	0x1f,0x00,0x00,0x79,0x6a,0x00,0x00,0x14,0xe0,0x75,0x00,0x90,0x00,0x90,0x14,0x91,
	0x00,0x00,0x40,0x79,0xa1,0x0a,0x80,0x52,0x20,0x00,0x00,0x4b,0x01,0x3c,0x00,0x12,
	0xe0,0x75,0x00,0x90,0x00,0x98,0x14,0x91,0x01,0x00,0x00,0x79,0x60,0x00,0x00,0x14,
	0x00,0x77,0x00,0xb0,0x00,0x90,0x1a,0x91,0x00,0x00,0x40,0xb9,0x1f,0x04,0x00,0x71,
	0x61,0x0b,0x00,0x54,0xe0,0x75,0x00,0x90,0x00,0x5c,0x14,0x91,0x00,0x00,0x40,0x39,
	0x1f,0x04,0x00,0x71,0x61,0x05,0x00,0x54,0xff,0x37,0x01,0x79,0x09,0x00,0x00,0x14,
	0xe1,0x37,0x41,0x79,0xc0,0x75,0x00,0xd0,0x00,0x80,0x31,0x91,0x21,0x7c,0x40,0x93,
	0x1f,0x78,0x21,0xb8,0xe0,0x37,0x41,0x79,0x00,0x04,0x00,0x11,0xe0,0x37,0x01,0x79,
	0xe0,0x37,0x41,0x79,0x1f,0x1c,0x03,0x71,0xc9,0xfe,0xff,0x54,0xff,0x37,0x01,0x79,
	0x09,0x00,0x00,0x14,0xe2,0x37,0x41,0x79,0xc0,0x75,0x00,0xb0,0x01,0x00,0x2f,0x91,
	0x40,0x7c,0x40,0x93,0x3f,0x68,0x20,0x38,0xe0,0x37,0x41,0x79,0x00,0x04,0x00,0x11,
	0xe0,0x37,0x01,0x79,0xe0,0x37,0x41,0x79,0x1f,0x7c,0x0c,0x71,0xc9,0xfe,0xff,0x54,
	0xff,0x37,0x01,0x79,0x09,0x00,0x00,0x14,0xe1,0x37,0x41,0x79,0xe0,0x75,0x00,0x90,
	0x00,0xc0,0x14,0x91,0x21,0x7c,0x40,0x93,0x1f,0x78,0x21,0x78,0xe0,0x37,0x41,0x79,
	0x00,0x04,0x00,0x11,0xe0,0x37,0x01,0x79,0xe0,0x37,0x41,0x79,0x1f,0x1c,0x00,0x71,
	0xc9,0xfe,0xff,0x54,0xe0,0x75,0x00,0x90,0x00,0x5c,0x14,0x91,0x1f,0x00,0x00,0x39,
	0xff,0x37,0x01,0x79,0x09,0x00,0x00,0x14,0xe1,0x37,0x41,0x79,0xe0,0x75,0x00,0x90,
	0x00,0xa0,0x14,0x91,0x21,0x7c,0x40,0x93,0x1f,0x78,0x21,0x78,0xe0,0x37,0x41,0x79,
	0x00,0x04,0x00,0x11,0xe0,0x37,0x01,0x79,0xe0,0x37,0x41,0x79,0x1f,0x0c,0x00,0x71,
	0xc9,0xfe,0xff,0x54,0xe0,0x75,0x00,0x90,0x00,0x90,0x14,0x91,0x1f,0x00,0x00,0x79,
	0xe0,0x75,0x00,0x90,0x00,0x98,0x14,0x91,0x1f,0x00,0x00,0x79,0xe0,0x75,0x00,0x90,
	0x00,0x70,0x14,0x91,0x1f,0x00,0x00,0x79,0xe0,0x75,0x00,0x90,0x00,0x78,0x14,0x91,
	0x1f,0x00,0x00,0x79,0xe0,0x75,0x00,0x90,0x00,0x80,0x14,0x91,0x1f,0x00,0x00,0x79,
	0xc0,0x75,0x00,0xb0,0x00,0xa8,0x2b,0x91,0x1f,0x00,0x00,0x39,0xe0,0x75,0x00,0x90,
	0x00,0x68,0x14,0x91,0x1f,0x00,0x00,0x79,0xe0,0x75,0x00,0x90,0x00,0x50,0x14,0x91,
	0x1f,0x00,0x00,0x39,0xe0,0x75,0x00,0x90,0x00,0x54,0x14,0x91,0x1f,0x00,0x00,0x39,
	0xe0,0x75,0x00,0x90,0x00,0x58,0x14,0x91,0x1f,0x00,0x00,0x39,0x1f,0x20,0x03,0xd5,
	0xff,0x83,0x02,0x91,0xc0,0x03,0x5f,0xd6,0xff,0x43,0x00,0xd1,0xe0,0x07,0x00,0xf9,
	0x1f,0x20,0x03,0xd5,0xff,0x43,0x00,0x91,0xc0,0x03,0x5f,0xd6,0xfd,0x7b,0xbc,0xa9,
	0xfd,0x03,0x00,0x91,0xa0,0x2f,0x00,0xb9,0xa1,0xaf,0x00,0x39,0xa2,0x13,0x00,0xf9,
	0xa3,0x0f,0x00,0xf9,0xa4,0x0b,0x00,0xf9,0xbf,0xdf,0x00,0x39,0xc0,0x75,0x00,0xb0,
	0x00,0xa0,0x2b,0x91,0x00,0x00,0x40,0x39,0x1f,0x04,0x00,0x71,0x41,0x8d,0x00,0x54,
	0xe0,0x75,0x00,0x90,0x00,0x60,0x05,0x91,0x00,0x00,0x40,0x79,0x1f,0x40,0x1f,0x71,
	0xc9,0x00,0x00,0x54,0xe0,0x75,0x00,0x90,0x00,0x60,0x05,0x91,0x81,0x0c,0x80,0x52,
	0x01,0x00,0x00,0x79,0x09,0x00,0x00,0x14,0xe0,0x75,0x00,0x90,0x00,0x60,0x05,0x91,
	0x00,0x00,0x40,0x79,0x00,0x04,0x00,0x11,0x01,0x3c,0x00,0x12,0xe0,0x75,0x00,0x90,
	0x00,0x60,0x05,0x91,0x01,0x00,0x00,0x79,0xe0,0x75,0x00,0x90,0x00,0x68,0x05,0x91,
	0x00,0x00,0x40,0x79,0x1f,0x40,0x1f,0x71,0xc9,0x00,0x00,0x54,0xe0,0x75,0x00,0x90,
	0x00,0x68,0x05,0x91,0x81,0x0c,0x80,0x52,0x01,0x00,0x00,0x79,0x09,0x00,0x00,0x14,
	0xe0,0x75,0x00,0x90,0x00,0x68,0x05,0x91,0x00,0x00,0x40,0x79,0x00,0x04,0x00,0x11,
	0x01,0x3c,0x00,0x12,0xe0,0x75,0x00,0x90,0x00,0x68,0x05,0x91,0x01,0x00,0x00,0x79,
	0xa0,0x2f,0x40,0xb9,0x1f,0x10,0x00,0x71,0xc8,0x00,0x00,0x54,0x1f,0x0c,0x00,0x71,
	0xa2,0x34,0x00,0x54,0x1f,0x08,0x00,0x71,0xa0,0x00,0x00,0x54,0xc0,0x02,0x00,0x14,
	0x1f,0x34,0x00,0x71,0x80,0x48,0x00,0x54,0xbd,0x02,0x00,0x14,0xc0,0x75,0x00,0xf0,
	0x05,0x80,0x11,0x91,0xe0,0x75,0x00,0x90,0x04,0xc0,0x21,0x91,0xc0,0x75,0x00,0xf0,
	0x03,0x80,0x01,0x91,0xe0,0x75,0x00,0x90,0x02,0x20,0x20,0x91,0xc0,0x75,0x00,0xd0,
	0x01,0x80,0x31,0x91,0xe0,0x75,0x00,0x90,0x00,0x80,0x1e,0x91,0xe6,0x03,0x05,0xaa,
	0xe5,0x03,0x04,0xaa,0xe4,0x03,0x03,0xaa,0xe3,0x03,0x02,0xaa,0xe2,0x03,0x01,0xaa,
	0xe1,0x03,0x00,0xaa,0x80,0x02,0x80,0x52,0xba,0xd7,0xff,0x97,0xe0,0x75,0x00,0x90,
	0x00,0x60,0x05,0x91,0x00,0x00,0x40,0x79,0x1f,0x08,0x00,0x71,0x89,0x08,0x00,0x54,
	0x00,0x20,0x80,0x52,0xa0,0x6b,0x00,0x79,0x80,0x02,0x80,0x52,0xa0,0x67,0x00,0x79,
	0xc0,0x75,0x00,0xd0,0x01,0x80,0x01,0x91,0xc0,0x75,0x00,0xd0,0x00,0x80,0x31,0x91,
	0xa2,0x6b,0x40,0x79,0xfd,0xc4,0xff,0x97,0xc0,0x75,0x00,0xd0,0x01,0x80,0x01,0x91,
	0xe0,0x20,0x00,0x90,0x00,0x00,0x3f,0x91,0xa2,0x6b,0x40,0x79,0xe9,0xc5,0xff,0x97,
	0xe0,0x75,0x00,0x90,0x01,0xe0,0x23,0x91,0xc0,0x75,0x00,0xd0,0x00,0x80,0x01,0x91,
	0xa3,0x6b,0x40,0x79,0xe2,0x03,0x01,0xaa,0xe1,0x03,0x00,0xaa,0xa0,0x67,0x40,0x79,
	0x5f,0xc6,0xff,0x97,0xc0,0x75,0x00,0xd0,0x01,0x80,0x01,0x91,0xc0,0x75,0x00,0xf0,
	0x00,0x80,0x01,0x91,0xa2,0x6b,0x40,0x79,0xe8,0xc4,0xff,0x97,0xc0,0x75,0x00,0xd0,
	0x01,0x80,0x01,0x91,0xe0,0x20,0x00,0x90,0x00,0x00,0x3f,0x91,0xa2,0x6b,0x40,0x79,
	0xd4,0xc5,0xff,0x97,0xe0,0x75,0x00,0x90,0x01,0x80,0x24,0x91,0xc0,0x75,0x00,0xd0,
	0x00,0x80,0x01,0x91,0xa3,0x6b,0x40,0x79,0xe2,0x03,0x01,0xaa,0xe1,0x03,0x00,0xaa,
	0xa0,0x67,0x40,0x79,0x4a,0xc6,0xff,0x97,0xc0,0x75,0x00,0xd0,0x01,0x80,0x01,0x91,
	0xc0,0x75,0x00,0xf0,0x00,0x80,0x11,0x91,0xa2,0x6b,0x40,0x79,0xd3,0xc4,0xff,0x97,
	0xc0,0x75,0x00,0xd0,0x01,0x80,0x01,0x91,0xe0,0x20,0x00,0x90,0x00,0x00,0x3f,0x91,
	0xa2,0x6b,0x40,0x79,0xbf,0xc5,0xff,0x97,0xe0,0x75,0x00,0x90,0x01,0x20,0x25,0x91,
	0xc0,0x75,0x00,0xd0,0x00,0x80,0x01,0x91,0xa3,0x6b,0x40,0x79,0xe2,0x03,0x01,0xaa,
	0xe1,0x03,0x00,0xaa,0xa0,0x67,0x40,0x79,0x35,0xc6,0xff,0x97,0x5d,0xdc,0xff,0x97,
	0xe0,0x75,0x00,0x90,0x02,0x20,0x25,0x91,0xe0,0x75,0x00,0x90,0x01,0x80,0x24,0x91,
	0xe0,0x75,0x00,0x90,0x00,0xe0,0x23,0x91,0xa3,0x0b,0x40,0xf9,0x49,0xf7,0xff,0x97,
	0xa0,0x0b,0x40,0xf9,0x00,0x40,0x00,0x91,0x01,0x77,0x00,0xb0,0x21,0x90,0x1a,0x91,
	0x21,0x00,0x40,0xb9,0x01,0x00,0x00,0xb9,0xa0,0x0b,0x40,0xf9,0x00,0x50,0x00,0x91,
	0xe1,0x75,0x00,0x90,0x21,0x50,0x23,0x91,0x21,0x00,0x40,0xb9,0x01,0x00,0x00,0xb9,
	0xa0,0x0b,0x40,0xf9,0x00,0x60,0x00,0x91,0xe1,0x75,0x00,0x90,0x21,0x60,0x23,0x91,
	0x21,0x00,0x40,0xb9,0x01,0x00,0x00,0xb9,0xa0,0x0b,0x40,0xf9,0x00,0x70,0x00,0x91,
	0xe1,0x75,0x00,0x90,0x21,0x70,0x23,0x91,0x21,0x00,0x40,0xb9,0x01,0x00,0x00,0xb9,
	0xa0,0x0b,0x40,0xf9,0x00,0x10,0x00,0x91,0xe1,0x75,0x00,0x90,0x21,0xb0,0x23,0x91,
	0x21,0x00,0x40,0xb9,0x01,0x00,0x00,0xb9,0xa0,0x0b,0x40,0xf9,0x00,0x20,0x00,0x91,
	0xe1,0x75,0x00,0x90,0x21,0xc0,0x23,0x91,0x21,0x00,0x40,0xb9,0x01,0x00,0x00,0xb9,
	0xa0,0x0b,0x40,0xf9,0x00,0x30,0x00,0x91,0xe1,0x75,0x00,0x90,0x21,0xd0,0x23,0x91,
	0x21,0x00,0x40,0xb9,0x01,0x00,0x00,0xb9,0xa0,0x0b,0x40,0xf9,0x00,0xb0,0x00,0x91,
	0x00,0x00,0x40,0xb9,0x1f,0x00,0x00,0x71,0xa1,0x00,0x00,0x54,0xa0,0x0b,0x40,0xf9,
	0x00,0xd0,0x00,0x91,0x1f,0x00,0x00,0xb9,0x0d,0x00,0x00,0x14,0xa0,0x0b,0x40,0xf9,
	0x00,0xd0,0x00,0x91,0xa1,0x0b,0x40,0xf9,0x21,0xa0,0x00,0x91,0x22,0x00,0x40,0xb9,
	0x81,0x0c,0x80,0x52,0x42,0x7c,0x01,0x1b,0xa1,0x0b,0x40,0xf9,0x21,0xb0,0x00,0x91,
	0x21,0x00,0x40,0xb9,0x41,0x08,0xc1,0x1a,0x01,0x00,0x00,0xb9,0xa0,0x0b,0x40,0xf9,
	0x00,0xc0,0x00,0x91,0x00,0x00,0x40,0xb9,0x1f,0x00,0x00,0x71,0x01,0x01,0x00,0x54,
	0xa0,0x0b,0x40,0xf9,0x00,0xe0,0x00,0x91,0x1f,0x00,0x00,0xb9,0xa0,0x0b,0x40,0xf9,
	0x00,0xf0,0x00,0x91,0x1f,0x00,0x00,0xb9,0x19,0x00,0x00,0x14,0xa0,0x0b,0x40,0xf9,
	0x00,0xe0,0x00,0x91,0xa1,0x0b,0x40,0xf9,0x21,0xa0,0x00,0x91,0x22,0x00,0x40,0xb9,
	0x81,0x0c,0x80,0x52,0x42,0x7c,0x01,0x1b,0xa1,0x0b,0x40,0xf9,0x21,0xc0,0x00,0x91,
	0x21,0x00,0x40,0xb9,0x41,0x08,0xc1,0x1a,0x01,0x00,0x00,0xb9,0xa0,0x0b,0x40,0xf9,
	0x00,0xf0,0x00,0x91,0xa1,0x0b,0x40,0xf9,0x21,0xb0,0x00,0x91,0x22,0x00,0x40,0xb9,
	0x81,0x0c,0x80,0x52,0x42,0x7c,0x01,0x1b,0xa1,0x0b,0x40,0xf9,0x21,0xc0,0x00,0x91,
	0x21,0x00,0x40,0xb9,0x41,0x08,0xc1,0x1a,0x01,0x00,0x00,0xb9,0xe0,0x75,0x00,0x90,
	0x00,0xc0,0x23,0x91,0x00,0x00,0x40,0xb9,0x1f,0x00,0x00,0x71,0xa1,0x00,0x00,0x54,
	0xa0,0x0b,0x40,0xf9,0x00,0x00,0x01,0x91,0x1f,0x00,0x00,0xb9,0x0d,0x00,0x00,0x14,
	0xa0,0x0b,0x40,0xf9,0x00,0x00,0x01,0x91,0xe1,0x75,0x00,0x90,0x21,0xb0,0x23,0x91,
	0x22,0x00,0x40,0xb9,0x81,0x0c,0x80,0x52,0x42,0x7c,0x01,0x1b,0xe1,0x75,0x00,0x90,
	0x21,0xc0,0x23,0x91,0x21,0x00,0x40,0xb9,0x41,0x0c,0xc1,0x1a,0x01,0x00,0x00,0xb9,
	0xe0,0x75,0x00,0x90,0x00,0xd0,0x23,0x91,0x00,0x00,0x40,0xb9,0x1f,0x00,0x00,0x71,
	0x01,0x01,0x00,0x54,0xa0,0x0b,0x40,0xf9,0x00,0x10,0x01,0x91,0x1f,0x00,0x00,0xb9,
	0xa0,0x0b,0x40,0xf9,0x00,0x20,0x01,0x91,0x1f,0x00,0x00,0xb9,0x19,0x00,0x00,0x14,
	0xa0,0x0b,0x40,0xf9,0x00,0x10,0x01,0x91,0xe1,0x75,0x00,0x90,0x21,0xb0,0x23,0x91,
	0x22,0x00,0x40,0xb9,0x81,0x0c,0x80,0x52,0x42,0x7c,0x01,0x1b,0xe1,0x75,0x00,0x90,
	0x21,0xd0,0x23,0x91,0x21,0x00,0x40,0xb9,0x41,0x0c,0xc1,0x1a,0x01,0x00,0x00,0xb9,
	0xa0,0x0b,0x40,0xf9,0x00,0x20,0x01,0x91,0xe1,0x75,0x00,0x90,0x21,0xc0,0x23,0x91,
	0x22,0x00,0x40,0xb9,0x81,0x0c,0x80,0x52,0x42,0x7c,0x01,0x1b,0xe1,0x75,0x00,0x90,
	0x21,0xd0,0x23,0x91,0x21,0x00,0x40,0xb9,0x41,0x0c,0xc1,0x1a,0x01,0x00,0x00,0xb9,
	0xe0,0x75,0x00,0x90,0x00,0x50,0x23,0x91,0x00,0x00,0x40,0xb9,0x1f,0x00,0x00,0x71,
	0x01,0x01,0x00,0x54,0xa0,0x0b,0x40,0xf9,0x00,0x40,0x01,0x91,0x1f,0x00,0x00,0xb9,
	0xa0,0x0b,0x40,0xf9,0x00,0x50,0x01,0x91,0x1f,0x00,0x00,0xb9,0x1d,0x00,0x00,0x14,
	0xa0,0x0b,0x40,0xf9,0x00,0x40,0x01,0x91,0xa1,0x0b,0x40,0xf9,0x21,0xd0,0x00,0x91,
	0x22,0x00,0x40,0xb9,0xe1,0x75,0x00,0x90,0x21,0x60,0x23,0x91,0x21,0x00,0x40,0xb9,
	0x42,0x7c,0x01,0x1b,0xe1,0x75,0x00,0x90,0x21,0x50,0x23,0x91,0x21,0x00,0x40,0xb9,
	0x41,0x08,0xc1,0x1a,0x01,0x00,0x00,0xb9,0xa0,0x0b,0x40,0xf9,0x00,0x50,0x01,0x91,
	0xa1,0x0b,0x40,0xf9,0x21,0xe0,0x00,0x91,0x22,0x00,0x40,0xb9,0xe1,0x75,0x00,0x90,
	0x21,0x70,0x23,0x91,0x21,0x00,0x40,0xb9,0x42,0x7c,0x01,0x1b,0xe1,0x75,0x00,0x90,
	0x21,0x50,0x23,0x91,0x21,0x00,0x40,0xb9,0x41,0x08,0xc1,0x1a,0x01,0x00,0x00,0xb9,
	0xe0,0x75,0x00,0x90,0x00,0x60,0x23,0x91,0x00,0x00,0x40,0xb9,0x1f,0x00,0x00,0x71,
	0xa1,0x00,0x00,0x54,0xa0,0x0b,0x40,0xf9,0x00,0x60,0x01,0x91,0x1f,0x00,0x00,0xb9,
	0x0f,0x00,0x00,0x14,0xa0,0x0b,0x40,0xf9,0x00,0x60,0x01,0x91,0xa1,0x0b,0x40,0xf9,
	0x21,0xf0,0x00,0x91,0x22,0x00,0x40,0xb9,0xe1,0x75,0x00,0x90,0x21,0x70,0x23,0x91,
	0x21,0x00,0x40,0xb9,0x42,0x7c,0x01,0x1b,0xe1,0x75,0x00,0x90,0x21,0x60,0x23,0x91,
	0x21,0x00,0x40,0xb9,0x41,0x08,0xc1,0x1a,0x01,0x00,0x00,0xb9,0xbf,0xff,0x00,0x39,
	0xbf,0x3b,0x00,0xb9,0x18,0x00,0x00,0x14,0xa3,0xff,0x40,0x39,0xa0,0xff,0x40,0x39,
	0x01,0x04,0x00,0x11,0xe0,0x75,0x00,0x90,0x00,0x00,0x29,0x91,0x21,0x7c,0x40,0x93,
	0x02,0x78,0x61,0xb8,0xe0,0x75,0x00,0x90,0x00,0x00,0x29,0x91,0x61,0x7c,0x40,0x93,
	0x02,0x78,0x21,0xb8,0xa1,0xff,0x40,0x39,0xe0,0x75,0x00,0x90,0x00,0x00,0x29,0x91,
	0x21,0x7c,0x40,0x93,0x00,0x78,0x61,0xb8,0xe1,0x03,0x00,0x2a,0xa0,0x3b,0x40,0xb9,
	0x00,0x00,0x01,0x0b,0xa0,0x3b,0x00,0xb9,0xa0,0xff,0x40,0x39,0x00,0x04,0x00,0x11,
	0xa0,0xff,0x00,0x39,0xa0,0xff,0x40,0x39,0x1f,0x08,0x00,0x71,0xe9,0xfc,0xff,0x54,
	0xa0,0x0b,0x40,0xf9,0x00,0x60,0x01,0x91,0x02,0x00,0x40,0xb9,0x60,0x55,0x95,0x52,
	0x40,0x55,0xb5,0x72,0x40,0x7c,0xa0,0x9b,0x00,0xfc,0x60,0xd3,0x01,0x7c,0x01,0x53,
	0xe0,0x03,0x01,0x2a,0x00,0x78,0x1f,0x53,0x00,0x00,0x01,0x0b,0x41,0x00,0x00,0x4b,
	0x20,0x80,0x01,0x11,0xe1,0x03,0x00,0x2a,0xe0,0x75,0x00,0x90,0x00,0x00,0x29,0x91,
	0x01,0x0c,0x00,0xb9,0xe0,0x75,0x00,0x90,0x00,0x00,0x29,0x91,0x00,0x0c,0x40,0xb9,
	0xe1,0x03,0x00,0x2a,0xa0,0x3b,0x40,0xb9,0x00,0x00,0x01,0x0b,0xa0,0x3b,0x00,0xb9,
	0xe0,0x75,0x00,0x90,0x00,0x60,0x05,0x91,0x00,0x00,0x40,0x79,0x1f,0x50,0x00,0x71,
	0x69,0x01,0x00,0x54,0x00,0x77,0x00,0xb0,0x00,0x90,0x1a,0x91,0x00,0x00,0x40,0xb9,
	0x1f,0x04,0x00,0x71,0xc0,0x00,0x00,0x54,0xa0,0x3b,0x40,0xb9,0x01,0x7c,0x02,0x53,
	0xa0,0x0b,0x40,0xf9,0x01,0x00,0x00,0xb9,0x03,0x00,0x00,0x14,0xa0,0x0b,0x40,0xf9,
	0x1f,0x00,0x00,0xb9,0xa0,0x0b,0x40,0xf9,0x00,0x10,0x00,0x91,0xa1,0x3b,0x40,0xb9,
	0x21,0x7c,0x02,0x53,0x01,0x00,0x00,0xb9,0xa0,0x0b,0x40,0xf9,0x00,0x20,0x00,0x91,
	0xe1,0x75,0x00,0x90,0x21,0x00,0x29,0x91,0x21,0x0c,0x40,0xb9,0x01,0x00,0x00,0xb9,
	0xa0,0x0b,0x40,0xf9,0x00,0x30,0x01,0x91,0x01,0x77,0x00,0xb0,0x21,0x30,0x18,0x91,
	0x21,0x00,0x40,0xb9,0x01,0x00,0x00,0xb9,0xa0,0x0b,0x40,0xf9,0x00,0x70,0x01,0x91,
	0xe1,0x75,0x00,0x90,0x21,0x60,0x05,0x91,0x21,0x00,0x40,0x79,0x01,0x00,0x00,0xb9,
	0x9a,0x02,0x00,0x14,0xc0,0x75,0x00,0xd0,0x01,0x80,0x31,0x91,0xe0,0x75,0x00,0x90,
	0x00,0x80,0x1e,0x91,0xe2,0x03,0x01,0xaa,0xe1,0x03,0x00,0xaa,0x80,0x02,0x80,0x52,
	0xd4,0xd9,0xff,0x97,0xc0,0x75,0x00,0x90,0x00,0x80,0x3d,0x91,0xe2,0x03,0x00,0xaa,
	0xa1,0x13,0x40,0xf9,0xa0,0xaf,0x40,0x39,0xa5,0xc8,0xff,0x97,0xd8,0xdc,0xff,0x97,
	0xc0,0x75,0x00,0xb0,0x00,0x80,0x31,0x91,0xa2,0x0b,0x40,0xf9,0xe1,0x03,0x00,0xaa,
	0x80,0x02,0x80,0x52,0x95,0xf9,0xff,0x97,0xa0,0x2f,0x40,0xb9,0x1f,0x0c,0x00,0x71,
	0xc1,0x01,0x00,0x54,0xc0,0x75,0x00,0xf0,0x00,0x90,0x14,0x91,0x00,0x00,0x40,0x79,
	0xe1,0x03,0x00,0x2a,0xa0,0x0b,0x40,0xf9,0x01,0x00,0x00,0xb9,0xa0,0x0b,0x40,0xf9,
	0x00,0x10,0x00,0x91,0xc1,0x75,0x00,0xf0,0x21,0x98,0x14,0x91,0x21,0x00,0x40,0x79,
	0x01,0x00,0x00,0xb9,0x0d,0x00,0x00,0x14,0xc0,0x75,0x00,0xf0,0x00,0x98,0x14,0x91,
	0x00,0x00,0x40,0x79,0xe1,0x03,0x00,0x2a,0xa0,0x0b,0x40,0xf9,0x01,0x00,0x00,0xb9,
	0xa0,0x0b,0x40,0xf9,0x00,0x10,0x00,0x91,0xc1,0x75,0x00,0xf0,0x21,0x90,0x14,0x91,
	0x21,0x00,0x40,0x79,0x01,0x00,0x00,0xb9,0xa0,0x0b,0x40,0xf9,0x00,0x20,0x00,0x91,
	0xc1,0x75,0x00,0xf0,0x21,0x80,0x14,0x91,0x21,0x00,0x40,0x79,0x01,0x00,0x00,0xb9,
	0xa0,0x0b,0x40,0xf9,0x00,0x30,0x00,0x91,0xc1,0x75,0x00,0xf0,0x21,0x60,0x14,0x91,
	0x21,0x00,0x40,0x79,0x01,0x00,0x00,0xb9,0xa0,0x0b,0x40,0xf9,0x00,0x40,0x00,0x91,
	0x01,0x77,0x00,0x90,0x21,0x90,0x1a,0x91,0x21,0x00,0x40,0xb9,0x01,0x00,0x00,0xb9,
	0xa0,0x0b,0x40,0xf9,0x00,0x50,0x00,0x91,0xc1,0x75,0x00,0xf0,0x21,0x78,0x14,0x91,
	0x21,0x00,0x40,0x79,0x01,0x00,0x00,0xb9,0xa0,0x0b,0x40,0xf9,0x00,0x60,0x00,0x91,
	0xc1,0x75,0x00,0xf0,0x21,0x50,0x14,0x91,0x21,0x00,0x40,0x39,0x01,0x00,0x00,0xb9,
	0xa0,0x0b,0x40,0xf9,0x00,0x70,0x00,0x91,0xc1,0x75,0x00,0xf0,0x21,0x08,0x15,0x91,
	0x21,0x00,0x40,0x79,0x01,0x00,0x00,0xb9,0xa0,0x0b,0x40,0xf9,0x00,0x80,0x00,0x91,
	0xc1,0x75,0x00,0xf0,0x21,0x00,0x15,0x91,0x21,0x00,0x40,0x79,0x01,0x00,0x00,0xb9,
	0xa0,0x0b,0x40,0xf9,0x00,0x90,0x00,0x91,0xc1,0x75,0x00,0xf0,0x21,0x18,0x15,0x91,
	0x21,0x00,0x40,0x79,0x01,0x00,0x00,0xb9,0xa0,0x0b,0x40,0xf9,0x00,0xa0,0x00,0x91,
	0xc1,0x75,0x00,0xf0,0x21,0x10,0x15,0x91,0x21,0x00,0x40,0x79,0x01,0x00,0x00,0xb9,
	0xa0,0x0b,0x40,0xf9,0x00,0xb0,0x00,0x91,0xc1,0x75,0x00,0xf0,0x21,0xc0,0x01,0x91,
	0x21,0x00,0x40,0x39,0x01,0x00,0x00,0xb9,0xa0,0x0b,0x40,0xf9,0x00,0xc0,0x00,0x91,
	0x01,0x77,0x00,0x90,0x21,0x80,0x1a,0x91,0x21,0x00,0x40,0xb9,0x01,0x00,0x00,0xb9,
	0xa0,0x0b,0x40,0xf9,0x00,0xd0,0x00,0x91,0xc1,0x75,0x00,0xf0,0x21,0xa0,0x04,0x91,
	0x21,0x00,0x40,0x39,0x01,0x00,0x00,0xb9,0xa0,0x0b,0x40,0xf9,0x00,0xe0,0x00,0x91,
	0x01,0x77,0x00,0x90,0x21,0x60,0x19,0x91,0x21,0x00,0x40,0xb9,0x01,0x00,0x00,0xb9,
	0xa0,0x0b,0x40,0xf9,0x00,0xf0,0x00,0x91,0xc1,0x75,0x00,0x90,0x21,0x20,0x2b,0x91,
	0x21,0x00,0x40,0xb9,0x01,0x00,0x00,0xb9,0xa0,0x0b,0x40,0xf9,0x00,0x00,0x01,0x91,
	0xc1,0x75,0x00,0x90,0x21,0x30,0x2b,0x91,0x21,0x00,0x40,0xb9,0x01,0x00,0x00,0xb9,
	0xa0,0x0b,0x40,0xf9,0x00,0x10,0x01,0x91,0xc1,0x75,0x00,0x90,0x21,0x8c,0x2b,0x91,
	0x21,0x00,0x40,0x39,0x01,0x00,0x00,0xb9,0xa0,0x0b,0x40,0xf9,0x00,0x20,0x01,0x91,
	0x01,0x77,0x00,0x90,0x21,0x28,0x19,0x91,0x21,0x00,0x40,0x79,0x01,0x00,0x00,0xb9,
	0xa0,0x0b,0x40,0xf9,0x00,0x30,0x01,0x91,0xc1,0x75,0x00,0xf0,0x21,0x60,0x05,0x91,
	0x21,0x00,0x40,0x79,0x01,0x00,0x00,0xb9,0xa0,0x0b,0x40,0xf9,0x00,0x40,0x01,0x91,
	0x01,0x77,0x00,0x90,0x21,0x90,0x1a,0x91,0x21,0x00,0x40,0xb9,0x01,0x00,0x00,0xb9,
	0xf6,0x01,0x00,0x14,0xc0,0x75,0x00,0xf0,0x00,0x80,0x1e,0x91,0xe1,0x03,0x00,0xaa,
	0x80,0x00,0x80,0x52,0x46,0xd1,0xff,0x97,0x3d,0xdc,0xff,0x97,0x00,0x77,0x00,0x90,
	0x00,0x90,0x1a,0x91,0x00,0x00,0x40,0xb9,0x1f,0x04,0x00,0x71,0x21,0x01,0x00,0x54,
	0xa0,0x0b,0x40,0xf9,0x00,0x40,0x00,0x91,0x21,0x00,0x80,0x52,0x01,0x00,0x00,0xb9,
	0xc0,0x75,0x00,0xf0,0x00,0xf4,0x16,0x91,0x1f,0x00,0x00,0x39,0x1c,0x00,0x00,0x14,
	0xc0,0x75,0x00,0xf0,0x00,0xf4,0x16,0x91,0x00,0x00,0x40,0x39,0x1f,0x24,0x00,0x71,
	0x28,0x01,0x00,0x54,0xc0,0x75,0x00,0xf0,0x00,0xf4,0x16,0x91,0x00,0x00,0x40,0x39,
	0x00,0x04,0x00,0x11,0x01,0x1c,0x00,0x12,0xc0,0x75,0x00,0xf0,0x00,0xf4,0x16,0x91,
	0x01,0x00,0x00,0x39,0xc0,0x75,0x00,0xf0,0x00,0xf4,0x16,0x91,0x00,0x00,0x40,0x39,
	0x1f,0x04,0x00,0x71,0xc8,0x00,0x00,0x54,0xc0,0x75,0x00,0xf0,0x00,0x68,0x05,0x91,
	0x00,0x00,0x40,0x79,0x1f,0x04,0x00,0x71,0xa8,0x00,0x00,0x54,0xa0,0x0b,0x40,0xf9,
	0x00,0x40,0x00,0x91,0x41,0x00,0x80,0x52,0x01,0x00,0x00,0xb9,0xa0,0x0b,0x40,0xf9,
	0x00,0x40,0x00,0x91,0x01,0x00,0x40,0xb9,0xa0,0x0b,0x40,0xf9,0x01,0x00,0x00,0xb9,
	0xa0,0x0b,0x40,0xf9,0x00,0x10,0x00,0x91,0xc1,0x75,0x00,0xf0,0x21,0x60,0x05,0x91,
	0x21,0x00,0x40,0x79,0x01,0x00,0x00,0xb9,0xa0,0x0b,0x40,0xf9,0x00,0x20,0x00,0x91,
	0xa1,0x2f,0x40,0xb9,0x01,0x00,0x00,0xb9,0xa0,0x0b,0x40,0xf9,0x00,0x30,0x00,0x91,
	0x01,0x77,0x00,0x90,0x21,0x60,0x19,0x91,0x21,0x00,0x40,0xb9,0x01,0x00,0x00,0xb9,
	0xa0,0x0b,0x40,0xf9,0x00,0x50,0x00,0x91,0x01,0x77,0x00,0x90,0x21,0x30,0x18,0x91,
	0x21,0x00,0x40,0xb9,0x01,0x00,0x00,0xb9,0xa0,0x0b,0x40,0xf9,0x00,0x60,0x00,0x91,
	0x01,0x77,0x00,0x90,0x21,0x90,0x1a,0x91,0x21,0x00,0x40,0xb9,0x01,0x00,0x00,0xb9,
	0xa0,0x0b,0x40,0xf9,0x00,0xd0,0x00,0x91,0xa1,0x0b,0x40,0xf9,0x21,0x40,0x00,0x91,
	0x21,0x00,0x40,0xb9,0x01,0x00,0x00,0xb9,0xa0,0x0b,0x40,0xf9,0x00,0x70,0x00,0x91,
	0x01,0x77,0x00,0x90,0x21,0xe0,0x19,0x91,0x21,0x00,0x40,0xb9,0x01,0x00,0x00,0xb9,
	0xa0,0x0b,0x40,0xf9,0x00,0x80,0x00,0x91,0x01,0x77,0x00,0x90,0x21,0x70,0x18,0x91,
	0x21,0x00,0x40,0xb9,0x01,0x00,0x00,0xb9,0xa0,0x0b,0x40,0xf9,0x00,0x90,0x00,0x91,
	0x01,0x77,0x00,0x90,0x21,0x40,0x19,0x91,0x21,0x00,0x40,0xb9,0x01,0x00,0x00,0xb9,
	0xa0,0x0b,0x40,0xf9,0x00,0xa0,0x00,0x91,0x01,0x77,0x00,0x90,0x21,0xe8,0x1a,0x91,
	0x21,0x00,0x40,0x39,0x01,0x00,0x00,0xb9,0xa0,0x0b,0x40,0xf9,0x00,0xb0,0x00,0x91,
	0x01,0x77,0x00,0x90,0x21,0xd0,0x1a,0x91,0x21,0x00,0x40,0x39,0x01,0x00,0x00,0xb9,
	0xa0,0x0b,0x40,0xf9,0x00,0xc0,0x00,0x91,0x01,0x77,0x00,0x90,0x21,0x50,0x19,0x91,
	0x21,0x00,0x40,0x39,0x01,0x00,0x00,0xb9,0x7c,0x01,0x00,0x14,0xc0,0x75,0x00,0xb0,
	0x01,0x80,0x31,0x91,0xc0,0x75,0x00,0xf0,0x00,0x80,0x1e,0x91,0xe3,0x03,0x01,0xaa,
	0xe2,0x03,0x00,0xaa,0x81,0x02,0x80,0x52,0xa0,0x2f,0x40,0xb9,0xff,0xd0,0xff,0x97,
	0xc0,0x75,0x00,0x90,0x00,0x80,0x3d,0x91,0xe2,0x03,0x00,0xaa,0xa1,0x13,0x40,0xf9,
	0xa0,0xaf,0x40,0x39,0x86,0xc7,0xff,0x97,0x00,0x10,0x80,0x52,0xa0,0x6b,0x00,0x79,
	0x80,0x02,0x80,0x52,0xa0,0x67,0x00,0x79,0xc0,0x75,0x00,0xb0,0x01,0x80,0x21,0x91,
	0xc0,0x75,0x00,0x90,0x00,0x80,0x3d,0x91,0xa2,0x6b,0x40,0x79,0xcf,0xc2,0xff,0x97,
	0xc0,0x75,0x00,0xb0,0x01,0x80,0x21,0x91,0xe0,0x20,0x00,0x90,0x00,0x00,0x07,0x91,
	0xa2,0x6b,0x40,0x79,0x37,0xc3,0xff,0x97,0xc0,0x75,0x00,0xf0,0x01,0xa0,0x02,0x91,
	0xc0,0x75,0x00,0xb0,0x00,0x80,0x21,0x91,0xa3,0x6b,0x40,0x79,0xe2,0x03,0x01,0xaa,
	0xe1,0x03,0x00,0xaa,0xa0,0x67,0x40,0x79,0xad,0xc3,0xff,0x97,0x00,0x20,0x80,0x52,
	0xa0,0x6b,0x00,0x79,0x80,0x02,0x80,0x52,0xa0,0x67,0x00,0x79,0xc0,0x75,0x00,0xb0,
	0x01,0x80,0x01,0x91,0xc0,0x75,0x00,0xb0,0x00,0x80,0x31,0x91,0xa2,0x6b,0x40,0x79,
	0x32,0xc2,0xff,0x97,0xc0,0x75,0x00,0xb0,0x01,0x80,0x01,0x91,0xc0,0x20,0x00,0xf0,
	0x00,0x00,0x3f,0x91,0xa2,0x6b,0x40,0x79,0x1e,0xc3,0xff,0x97,0xc0,0x75,0x00,0xb0,
	0x00,0x80,0x01,0x91,0xa3,0x6b,0x40,0x79,0xa2,0x0b,0x40,0xf9,0xe1,0x03,0x00,0xaa,
	0xa0,0x67,0x40,0x79,0x96,0xc3,0xff,0x97,0x00,0x77,0x00,0x90,0x00,0xc0,0x18,0x91,
	0x01,0x00,0x40,0xb9,0xc0,0x75,0x00,0xf0,0x00,0x50,0x23,0x91,0x01,0x00,0x00,0xb9,
	0xa0,0x0b,0x40,0xf9,0x4d,0xdc,0xff,0x97,0x81,0xdb,0xff,0x97,0xe0,0x54,0x00,0xd0,
	0x00,0xa0,0x0f,0x91,0x00,0x00,0x40,0x39,0x7a,0xf4,0xff,0x97,0xc0,0x75,0x00,0xf0,
	0x00,0xa0,0x02,0x91,0xa1,0x0b,0x40,0xf9,0xbe,0xe0,0xff,0x97,0xa0,0x0b,0x40,0xf9,
	0x00,0x40,0x00,0x91,0x00,0x00,0x40,0xb9,0xe2,0xf0,0xff,0x97,0x01,0x3c,0x00,0x12,
	0xc0,0x75,0x00,0xf0,0x00,0x80,0x01,0x91,0x01,0x00,0x00,0x79,0xa0,0x0b,0x40,0xf9,
	0x00,0x50,0x00,0x91,0xa1,0x0b,0x40,0xf9,0x21,0x00,0x40,0xb9,0x01,0x00,0x00,0xb9,
	0xa0,0x0b,0x40,0xf9,0x00,0x60,0x00,0x91,0xa1,0x0b,0x40,0xf9,0x21,0x10,0x00,0x91,
	0x21,0x00,0x40,0xb9,0x01,0x00,0x00,0xb9,0xa0,0x0b,0x40,0xf9,0x00,0x70,0x00,0x91,
	0xa1,0x0b,0x40,0xf9,0x21,0x20,0x00,0x91,0x21,0x00,0x40,0xb9,0x01,0x00,0x00,0xb9,
	0xa0,0x0b,0x40,0xf9,0x00,0x80,0x00,0x91,0xa1,0x0b,0x40,0xf9,0x21,0x30,0x00,0x91,
	0x21,0x00,0x40,0xb9,0x01,0x00,0x00,0xb9,0xc0,0x75,0x00,0xf0,0x00,0x80,0x01,0x91,
	0x00,0x00,0x40,0x79,0xe1,0x03,0x00,0x2a,0xa0,0x0b,0x40,0xf9,0x01,0x00,0x00,0xb9,
	0xc0,0x75,0x00,0xf0,0x00,0x80,0x01,0x91,0x00,0x00,0x40,0x79,0x1f,0xc4,0x00,0x71,
	0xa8,0x00,0x00,0x54,0xa0,0x0b,0x40,0xf9,0x00,0x10,0x00,0x91,0x1f,0x00,0x00,0xb9,
	0x25,0x00,0x00,0x14,0xc0,0x75,0x00,0xf0,0x00,0x80,0x01,0x91,0x00,0x00,0x40,0x79,
	0x1f,0x00,0x01,0x71,0xc8,0x00,0x00,0x54,0xa0,0x0b,0x40,0xf9,0x00,0x10,0x00,0x91,
	0x41,0x0e,0x80,0x52,0x01,0x00,0x00,0xb9,0x1b,0x00,0x00,0x14,0xc0,0x75,0x00,0xf0,
	0x00,0x80,0x01,0x91,0x00,0x00,0x40,0x79,0x1f,0xcc,0x01,0x71,0xc9,0x00,0x00,0x54,
	0xa0,0x0b,0x40,0xf9,0x00,0x10,0x00,0x91,0x81,0x10,0x80,0x52,0x01,0x00,0x00,0xb9,
	0x11,0x00,0x00,0x14,0xa0,0x0b,0x40,0xf9,0x01,0x10,0x00,0x91,0xc0,0x75,0x00,0xf0,
	0x00,0x80,0x01,0x91,0x00,0x00,0x40,0x79,0x00,0x04,0x01,0x51,0x1f,0x00,0x00,0x71,
	0x00,0xa4,0x80,0x5a,0xc2,0xaa,0x8a,0x52,0xa2,0xaa,0xaa,0x72,0x02,0x7c,0x22,0x9b,
	0x42,0xfc,0x60,0xd3,0x00,0x7c,0x1f,0x13,0x40,0x00,0x00,0x4b,0x00,0xcc,0x01,0x11,
	0x20,0x00,0x00,0xb9,0xa0,0x0b,0x40,0xf9,0x00,0x10,0x00,0x91,0x00,0x00,0x40,0xb9,
	0x1f,0x00,0x00,0x71,0xa1,0x00,0x00,0x54,0xa0,0x0b,0x40,0xf9,0x00,0x20,0x00,0x91,
	0x1f,0x00,0x00,0xb9,0x15,0x00,0x00,0x14,0xa0,0x0b,0x40,0xf9,0x02,0x20,0x00,0x91,
	0xa0,0x0b,0x40,0xf9,0x00,0x10,0x00,0x91,0x01,0x00,0x40,0xb9,0xe0,0x03,0x01,0x2a,
	0x00,0x78,0x1f,0x53,0x00,0x00,0x01,0x0b,0x00,0x38,0x04,0x51,0x1f,0x00,0x00,0x71,
	0x00,0xa4,0x80,0x5a,0xe1,0xcc,0x8c,0x52,0xc1,0xcc,0xac,0x72,0x01,0x7c,0x21,0x9b,
	0x21,0xfc,0x60,0xd3,0x21,0x7c,0x01,0x13,0x00,0x7c,0x1f,0x13,0x20,0x00,0x00,0x4b,
	0x00,0xf0,0x00,0x11,0x40,0x00,0x00,0xb9,0xa0,0x0b,0x40,0xf9,0x00,0x00,0x40,0xb9,
	0x1f,0x9c,0x00,0x71,0x08,0x01,0x00,0x54,0xc0,0x75,0x00,0x90,0x00,0x50,0x2b,0x91,
	0x01,0x00,0x40,0xb9,0xc0,0x75,0x00,0x90,0x00,0x50,0x2b,0x91,0x01,0x00,0x00,0xb9,
	0x23,0x00,0x00,0x14,0xa0,0x0b,0x40,0xf9,0x00,0x00,0x40,0xb9,0x1f,0x9c,0x00,0x71,
	0xa9,0x01,0x00,0x54,0xa0,0x0b,0x40,0xf9,0x00,0x00,0x40,0xb9,0x1f,0xf0,0x00,0x71,
	0x28,0x01,0x00,0x54,0xc0,0x75,0x00,0x90,0x00,0x50,0x2b,0x91,0x00,0x00,0x40,0xb9,
	0x01,0x20,0x01,0x11,0xc0,0x75,0x00,0x90,0x00,0x50,0x2b,0x91,0x01,0x00,0x00,0xb9,
	0x13,0x00,0x00,0x14,0xa0,0x0b,0x40,0xf9,0x01,0x00,0x40,0xb9,0xe0,0x03,0x01,0x2a,
	0x00,0x70,0x1d,0x53,0x00,0x00,0x01,0x4b,0x00,0x78,0x1f,0x53,0x00,0x20,0x0d,0x51,
	0x1f,0x00,0x00,0x71,0x00,0xa4,0x80,0x5a,0xe1,0x03,0x00,0x2a,0xc0,0x75,0x00,0x90,
	0x00,0x50,0x2b,0x91,0x00,0x00,0x40,0xb9,0x20,0x00,0x00,0x0b,0x01,0x20,0x01,0x11,
	0xc0,0x75,0x00,0x90,0x00,0x50,0x2b,0x91,0x01,0x00,0x00,0xb9,0xa0,0x0b,0x40,0xf9,
	0x00,0x30,0x00,0x91,0xc1,0x75,0x00,0xf0,0x21,0xb8,0x01,0x91,0x21,0x00,0x40,0x79,
	0x01,0x00,0x00,0xb9,0x00,0x77,0x00,0x90,0x00,0x90,0x1a,0x91,0x00,0x00,0x40,0xb9,
	0x1f,0x04,0x00,0x71,0x21,0x01,0x00,0x54,0xa0,0x0b,0x40,0xf9,0x00,0x40,0x00,0x91,
	0x21,0x00,0x80,0x52,0x01,0x00,0x00,0xb9,0xc0,0x75,0x00,0xf0,0x00,0xf4,0x16,0x91,
	0x1f,0x00,0x00,0x39,0x1c,0x00,0x00,0x14,0xc0,0x75,0x00,0xf0,0x00,0xf4,0x16,0x91,
	0x00,0x00,0x40,0x39,0x1f,0x24,0x00,0x71,0x28,0x01,0x00,0x54,0xc0,0x75,0x00,0xf0,
	0x00,0xf4,0x16,0x91,0x00,0x00,0x40,0x39,0x00,0x04,0x00,0x11,0x01,0x1c,0x00,0x12,
	0xc0,0x75,0x00,0xf0,0x00,0xf4,0x16,0x91,0x01,0x00,0x00,0x39,0xc0,0x75,0x00,0xf0,
	0x00,0xf4,0x16,0x91,0x00,0x00,0x40,0x39,0x1f,0x04,0x00,0x71,0xc8,0x00,0x00,0x54,
	0xc0,0x75,0x00,0xf0,0x00,0x68,0x05,0x91,0x00,0x00,0x40,0x79,0x1f,0x04,0x00,0x71,
	0xa8,0x00,0x00,0x54,0xa0,0x0b,0x40,0xf9,0x00,0x40,0x00,0x91,0x41,0x00,0x80,0x52,
	0x01,0x00,0x00,0xb9,0xa0,0x0b,0x40,0xf9,0x00,0x90,0x00,0x91,0x01,0x77,0x00,0x90,
	0x21,0x80,0x1a,0x91,0x21,0x00,0x40,0xb9,0x01,0x00,0x00,0xb9,0xa0,0x0b,0x40,0xf9,
	0x00,0xa0,0x00,0x91,0xc1,0x75,0x00,0xf0,0x21,0xa0,0x02,0x91,0x21,0x00,0x40,0xb9,
	0x01,0x00,0x00,0xb9,0xa0,0x0b,0x40,0xf9,0x00,0xb0,0x00,0x91,0xc1,0x75,0x00,0xf0,
	0x21,0xa0,0x02,0x91,0x21,0x04,0x40,0xb9,0x01,0x00,0x00,0xb9,0xa0,0x0b,0x40,0xf9,
	0x00,0xc0,0x00,0x91,0xc1,0x75,0x00,0xf0,0x21,0xa0,0x02,0x91,0x21,0x08,0x40,0xb9,
	0x01,0x00,0x00,0xb9,0xa0,0x0b,0x40,0xf9,0x00,0xd0,0x00,0x91,0xc1,0x75,0x00,0xf0,
	0x21,0x60,0x03,0x91,0x21,0x1c,0x40,0x79,0x01,0x00,0x00,0xb9,0xa0,0x0b,0x40,0xf9,
	0x00,0xe0,0x00,0x91,0xc1,0x75,0x00,0xf0,0x21,0xb8,0x04,0x91,0x21,0x00,0x40,0x39,
	0x01,0x00,0x00,0xb9,0xa0,0x0b,0x40,0xf9,0x00,0xf0,0x00,0x91,0xc1,0x75,0x00,0xf0,
	0x21,0xd0,0x04,0x91,0x21,0x00,0x40,0x39,0x01,0x00,0x00,0xb9,0xa0,0x0b,0x40,0xf9,
	0x00,0x00,0x01,0x91,0xc1,0x75,0x00,0xf0,0x21,0x98,0x04,0x91,0x21,0x00,0x40,0x39,
	0x01,0x00,0x00,0xb9,0xa0,0x0b,0x40,0xf9,0x00,0x10,0x01,0x91,0xc1,0x75,0x00,0xf0,
	0x21,0xc8,0x04,0x91,0x21,0x00,0x40,0x39,0x01,0x00,0x00,0xb9,0xa0,0x0b,0x40,0xf9,
	0x00,0x20,0x01,0x91,0x01,0x77,0x00,0x90,0x21,0x60,0x19,0x91,0x21,0x00,0x40,0xb9,
	0x01,0x00,0x00,0xb9,0xa0,0x0b,0x40,0xf9,0x00,0x30,0x01,0x91,0x01,0x77,0x00,0x90,
	0x21,0x30,0x18,0x91,0x21,0x00,0x40,0xb9,0x01,0x00,0x00,0xb9,0xa0,0x0b,0x40,0xf9,
	0x00,0x40,0x01,0x91,0xc1,0x75,0x00,0xf0,0x21,0x60,0x05,0x91,0x21,0x00,0x40,0x79,
	0x01,0x00,0x00,0xb9,0xa0,0x0b,0x40,0xf9,0x00,0x50,0x01,0x91,0xc1,0x75,0x00,0xf0,
	0x21,0xb8,0x01,0x91,0x21,0x00,0x40,0x79,0x01,0x00,0x00,0xb9,0xa0,0x0b,0x40,0xf9,
	0x00,0x60,0x01,0x91,0x01,0x77,0x00,0x90,0x21,0x90,0x1a,0x91,0x21,0x00,0x40,0xb9,
	0x01,0x00,0x00,0xb9,0xa0,0x0b,0x40,0xf9,0x00,0x70,0x01,0x91,0x01,0x77,0x00,0x90,
	0x21,0xe0,0x19,0x91,0x21,0x00,0x40,0xb9,0x01,0x00,0x00,0xb9,0xa0,0x0b,0x40,0xf9,
	0x00,0x80,0x01,0x91,0x01,0x77,0x00,0x90,0x21,0x30,0x1b,0x91,0x21,0x00,0x40,0x79,
	0x01,0x00,0x00,0xb9,0x1f,0x20,0x03,0xd5,0xa0,0x2f,0x40,0xb9,0x00,0x1c,0x00,0x12,
	0x02,0x00,0x00,0x14,0x00,0x00,0x80,0x52,0xfd,0x7b,0xc4,0xa8,0xc0,0x03,0x5f,0xd6,
	0x48,0x3c,0x00,0x13,0xc2,0x75,0x00,0xf0,0x21,0x3c,0x00,0x13,0x00,0x3c,0x00,0x13,
	0x43,0x28,0x45,0xf9,0x66,0xb4,0xc0,0x79,0x64,0xb8,0xc0,0x79,0xc6,0x00,0x00,0x4b,
	0x84,0x00,0x01,0x4b,0xc6,0x7c,0x40,0x93,0x84,0x7c,0x40,0x93,0xc2,0xfc,0x86,0xca,
	0x85,0xfc,0x84,0xca,0x46,0xfc,0x86,0xcb,0xa2,0xfc,0x84,0xcb,0x65,0xc0,0xc0,0x79,
	0xc2,0x00,0x02,0x0b,0x66,0xbc,0xc0,0x79,0xa5,0x00,0x00,0x4b,0xc6,0x00,0x08,0x4b,
	0xa5,0x7c,0x40,0x93,0xc6,0x7c,0x40,0x93,0xc4,0xfc,0x86,0xca,0x86,0xfc,0x86,0xcb,
	0x64,0xc4,0xc0,0x79,0x46,0x00,0x06,0x0b,0xa2,0xfc,0x85,0xca,0x84,0x00,0x01,0x4b,
	0x45,0xfc,0x85,0xcb,0x84,0x7c,0x40,0x93,0x87,0xfc,0x84,0xca,0xe2,0xfc,0x84,0xcb,
	0x67,0xcc,0xc0,0x79,0xa2,0x00,0x02,0x0b,0x65,0xc8,0xc0,0x79,0xe7,0x00,0x00,0x4b,
	0xa5,0x00,0x08,0x4b,0xe7,0x7c,0x40,0x93,0xa5,0x7c,0x40,0x93,0xa4,0xfc,0x85,0xca,
	0x85,0xfc,0x85,0xcb,0x64,0xd0,0xc0,0x79,0x45,0x00,0x05,0x0b,0xe2,0xfc,0x87,0xca,
	0x84,0x00,0x01,0x4b,0x47,0xfc,0x87,0xcb,0x84,0x7c,0x40,0x93,0x89,0xfc,0x84,0xca,
	0x22,0xfd,0x84,0xcb,0xe7,0x00,0x02,0x0b,0x62,0xd4,0xc0,0x79,0x42,0x00,0x08,0x4b,
	0x44,0x7c,0x40,0x93,0x82,0xfc,0x84,0xca,0x44,0xfc,0x84,0xcb,0xe4,0x00,0x04,0x0b,
	0x67,0xd8,0xc0,0x79,0xdf,0x00,0x04,0x6b,0xe0,0x00,0x00,0x4b,0x00,0x7c,0x40,0x93,
	0x02,0xfc,0x80,0xca,0x40,0xfc,0x80,0xcb,0x62,0xdc,0xc0,0x79,0x63,0xe0,0xc0,0x79,
	0x42,0x00,0x01,0x4b,0x42,0x7c,0x40,0x93,0x47,0xfc,0x82,0xca,0xe1,0xfc,0x82,0xcb,
	0x62,0x00,0x08,0x4b,0x00,0x00,0x01,0x0b,0x42,0x7c,0x40,0x93,0x41,0xfc,0x82,0xca,
	0x22,0xfc,0x82,0xcb,0xe1,0xa7,0x9f,0x1a,0xdf,0x00,0x05,0x6b,0x02,0x00,0x02,0x0b,
	0xe0,0xa7,0x9f,0x1a,0x3f,0x00,0x00,0x6a,0x80,0x00,0x00,0x54,0xdf,0x00,0x02,0x6b,
	0x00,0x00,0x80,0x52,0x4b,0x01,0x00,0x54,0xbf,0x00,0x02,0x6b,0x8a,0x00,0x00,0x54,
	0xbf,0x00,0x04,0x6b,0x20,0x00,0x80,0x52,0xab,0x00,0x00,0x54,0x9f,0x00,0x02,0x6b,
	0x61,0x00,0x80,0x52,0x40,0x00,0x80,0x52,0x00,0xb0,0x81,0x1a,0xc0,0x03,0x5f,0xd6,
	0x00,0x00,0x80,0x52,0xc0,0x03,0x5f,0xd6,0x00,0x00,0x80,0x52,0xc0,0x03,0x5f,0xd6,
	0xfd,0x7b,0xbc,0xa9,0xe1,0x20,0x00,0x90,0x60,0x33,0x00,0xb0,0x21,0x20,0x0b,0x91,
	0xfd,0x03,0x00,0x91,0x21,0x40,0x00,0x91,0xc2,0x00,0x81,0x52,0x00,0x04,0x3c,0x91,
	0xf3,0x53,0x01,0xa9,0xf5,0x5b,0x02,0xa9,0xf7,0x1b,0x00,0xf9,0xf4,0x54,0x00,0xd0,
	0xe1,0x00,0xec,0x97,0xd3,0x75,0x00,0xf0,0x81,0xc2,0x0f,0x91,0x00,0x54,0x00,0xb0,
	0x00,0xe0,0x27,0x91,0x21,0xa0,0x03,0x91,0x62,0x19,0xeb,0x97,0x60,0x42,0x29,0x91,
	0x00,0x04,0x40,0xf9,0x40,0x00,0x00,0xb4,0x7c,0x80,0xfb,0x97,0x76,0x42,0x29,0x91,
	0xd7,0x0a,0x40,0xf9,0x77,0x01,0x00,0xb4,0x95,0xc2,0x0f,0x91,0xe0,0x03,0x17,0xaa,
	0xa1,0x02,0x04,0x91,0x3b,0x2a,0xfb,0x97,0xe0,0x03,0x17,0xaa,0xa1,0x82,0x04,0x91,
	0x38,0x2a,0xfb,0x97,0xc0,0x0a,0x40,0xf9,0xeb,0x2f,0xfb,0x97,0xdf,0x0a,0x00,0xf9,
	0x75,0x42,0x29,0x91,0xa0,0x0e,0x40,0xf9,0x60,0x00,0x00,0xb4,0x19,0x44,0xfb,0x97,
	0xbf,0x0e,0x00,0xf9,0x80,0xc2,0x0f,0x91,0x00,0x00,0x05,0x91,0x62,0xa4,0xf9,0x97,
	0x60,0x2a,0x45,0xf9,0x00,0x04,0x40,0xf9,0xa0,0x00,0x00,0xb4,0x23,0x14,0xff,0x97,
	0xc0,0x75,0x00,0xf0,0x00,0x28,0x45,0xf9,0x1f,0x04,0x00,0xf9,0x60,0x2a,0x45,0xf9,
	0x01,0x68,0x40,0xf9,0x01,0x01,0x00,0xb4,0x01,0x6c,0x40,0xf9,0x61,0x00,0x00,0xb4,
	0x00,0xc0,0x02,0x91,0x6a,0xfd,0xea,0x97,0x60,0x2a,0x45,0xf9,0x00,0x68,0x40,0xf9,
	0xeb,0x05,0xeb,0x97,0x60,0x2a,0x45,0xf9,0x00,0x28,0x40,0xb9,0x1f,0xfc,0x07,0x71,
	0x48,0x00,0x00,0x54,0x26,0x2f,0xf8,0x97,0x60,0x2a,0x45,0xf9,0x00,0x2c,0x40,0xb9,
	0x1f,0xfc,0x07,0x71,0x48,0x00,0x00,0x54,0x21,0x2f,0xf8,0x97,0x60,0x2a,0x45,0xf9,
	0x00,0x10,0x40,0xf9,0x40,0x00,0x00,0xb4,0x77,0x2c,0xf9,0x97,0x60,0x2a,0x45,0xf9,
	0x98,0x8a,0xef,0x97,0x7f,0x2a,0x05,0xf9,0x00,0x00,0x80,0x52,0xf7,0x1b,0x40,0xf9,
	0xf3,0x53,0x41,0xa9,0xf5,0x5b,0x42,0xa9,0xfd,0x7b,0xc4,0xa8,0xc0,0x03,0x5f,0xd6,
	0xc0,0x75,0x00,0xf0,0x01,0x00,0x82,0xd2,0xfd,0x7b,0xbf,0xa9,0xfd,0x03,0x00,0x91,
	0x03,0x28,0x45,0xf9,0xe0,0x03,0x02,0xaa,0x82,0x35,0x00,0xb0,0x42,0xf0,0x26,0x91,
	0x63,0xe4,0x40,0xb9,0x73,0x16,0x0d,0x94,0x00,0x7c,0x40,0x93,0xfd,0x7b,0xc1,0xa8,
	0xc0,0x03,0x5f,0xd6,0xfd,0x7b,0xbe,0xa9,0xe1,0x20,0x00,0x90,0x60,0x33,0x00,0xb0,
	0xfd,0x03,0x00,0x91,0xf3,0x53,0x01,0xa9,0xd3,0x75,0x00,0xf0,0x21,0x20,0x0b,0x91,
	0xf4,0x03,0x02,0xaa,0x21,0xa0,0x00,0x91,0x82,0xda,0x80,0x52,0x00,0x94,0x3c,0x91,
	0x65,0x2a,0x45,0xf9,0xa3,0x60,0xc0,0x79,0xa4,0x64,0xc0,0x79,0xa5,0x68,0xc0,0x79,
	0x7d,0x00,0xec,0x97,0x65,0x2a,0x45,0xf9,0xc2,0x31,0x00,0xf0,0xe0,0x03,0x14,0xaa,
	0x01,0x00,0x82,0xd2,0x42,0x70,0x34,0x91,0xa3,0x60,0xc0,0x79,0xa4,0x64,0xc0,0x79,
	0xa5,0x68,0xc0,0x79,0x57,0x16,0x0d,0x94,0x00,0x7c,0x40,0x93,0xf3,0x53,0x41,0xa9,
	0xfd,0x7b,0xc2,0xa8,0xc0,0x03,0x5f,0xd6,0xfd,0x7b,0xbe,0xa9,0xe1,0x20,0x00,0x90,
	0x60,0x33,0x00,0xb0,0xfd,0x03,0x00,0x91,0xf3,0x53,0x01,0xa9,0xf3,0x03,0x02,0xaa,
	0x21,0x20,0x0b,0x91,0x21,0xe0,0x00,0x91,0xf4,0x03,0x03,0xaa,0x00,0x24,0x3d,0x91,
	0xe3,0x03,0x01,0xaa,0x64,0x02,0x40,0x39,0x42,0xdb,0x80,0x52,0x62,0x00,0xec,0x97,
	0x61,0x02,0x40,0x39,0xc0,0x75,0x00,0xf0,0x3f,0xc4,0x00,0x71,0x60,0x00,0x00,0x54,
	0x3f,0x04,0x00,0x71,0x21,0x01,0x00,0x54,0x02,0x28,0x45,0xf9,0x20,0x00,0x80,0x52,
	0x42,0xc0,0x02,0x91,0x41,0x10,0x40,0xf9,0x40,0x2c,0x00,0xb9,0x80,0x00,0x80,0x52,
	0x8e,0xf9,0xea,0x97,0x03,0x00,0x00,0x14,0x00,0x28,0x45,0xf9,0x1f,0xdc,0x00,0xb9,
	0xe0,0x03,0x14,0xaa,0xf3,0x53,0x41,0xa9,0xfd,0x7b,0xc2,0xa8,0xc0,0x03,0x5f,0xd6,
	0xfd,0x7b,0xbe,0xa9,0xfd,0x03,0x00,0x91,0xf3,0x0b,0x00,0xf9,0xd3,0x75,0x00,0xf0,
	0x60,0x2a,0x45,0xf9,0x01,0xac,0x40,0xb9,0xc1,0x00,0x00,0x35,0x00,0xa8,0x40,0xb9,
	0x54,0x0c,0xec,0x97,0x60,0x2a,0x45,0xf9,0x21,0x00,0x80,0x52,0x01,0xac,0x00,0xb9,
	0xf3,0x0b,0x40,0xf9,0xfd,0x7b,0xc2,0xa8,0xc0,0x03,0x5f,0xd6,0xfd,0x7b,0xbb,0xa9,
	0xfd,0x03,0x00,0x91,0xf7,0x63,0x03,0xa9,0x18,0x1c,0x00,0x53,0xc0,0x75,0x00,0xf0,
	0xf3,0x53,0x01,0xa9,0xf9,0x6b,0x04,0xa9,0x14,0x38,0x45,0xf9,0x39,0x1c,0x00,0x53,
	0xf5,0x5b,0x02,0xa9,0xa0,0x02,0x80,0x12,0x14,0x05,0x00,0xb4,0x81,0x0e,0x40,0xf9,
	0xc1,0x04,0x00,0xb4,0x76,0x33,0x00,0xb0,0xf7,0x03,0x02,0xaa,0x75,0x00,0x80,0x52,
	0x9a,0x82,0x00,0x91,0xd6,0x12,0x3f,0x91,0xe0,0x03,0x14,0xaa,0xe1,0x03,0x18,0x2a,
	0xe2,0x03,0x19,0x2a,0xe3,0x03,0x17,0xaa,0xa3,0x4b,0x00,0x94,0xf3,0x03,0x00,0x2a,
	0x33,0x03,0xf8,0x36,0x80,0x0e,0x40,0xf9,0x00,0xdc,0x41,0xf9,0xe0,0x00,0x00,0xb4,
	0xe0,0x03,0x1a,0xaa,0xe1,0x03,0x16,0xaa,0xe2,0x03,0x13,0x2a,0xd0,0x2d,0xfb,0x97,
	0x80,0x0e,0x40,0xf9,0x12,0x39,0x00,0x94,0xc0,0xdb,0x88,0xd2,0x60,0x00,0xa0,0xf2,
	0x57,0xca,0x0c,0x94,0xb5,0x06,0x00,0x71,0x81,0xfd,0xff,0x54,0xe2,0x20,0x00,0x90,
	0x61,0x33,0x00,0xd0,0x42,0x20,0x0b,0x91,0x80,0x82,0x00,0x91,0x21,0x08,0x00,0x91,
	0x42,0x60,0x01,0x91,0x43,0x1e,0x80,0x52,0xe4,0x03,0x18,0x2a,0xe5,0x03,0x13,0x2a,
	0x88,0x2d,0xfb,0x97,0xe0,0x03,0x13,0x2a,0xf3,0x53,0x41,0xa9,0xf5,0x5b,0x42,0xa9,
	0xf7,0x63,0x43,0xa9,0xf9,0x6b,0x44,0xa9,0xfd,0x7b,0xc5,0xa8,0xc0,0x03,0x5f,0xd6,
	0xfd,0x7b,0xbc,0xa9,0xc2,0x4f,0x00,0xf0,0xfd,0x03,0x00,0x91,0xf3,0x53,0x01,0xa9,
	0xb4,0x03,0x01,0x91,0x40,0x84,0x47,0xf9,0xf5,0x13,0x00,0xf9,0x93,0x02,0x80,0x52,
	0xa0,0x1f,0x00,0xf9,0xf5,0x03,0x02,0xaa,0x9f,0x7e,0x1f,0x38,0x00,0x02,0x80,0x52,
	0x21,0x00,0x80,0x52,0xe2,0x03,0x14,0xaa,0xb9,0xff,0xff,0x97,0xa0,0x00,0xf8,0x36,
	0x80,0x0c,0x80,0xd2,0x01,0x19,0x80,0xd2,0x27,0x31,0x0d,0x94,0x05,0x00,0x00,0x14,
	0xa0,0xdf,0x40,0x39,0x20,0x02,0x00,0x37,0x40,0x01,0x80,0x52,0x56,0x58,0xec,0x97,
	0x73,0x06,0x00,0x71,0x41,0xfe,0xff,0x54,0xa3,0xdf,0x40,0x39,0x03,0x01,0x00,0x37,
	0xc1,0x20,0x00,0xf0,0x60,0x33,0x00,0xb0,0x21,0x20,0x0b,0x91,0x00,0x04,0x01,0x91,
	0x21,0xa0,0x01,0x91,0x82,0x78,0x80,0x52,0xe3,0xff,0xeb,0x97,0xa0,0xdf,0x40,0x39,
	0x00,0x00,0x00,0x12,0x02,0x00,0x00,0x14,0x20,0x00,0x80,0x52,0xa2,0x1f,0x40,0xf9,
	0xa1,0x86,0x47,0xf9,0x5f,0x00,0x01,0xeb,0x40,0x00,0x00,0x54,0x0c,0x92,0xea,0x97,
	0xf3,0x53,0x41,0xa9,0xf5,0x13,0x40,0xf9,0xfd,0x7b,0xc4,0xa8,0xc0,0x03,0x5f,0xd6,
	0xfd,0x7b,0xbb,0xa9,0xc2,0x4f,0x00,0xd0,0xfd,0x03,0x00,0x91,0xf3,0x53,0x01,0xa9,
	0xf3,0x03,0x01,0x2a,0x41,0x84,0x47,0xf9,0xf5,0x13,0x00,0xf9,0xf4,0x03,0x00,0xaa,
	0xa1,0x27,0x00,0xf9,0xf5,0x03,0x02,0xaa,0x80,0x07,0x00,0xb4,0x7f,0x02,0x1f,0x6b,
	0x4d,0x07,0x00,0x54,0x01,0x00,0x80,0x52,0x62,0x7e,0x40,0x93,0xbd,0xcb,0x0c,0x94,
	0xc0,0xff,0xff,0x97,0x00,0x1c,0x00,0x53,0xa1,0x0d,0x80,0x12,0x80,0x06,0x00,0x34,
	0x80,0x0c,0x80,0xd2,0x01,0x19,0x80,0xd2,0xf3,0x30,0x0d,0x94,0x20,0x02,0x80,0x52,
	0xc1,0x00,0x80,0x52,0xa2,0x03,0x01,0x91,0x7d,0xff,0xff,0x97,0x1f,0x18,0x00,0x71,
	0xa0,0x00,0x00,0x54,0xe1,0x03,0x00,0x2a,0x20,0x05,0xf8,0x37,0x81,0x00,0x80,0x12,
	0x27,0x00,0x00,0x14,0x20,0x03,0x80,0x52,0x41,0x00,0x80,0x52,0xa2,0xe3,0x00,0x91,
	0x73,0xff,0xff,0x97,0x1f,0x08,0x00,0x71,0xe1,0xfe,0xff,0x54,0x7f,0x22,0x00,0x71,
	0x00,0x01,0x80,0x52,0x60,0xd2,0x80,0x1a,0x1f,0x04,0x00,0x71,0xe1,0x03,0x00,0x2a,
	0x60,0x03,0x00,0x54,0xa1,0x07,0x41,0x39,0x1f,0x0c,0x00,0x71,0x81,0x02,0x00,0x39,
	0xa1,0x03,0x41,0x39,0x81,0x06,0x00,0x39,0xe1,0x03,0x00,0x2a,0x8d,0x02,0x00,0x54,
	0xa1,0x0f,0x41,0x39,0x1f,0x14,0x00,0x71,0x81,0x0a,0x00,0x39,0xa1,0x0b,0x41,0x39,
	0x81,0x0e,0x00,0x39,0xe1,0x03,0x00,0x2a,0xad,0x01,0x00,0x54,0xa0,0x17,0x41,0x39,
	0x3f,0x20,0x00,0x71,0x80,0x12,0x00,0x39,0xa0,0x13,0x41,0x39,0x80,0x16,0x00,0x39,
	0xe1,0x00,0x00,0x54,0xa0,0xe7,0x40,0x39,0x80,0x1a,0x00,0x39,0xa0,0xe3,0x40,0x39,
	0x80,0x1e,0x00,0x39,0x02,0x00,0x00,0x14,0xa1,0x02,0x80,0x12,0xa2,0x27,0x40,0xf9,
	0xe0,0x03,0x01,0x2a,0xa1,0x86,0x47,0xf9,0x5f,0x00,0x01,0xeb,0x40,0x00,0x00,0x54,
	0xbb,0x91,0xea,0x97,0xf3,0x53,0x41,0xa9,0xf5,0x13,0x40,0xf9,0xfd,0x7b,0xc5,0xa8,
	0xc0,0x03,0x5f,0xd6,0xfd,0x7b,0xbb,0xa9,0xfd,0x03,0x00,0x91,0xf7,0x63,0x03,0xa9,
	0x17,0x1c,0x00,0x53,0xc0,0x75,0x00,0xd0,0xf3,0x53,0x01,0xa9,0xf5,0x5b,0x02,0xa9,
	0x14,0x38,0x45,0xf9,0x38,0x1c,0x00,0x53,0xf9,0x23,0x00,0xf9,0xa0,0x02,0x80,0x12,
	0xd4,0x04,0x00,0xb4,0x81,0x0e,0x40,0xf9,0x81,0x04,0x00,0xb4,0x76,0x33,0x00,0xb0,
	0x75,0x00,0x80,0x52,0x99,0x82,0x00,0x91,0xd6,0xd6,0x01,0x91,0xe0,0x03,0x14,0xaa,
	0xe1,0x03,0x17,0x2a,0xe2,0x03,0x18,0x2a,0x5d,0x4a,0x00,0x94,0xf3,0x03,0x00,0x2a,
	0x33,0x03,0xf8,0x36,0x80,0x0e,0x40,0xf9,0x00,0xdc,0x41,0xf9,0xe0,0x00,0x00,0xb4,
};

/* embedded rodata/data page contents (stock file-backed pages) */
#define BD_RO_N 7
static const u32 bd_ro_stock_page[BD_RO_N] = {
	0x0099d000,
	0x0099e000,
	0x00b7d000,
	0x00bef000,
	0x00bf0000,
	0x00f7d000,
	0x01020000,
};
static const u8 bd_ro_data[BD_RO_N][4096] = {
{
	0x01,0x02,0x02,0x02,0x02,0x02,0x02,0x02,0x02,0x02,0x02,0x02,0x02,0x02,0x02,0x08,
	0x04,0x00,0x00,0x00,0x00,0x00,0x00,0x00,0x00,0x00,0x00,0x00,0x00,0x00,0x00,0x00,
	0x00,0x00,0x00,0x00,0x00,0x00,0x00,0x00,0x00,0x00,0x00,0x00,0x00,0x00,0x00,0x00,
	0x00,0x00,0x00,0x00,0x00,0x00,0x00,0x00,0x00,0x00,0x00,0x00,0x00,0x00,0x00,0x00,
	0x00,0x00,0x00,0x00,0x00,0x00,0x00,0x00,0x00,0x00,0x00,0x00,0x00,0x00,0x00,0x00,
	0x00,0x00,0x00,0x00,0x00,0x00,0x00,0x00,0x00,0x00,0x00,0x00,0x00,0x00,0x00,0x00,
	0x00,0x00,0x00,0x00,0x00,0x00,0x00,0x00,0x00,0x00,0x00,0x00,0x00,0x00,0x00,0x00,
	0x00,0x00,0x00,0x00,0x00,0x00,0x00,0x00,0x00,0x00,0x00,0x00,0x00,0x00,0x00,0x00,
	0x00,0x00,0x00,0x00,0x00,0x00,0x00,0x00,0x00,0x00,0x00,0x00,0x00,0x00,0x00,0x00,
	0x00,0x00,0x00,0x00,0x00,0x00,0x00,0x00,0x00,0x00,0x00,0x00,0x00,0x00,0x00,0x00,
	0x00,0x00,0x00,0x00,0x00,0x00,0x00,0x00,0x00,0x00,0x00,0x00,0x00,0x00,0x00,0x00,
	0x00,0x00,0x00,0x00,0x00,0x00,0x00,0x00,0x00,0x00,0x00,0x00,0x00,0x00,0x00,0x00,
	0x00,0x00,0x00,0x00,0x00,0x00,0x00,0x00,0x00,0x00,0x00,0x00,0x00,0x00,0x00,0x00,
	0x00,0x00,0x00,0x00,0x00,0x00,0x00,0x00,0x00,0x00,0x00,0x00,0x00,0x00,0x00,0x00,
	0x00,0x00,0x00,0x00,0x00,0x00,0x00,0x00,0x00,0x00,0x00,0x00,0x00,0x00,0x00,0x00,
	0x00,0x00,0x00,0x00,0x00,0x00,0x00,0x00,0x00,0x00,0x00,0x00,0x00,0x00,0x00,0x00,
	0x00,0x00,0x00,0x00,0x00,0x00,0x00,0x00,0x00,0x00,0x00,0x00,0x00,0x00,0x00,0x00,
	0x00,0x00,0x00,0x00,0x00,0x00,0x00,0x00,0x00,0x00,0x00,0x00,0x00,0x00,0x00,0x00,
	0x00,0x00,0x00,0x00,0x00,0x00,0x00,0x00,0x00,0x00,0x00,0x00,0x00,0x00,0x00,0x00,
	0x00,0x00,0x00,0x00,0x00,0x00,0x00,0x00,0x00,0x00,0x00,0x00,0x00,0x00,0x00,0x00,
	0x00,0x00,0x00,0x00,0x00,0x00,0x00,0x00,0x73,0x70,0x72,0x64,0x2c,0x73,0x63,0x32,
	0x37,0x33,0x31,0x2d,0x76,0x69,0x62,0x72,0x61,0x74,0x6f,0x72,0x00,0x00,0x00,0x00,
	0x00,0x00,0x00,0x00,0x00,0x00,0x00,0x00,0x00,0x00,0x00,0x00,0x00,0x00,0x00,0x00,
	0x00,0x00,0x00,0x00,0x00,0x00,0x00,0x00,0x00,0x00,0x00,0x00,0x00,0x00,0x00,0x00,
	0x00,0x00,0x00,0x00,0x00,0x00,0x00,0x00,0x00,0x00,0x00,0x00,0x00,0x00,0x00,0x00,
	0x00,0x00,0x00,0x00,0x00,0x00,0x00,0x00,0x00,0x00,0x00,0x00,0x00,0x00,0x00,0x00,
	0x00,0x00,0x00,0x00,0x00,0x00,0x00,0x00,0x00,0x00,0x00,0x00,0x00,0x00,0x00,0x00,
	0x00,0x00,0x00,0x00,0x00,0x00,0x00,0x00,0x00,0x00,0x00,0x00,0x00,0x00,0x00,0x00,
	0x00,0x00,0x00,0x00,0x00,0x00,0x00,0x00,0x00,0x00,0x00,0x00,0x00,0x00,0x00,0x00,
	0x00,0x00,0x00,0x00,0x00,0x00,0x00,0x00,0x00,0x00,0x00,0x00,0x00,0x00,0x00,0x00,
	0x00,0x00,0x00,0x00,0x00,0x00,0x00,0x00,0x00,0x00,0x00,0x00,0x00,0x00,0x00,0x00,
	0x00,0x00,0x00,0x00,0x00,0x00,0x00,0x00,0x00,0x00,0x00,0x00,0x00,0x00,0x00,0x00,
	0x00,0x00,0x00,0x00,0x00,0x00,0x00,0x00,0x00,0x00,0x00,0x00,0x00,0x00,0x00,0x00,
	0x73,0x70,0x72,0x64,0x2c,0x73,0x63,0x32,0x37,0x33,0x30,0x2d,0x76,0x69,0x62,0x72,
	0x61,0x74,0x6f,0x72,0x00,0x00,0x00,0x00,0x00,0x00,0x00,0x00,0x00,0x00,0x00,0x00,
	0x00,0x00,0x00,0x00,0x00,0x00,0x00,0x00,0x00,0x00,0x00,0x00,0x00,0x00,0x00,0x00,
	0x00,0x00,0x00,0x00,0x00,0x00,0x00,0x00,0x00,0x00,0x00,0x00,0x00,0x00,0x00,0x00,
	0x00,0x00,0x00,0x00,0x00,0x00,0x00,0x00,0x00,0x00,0x00,0x00,0x00,0x00,0x00,0x00,
	0x00,0x00,0x00,0x00,0x00,0x00,0x00,0x00,0x00,0x00,0x00,0x00,0x00,0x00,0x00,0x00,
	0x00,0x00,0x00,0x00,0x00,0x00,0x00,0x00,0x00,0x00,0x00,0x00,0x00,0x00,0x00,0x00,
	0x00,0x00,0x00,0x00,0x00,0x00,0x00,0x00,0x00,0x00,0x00,0x00,0x00,0x00,0x00,0x00,
	0x00,0x00,0x00,0x00,0x00,0x00,0x00,0x00,0x00,0x00,0x00,0x00,0x00,0x00,0x00,0x00,
	0x00,0x00,0x00,0x00,0x00,0x00,0x00,0x00,0x00,0x00,0x00,0x00,0x00,0x00,0x00,0x00,
	0x00,0x00,0x00,0x00,0x00,0x00,0x00,0x00,0x00,0x00,0x00,0x00,0x00,0x00,0x00,0x00,
	0x00,0x00,0x00,0x00,0x00,0x00,0x00,0x00,0x00,0x00,0x00,0x00,0x00,0x00,0x00,0x00,
	0x00,0x00,0x00,0x00,0x00,0x00,0x00,0x00,0x73,0x70,0x72,0x64,0x2c,0x73,0x63,0x32,
	0x37,0x32,0x31,0x2d,0x76,0x69,0x62,0x72,0x61,0x74,0x6f,0x72,0x00,0x00,0x00,0x00,
	0x00,0x00,0x00,0x00,0x00,0x00,0x00,0x00,0x00,0x00,0x00,0x00,0x00,0x00,0x00,0x00,
	0x00,0x00,0x00,0x00,0x00,0x00,0x00,0x00,0x00,0x00,0x00,0x00,0x00,0x00,0x00,0x00,
	0x00,0x00,0x00,0x00,0x00,0x00,0x00,0x00,0x00,0x00,0x00,0x00,0x00,0x00,0x00,0x00,
	0x00,0x00,0x00,0x00,0x00,0x00,0x00,0x00,0x00,0x00,0x00,0x00,0x00,0x00,0x00,0x00,
	0x00,0x00,0x00,0x00,0x00,0x00,0x00,0x00,0x00,0x00,0x00,0x00,0x00,0x00,0x00,0x00,
	0x00,0x00,0x00,0x00,0x00,0x00,0x00,0x00,0x00,0x00,0x00,0x00,0x00,0x00,0x00,0x00,
	0x00,0x00,0x00,0x00,0x00,0x00,0x00,0x00,0x00,0x00,0x00,0x00,0x00,0x00,0x00,0x00,
	0x00,0x00,0x00,0x00,0x00,0x00,0x00,0x00,0x00,0x00,0x00,0x00,0x00,0x00,0x00,0x00,
	0x00,0x00,0x00,0x00,0x00,0x00,0x00,0x00,0x00,0x00,0x00,0x00,0x00,0x00,0x00,0x00,
	0x00,0x00,0x00,0x00,0x00,0x00,0x00,0x00,0x00,0x00,0x00,0x00,0x00,0x00,0x00,0x00,
	0x00,0x00,0x00,0x00,0x00,0x00,0x00,0x00,0x00,0x00,0x00,0x00,0x00,0x00,0x00,0x00,
	0x00,0x00,0x00,0x00,0x00,0x00,0x00,0x00,0x00,0x00,0x00,0x00,0x00,0x00,0x00,0x00,
	0x00,0x00,0x00,0x00,0x00,0x00,0x00,0x00,0x00,0x00,0x00,0x00,0x00,0x00,0x00,0x00,
	0x00,0x00,0x00,0x00,0x00,0x00,0x00,0x00,0x00,0x00,0x00,0x00,0x00,0x00,0x00,0x00,
	0x00,0x00,0x00,0x00,0x00,0x00,0x00,0x00,0x00,0x00,0x00,0x00,0x00,0x00,0x00,0x00,
	0x00,0x00,0x00,0x00,0x00,0x00,0x00,0x00,0x00,0x00,0x00,0x00,0x00,0x00,0x00,0x00,
	0x00,0x00,0x00,0x00,0x00,0x00,0x00,0x00,0x00,0x00,0x00,0x00,0x00,0x00,0x00,0x00,
	0x00,0x00,0x00,0x00,0x00,0x00,0x00,0x00,0x00,0x00,0x00,0x00,0x00,0x00,0x00,0x00,
	0x00,0x00,0x00,0x00,0x00,0x00,0x00,0x00,0x00,0x00,0x00,0x00,0x00,0x00,0x00,0x00,
	0x00,0x00,0x00,0x00,0x00,0x00,0x00,0x00,0x00,0x00,0x00,0x00,0x00,0x00,0x00,0x00,
	0x00,0x00,0x00,0x00,0x00,0x00,0x00,0x00,0x00,0x00,0x00,0x00,0x00,0x00,0x00,0x00,
	0x00,0x00,0x00,0x00,0x00,0x00,0x00,0x00,0x00,0x00,0x00,0x00,0x00,0x00,0x00,0x00,
	0x00,0x00,0x00,0x00,0x00,0x00,0x00,0x00,0x00,0x00,0x00,0x00,0x00,0x00,0x00,0x00,
	0x00,0x00,0x00,0x00,0x00,0x00,0x00,0x00,0x00,0x00,0x00,0x00,0x00,0x00,0x00,0x00,
	0x00,0x00,0x00,0x00,0x00,0x00,0x00,0x00,0x00,0x00,0x00,0x00,0x00,0x00,0x00,0x00,
	0x00,0x00,0x00,0x00,0x00,0x00,0x00,0x00,0x00,0x00,0x00,0x00,0x00,0x00,0x00,0x00,
	0x00,0x00,0x00,0x00,0x00,0x00,0x00,0x00,0x00,0x00,0x00,0x00,0x00,0x00,0x00,0x00,
	0x00,0x00,0x00,0x00,0x00,0x00,0x00,0x00,0x00,0x00,0x00,0x00,0x00,0x00,0x00,0x00,
	0x00,0x00,0x00,0x00,0x00,0x00,0x00,0x00,0x00,0x00,0x00,0x00,0x00,0x00,0x00,0x00,
	0x00,0x00,0x00,0x00,0x00,0x00,0x00,0x00,0x00,0x00,0x00,0x00,0x00,0x00,0x00,0x00,
	0x00,0x00,0x00,0x00,0x00,0x00,0x00,0x00,0x00,0x00,0x00,0x00,0x00,0x00,0x00,0x00,
	0x00,0x00,0x00,0x00,0x00,0x00,0x00,0x00,0x00,0x00,0x00,0x00,0x00,0x00,0x00,0x00,
	0x00,0x00,0x00,0x00,0x00,0x00,0x00,0x00,0x00,0x00,0x00,0x00,0x00,0x00,0x00,0x00,
	0x00,0x00,0x00,0x00,0x00,0x00,0x00,0x00,0x00,0x00,0x00,0x00,0x00,0x00,0x00,0x00,
	0x00,0x00,0x00,0x00,0x00,0x00,0x00,0x00,0x69,0x72,0x71,0x31,0x65,0x6e,0x61,0x62,
	0x6c,0x65,0x5f,0x73,0x74,0x6f,0x72,0x65,0x5f,0x6e,0x61,0x6d,0x65,0x00,0x00,0x00,
	0x6d,0x69,0x72,0x33,0x64,0x61,0x5f,0x65,0x78,0x69,0x74,0x00,0x00,0x00,0x00,0x00,
	0x6d,0x69,0x72,0x33,0x64,0x61,0x5f,0x65,0x6e,0x61,0x62,0x6c,0x65,0x5f,0x73,0x74,
	0x6f,0x72,0x65,0x00,0x00,0x00,0x00,0x00,0x6d,0x69,0x72,0x33,0x64,0x61,0x5f,0x65,
	0x6e,0x61,0x62,0x6c,0x65,0x5f,0x73,0x63,0x5f,0x73,0x74,0x6f,0x72,0x65,0x00,0x00,
	0x6d,0x69,0x72,0x33,0x64,0x61,0x5f,0x72,0x65,0x67,0x5f,0x64,0x61,0x74,0x61,0x5f,
	0x73,0x74,0x6f,0x72,0x65,0x00,0x00,0x00,0x6d,0x69,0x72,0x33,0x64,0x61,0x5f,0x6d,
	0x69,0x73,0x63,0x5f,0x69,0x6f,0x63,0x74,0x6c,0x00,0x00,0x00,0x00,0x00,0x00,0x00,
	0x6d,0x69,0x72,0x33,0x64,0x61,0x5f,0x72,0x65,0x6d,0x6f,0x76,0x65,0x00,0x00,0x00,
	0x00,0x00,0x00,0x00,0x00,0x00,0x00,0x00,0x00,0x00,0x00,0x00,0x00,0x00,0x00,0x00,
	0x00,0x00,0x00,0x00,0x00,0x00,0x00,0x00,0x00,0x00,0x00,0x00,0x00,0x00,0x00,0x00,
	0x00,0x00,0x00,0x00,0x00,0x00,0x00,0x00,0x6d,0x69,0x72,0x33,0x64,0x61,0x5f,0x69,
	0x72,0x71,0x31,0x5f,0x77,0x6f,0x72,0x6b,0x00,0x00,0x00,0x00,0x00,0x00,0x00,0x00,
	0x6d,0x69,0x72,0x33,0x64,0x61,0x5f,0x70,0x72,0x6f,0x62,0x65,0x00,0x00,0x00,0x00,
	0x00,0x00,0x00,0x00,0x00,0x00,0x00,0x00,0x00,0x00,0x00,0x00,0x00,0x00,0x00,0x00,
	0x00,0x00,0x00,0x00,0x00,0x00,0x00,0x00,0x00,0x00,0x00,0x00,0x00,0x00,0x00,0x00,
	0x00,0x00,0x00,0x00,0x00,0x00,0x00,0x00,0x00,0x00,0x00,0x00,0x00,0x00,0x00,0x00,
	0x00,0x00,0x00,0x00,0x00,0x00,0x00,0x00,0x00,0x00,0x00,0x00,0x00,0x00,0x00,0x00,
	0x64,0x61,0x2c,0x64,0x61,0x32,0x31,0x37,0x00,0x00,0x00,0x00,0x00,0x00,0x00,0x00,
	0x00,0x00,0x00,0x00,0x00,0x00,0x00,0x00,0x00,0x00,0x00,0x00,0x00,0x00,0x00,0x00,
	0x00,0x00,0x00,0x00,0x00,0x00,0x00,0x00,0x00,0x00,0x00,0x00,0x00,0x00,0x00,0x00,
	0x00,0x00,0x00,0x00,0x00,0x00,0x00,0x00,0x00,0x00,0x00,0x00,0x00,0x00,0x00,0x00,
	0x00,0x00,0x00,0x00,0x00,0x00,0x00,0x00,0x00,0x00,0x00,0x00,0x00,0x00,0x00,0x00,
	0x00,0x00,0x00,0x00,0x00,0x00,0x00,0x00,0x00,0x00,0x00,0x00,0x00,0x00,0x00,0x00,
	0x00,0x00,0x00,0x00,0x00,0x00,0x00,0x00,0x00,0x00,0x00,0x00,0x00,0x00,0x00,0x00,
	0x00,0x00,0x00,0x00,0x00,0x00,0x00,0x00,0x00,0x00,0x00,0x00,0x00,0x00,0x00,0x00,
	0x00,0x00,0x00,0x00,0x00,0x00,0x00,0x00,0x00,0x00,0x00,0x00,0x00,0x00,0x00,0x00,
	0x00,0x00,0x00,0x00,0x00,0x00,0x00,0x00,0x00,0x00,0x00,0x00,0x00,0x00,0x00,0x00,
	0x00,0x00,0x00,0x00,0x00,0x00,0x00,0x00,0x00,0x00,0x00,0x00,0x00,0x00,0x00,0x00,
	0x00,0x00,0x00,0x00,0x00,0x00,0x00,0x00,0x00,0x00,0x00,0x00,0x00,0x00,0x00,0x00,
	0x00,0x00,0x00,0x00,0x00,0x00,0x00,0x00,0x00,0x00,0x00,0x00,0x00,0x00,0x00,0x00,
	0x00,0x00,0x00,0x00,0x00,0x00,0x00,0x00,0x00,0x00,0x00,0x00,0x00,0x00,0x00,0x00,
	0x00,0x00,0x00,0x00,0x00,0x00,0x00,0x00,0x00,0x00,0x00,0x00,0x00,0x00,0x00,0x00,
	0x00,0x00,0x00,0x00,0x00,0x00,0x00,0x00,0x00,0x00,0x00,0x00,0x00,0x00,0x00,0x00,
	0x00,0x00,0x00,0x00,0x00,0x00,0x00,0x00,0x00,0x00,0x00,0x00,0x00,0x00,0x00,0x00,
	0x00,0x00,0x00,0x00,0x00,0x00,0x00,0x00,0x00,0x00,0x00,0x00,0x00,0x00,0x00,0x00,
	0x00,0x00,0x00,0x00,0x00,0x00,0x00,0x00,0x00,0x00,0x00,0x00,0x00,0x00,0x00,0x00,
	0x00,0x00,0x00,0x00,0x00,0x00,0x00,0x00,0x00,0x00,0x00,0x00,0x00,0x00,0x00,0x00,
	0x00,0x00,0x00,0x00,0x00,0x00,0x00,0x00,0x00,0x00,0x00,0x00,0x00,0x00,0x00,0x00,
	0x27,0x00,0x26,0x00,0xfe,0xff,0x00,0x00,0x6d,0x69,0x72,0x33,0x64,0x61,0x00,0x00,
	0x00,0x00,0x00,0x00,0x00,0x00,0x00,0x00,0x00,0x00,0x00,0x00,0x00,0x00,0x00,0x00,
	0x00,0x00,0x00,0x00,0x00,0x00,0x00,0x00,0x00,0x00,0x00,0x00,0x00,0x00,0x00,0x00,
	0x00,0x00,0x00,0x00,0x00,0x00,0x00,0x00,0x00,0x00,0x00,0x00,0x00,0x00,0x00,0x00,
	0x00,0x00,0x00,0x00,0x00,0x00,0x00,0x00,0x00,0x00,0x00,0x00,0x00,0x00,0x00,0x00,
	0x00,0x00,0x00,0x00,0x00,0x00,0x00,0x00,0x00,0x00,0x00,0x00,0x00,0x00,0x00,0x00,
	0x00,0x00,0x00,0x00,0x00,0x00,0x00,0x00,0x00,0x00,0x00,0x00,0x00,0x00,0x00,0x00,
	0x00,0x00,0x00,0x00,0x00,0x00,0x00,0x00,0x00,0x00,0x00,0x00,0x00,0x00,0x00,0x00,
	0x00,0x00,0x00,0x00,0x00,0x00,0x00,0x00,0x00,0x00,0x00,0x00,0x00,0x00,0x00,0x00,
	0x00,0x00,0x00,0x00,0x00,0x00,0x00,0x00,0x00,0x00,0x00,0x00,0x00,0x00,0x00,0x00,
	0x00,0x00,0x00,0x00,0x00,0x00,0x00,0x00,0x00,0x00,0x00,0x00,0x00,0x00,0x00,0x00,
	0x00,0x00,0x00,0x00,0x00,0x00,0x00,0x00,0x00,0x00,0x00,0x00,0x00,0x00,0x00,0x00,
	0x00,0x00,0x00,0x00,0x00,0x00,0x00,0x00,0x00,0x00,0x00,0x00,0x00,0x00,0x00,0x00,
	0x00,0x00,0x00,0x00,0x00,0x00,0x00,0x00,0x00,0x00,0x00,0x00,0x00,0x00,0x00,0x00,
	0x00,0x00,0x00,0x00,0x00,0x00,0x00,0x00,0x00,0x00,0x00,0x00,0x00,0x00,0x00,0x00,
	0x00,0x00,0x00,0x00,0x00,0x00,0x00,0x00,0x00,0x00,0x00,0x00,0x00,0x00,0x00,0x00,
	0x00,0x00,0x00,0x00,0x00,0x00,0x00,0x00,0x00,0x00,0x00,0x00,0x00,0x00,0x00,0x00,
	0x00,0x00,0x00,0x00,0x00,0x00,0x00,0x00,0x00,0x00,0x00,0x00,0x00,0x00,0x00,0x00,
	0x00,0x00,0x00,0x00,0x00,0x00,0x00,0x00,0x00,0x00,0x00,0x00,0x00,0x00,0x00,0x00,
	0x00,0x00,0x00,0x00,0x00,0x00,0x00,0x00,0x00,0x00,0x00,0x00,0x00,0x00,0x00,0x00,
	0x00,0x00,0x00,0x00,0x00,0x00,0x00,0x00,0x00,0x00,0x00,0x00,0x00,0x00,0x00,0x00,
	0x00,0x00,0x00,0x00,0x00,0x00,0x00,0x00,0x00,0x00,0x00,0x00,0x00,0x00,0x00,0x00,
	0x00,0x00,0x00,0x00,0x00,0x00,0x00,0x00,0x00,0x00,0x00,0x00,0x00,0x00,0x00,0x00,
	0x00,0x00,0x00,0x00,0x00,0x00,0x00,0x00,0x00,0x00,0x00,0x00,0x00,0x00,0x00,0x00,
	0x00,0x00,0x00,0x00,0x00,0x00,0x00,0x00,0x00,0x00,0x00,0x00,0x00,0x00,0x00,0x00,
	0x00,0x00,0x00,0x00,0x00,0x00,0x00,0x00,0x00,0x00,0x00,0x00,0x00,0x00,0x00,0x00,
	0x00,0x00,0x00,0x00,0x00,0x00,0x00,0x00,0x00,0x00,0x00,0x00,0x00,0x00,0x00,0x00,
	0x00,0x00,0x00,0x00,0x00,0x00,0x00,0x00,0x00,0x00,0x00,0x00,0x00,0x00,0x00,0x00,
	0x00,0x00,0x00,0x00,0x00,0x00,0x00,0x00,0x00,0x00,0x00,0x00,0x00,0x00,0x00,0x00,
	0x00,0x00,0x00,0x00,0x00,0x00,0x00,0x00,0x00,0x00,0x00,0x00,0x00,0x00,0x00,0x00,
	0x00,0x00,0x00,0x00,0x00,0x00,0x00,0x00,0x00,0x00,0x00,0x00,0x00,0x00,0x00,0x00,
	0x00,0x0e,0x1c,0x50,0x00,0x00,0x00,0x00,0x00,0x00,0x00,0x00,0x00,0x00,0x00,0x00,
	0x00,0x00,0x00,0x00,0x00,0x00,0x00,0x00,0x00,0x00,0x00,0x00,0x01,0x00,0x00,0x00,
	0x00,0x00,0x00,0x00,0x01,0x00,0x00,0x00,0x01,0x00,0x00,0x00,0x01,0x00,0x00,0x00,
	0x00,0x00,0x00,0x00,0x00,0x00,0x00,0x00,0x01,0x00,0x00,0x00,0x00,0x00,0x00,0x00,
	0x00,0x00,0x00,0x00,0x01,0x00,0x00,0x00,0x01,0x00,0x00,0x00,0x00,0x00,0x00,0x00,
	0x01,0x00,0x00,0x00,0x00,0x00,0x00,0x00,0x00,0x00,0x00,0x00,0x00,0x00,0x00,0x00,
	0x01,0x00,0x00,0x00,0x01,0x00,0x00,0x00,0x00,0x00,0x00,0x00,0x01,0x00,0x00,0x00,
	0x01,0x00,0x00,0x00,0x00,0x00,0x00,0x00,0x01,0x00,0x00,0x00,0x01,0x00,0x00,0x00,
	0x01,0x00,0x00,0x00,0x01,0x00,0x00,0x00,0x00,0x00,0x00,0x00,0x01,0x00,0x00,0x00,
	0x02,0x00,0x00,0x00,0x03,0x00,0x00,0x00,0x01,0x00,0x00,0x00,0x01,0x00,0x00,0x00,
	0x01,0x00,0x00,0x00,0x01,0x00,0x00,0x00,0x02,0x00,0x00,0x00,0x01,0x00,0x00,0x00,
	0x01,0x00,0x00,0x00,0x02,0x00,0x00,0x00,0x03,0x00,0x00,0x00,0x02,0x00,0x00,0x00,
	0x01,0x00,0x00,0x00,0x01,0x00,0x00,0x00,0x04,0x00,0x00,0x00,0x02,0x00,0x00,0x00,
	0x01,0x00,0x00,0x00,0x02,0x00,0x00,0x00,0x05,0x00,0x00,0x00,0x02,0x00,0x00,0x00,
	0x01,0x00,0x00,0x00,0x01,0x00,0x00,0x00,0x06,0x00,0x00,0x00,0x02,0x00,0x00,0x00,
	0x01,0x00,0x00,0x00,0x02,0x00,0x00,0x00,0x07,0x00,0x00,0x00,0x03,0x00,0x00,0x00,
	0x01,0x00,0x00,0x00,0x01,0x00,0x00,0x00,0x08,0x00,0x00,0x00,0x03,0x00,0x00,0x00,
	0x01,0x00,0x00,0x00,0x02,0x00,0x00,0x00,0x09,0x00,0x00,0x00,0x01,0x00,0x00,0x00,
	0x01,0x00,0x00,0x00,0x01,0x00,0x00,0x00,0x0c,0x00,0x00,0x00,0x01,0x00,0x00,0x00,
	0x02,0x00,0x00,0x00,0x02,0x00,0x00,0x00,0x33,0x00,0x00,0x00,0x01,0x00,0x00,0x00,
	0x01,0x00,0x00,0x00,0x02,0x00,0x00,0x00,0x34,0x00,0x00,0x00,0x01,0x00,0x00,0x00,
	0x01,0x00,0x00,0x00,0x02,0x00,0x00,0x00,0x35,0x00,0x00,0x00,0x01,0x00,0x00,0x00,
	0x01,0x00,0x00,0x00,0x02,0x00,0x00,0x00,0x44,0x65,0x6c,0x61,0x79,0x5f,0x6d,0x73,
	0x00,0x00,0x00,0x00,0x00,0x00,0x00,0x00,0x4c,0x45,0x44,0x5f,0x50,0x57,0x4d,0x5f,
	0x4f,0x6e,0x00,0x00,0x00,0x00,0x00,0x00,0x4c,0x45,0x44,0x5f,0x50,0x57,0x4d,0x5f,
	0x4f,0x66,0x66,0x00,0x00,0x00,0x00,0x00,0x42,0x44,0x5f,0x31,0x36,0x58,0x58,0x5f,
	0x69,0x6e,0x69,0x74,0x5f,0x73,0x74,0x61,0x72,0x74,0x00,0x00,0x00,0x00,0x00,0x00,
	0x42,0x44,0x5f,0x31,0x36,0x58,0x58,0x5f,0x69,0x6e,0x69,0x74,0x5f,0x73,0x74,0x61,
	0x72,0x74,0x00,0x00,0x00,0x00,0x00,0x00,0x62,0x64,0x31,0x38,0x36,0x30,0x5f,0x72,
	0x65,0x73,0x75,0x6d,0x65,0x5f,0x65,0x78,0x74,0x00,0x00,0x00,0x00,0x00,0x00,0x00,
	0x62,0x64,0x31,0x38,0x36,0x30,0x5f,0x72,0x65,0x73,0x75,0x6d,0x65,0x00,0x00,0x00,
	0x42,0x44,0x5f,0x31,0x36,0x58,0x58,0x5f,0x63,0x6c,0x6f,0x73,0x65,0x00,0x00,0x00,
	0x62,0x64,0x31,0x38,0x36,0x30,0x5f,0x73,0x75,0x73,0x70,0x65,0x6e,0x64,0x5f,0x65,
	0x78,0x74,0x00,0x00,0x00,0x00,0x00,0x00,0x62,0x64,0x31,0x38,0x36,0x30,0x5f,0x73,
	0x75,0x73,0x70,0x65,0x6e,0x64,0x00,0x00,0x68,0x72,0x65,0x6e,0x61,0x62,0x6c,0x65,
	0x5f,0x73,0x74,0x6f,0x72,0x65,0x00,0x00,0x68,0x72,0x65,0x6e,0x61,0x62,0x6c,0x65,
	0x5f,0x73,0x74,0x6f,0x72,0x65,0x00,0x00,0x42,0x44,0x5f,0x31,0x36,0x58,0x58,0x5f,
	0x64,0x61,0x74,0x61,0x72,0x65,0x61,0x64,0x00,0x00,0x00,0x00,0x00,0x00,0x00,0x00,
	0x42,0x44,0x5f,0x31,0x36,0x58,0x58,0x5f,0x64,0x61,0x74,0x61,0x72,0x65,0x61,0x64,
	0x00,0x00,0x00,0x00,0x00,0x00,0x00,0x00,0x62,0x64,0x31,0x38,0x36,0x30,0x5f,0x69,
	0x32,0x63,0x5f,0x52,0x65,0x61,0x64,0x00,0x62,0x64,0x31,0x38,0x36,0x30,0x5f,0x69,
	0x32,0x63,0x5f,0x57,0x72,0x69,0x74,0x65,0x00,0x00,0x00,0x00,0x00,0x00,0x00,0x00,
	0x62,0x64,0x31,0x38,0x36,0x30,0x5f,0x74,0x65,0x73,0x74,0x5f,0x72,0x65,0x61,0x64,
	0x5f,0x61,0x6e,0x64,0x5f,0x77,0x72,0x69,0x74,0x65,0x00,0x00,0x00,0x00,0x00,0x00,
	0x62,0x64,0x31,0x38,0x36,0x30,0x5f,0x69,0x6e,0x70,0x75,0x74,0x5f,0x64,0x65,0x76,
	0x5f,0x69,0x6e,0x69,0x74,0x00,0x00,0x00,0x62,0x64,0x31,0x38,0x36,0x30,0x5f,0x69,
	0x6e,0x70,0x75,0x74,0x5f,0x64,0x65,0x76,0x5f,0x69,0x6e,0x69,0x74,0x00,0x00,0x00,
	0x62,0x64,0x31,0x38,0x36,0x30,0x5f,0x74,0x68,0x72,0x65,0x61,0x64,0x5f,0x69,0x6e,
	0x69,0x74,0x00,0x00,0x00,0x00,0x00,0x00,0x62,0x64,0x31,0x38,0x36,0x30,0x5f,0x70,
	0x6f,0x77,0x65,0x72,0x5f,0x69,0x6e,0x69,0x74,0x00,0x00,0x00,0x00,0x00,0x00,0x00,
	0x62,0x64,0x31,0x38,0x36,0x30,0x5f,0x69,0x32,0x63,0x5f,0x70,0x72,0x6f,0x62,0x65,
	0x00,0x00,0x00,0x00,0x00,0x00,0x00,0x00,0x00,0x00,0x00,0x00,0x00,0x00,0x00,0x00,
	0x00,0x00,0x00,0x00,0x00,0x00,0x00,0x00,0x00,0x00,0x00,0x00,0x00,0x00,0x00,0x00,
	0x00,0x00,0x00,0x00,0x00,0x00,0x00,0x00,0x00,0x00,0x00,0x00,0x00,0x00,0x00,0x00,
	0x00,0x00,0x00,0x00,0x00,0x00,0x00,0x00,0x00,0x00,0x00,0x00,0x00,0x00,0x00,0x00,
	0x00,0x00,0x00,0x00,0x00,0x00,0x00,0x00,0x62,0x64,0x2c,0x62,0x64,0x31,0x38,0x36,
	0x30,0x00,0x00,0x00,0x00,0x00,0x00,0x00,0x00,0x00,0x00,0x00,0x00,0x00,0x00,0x00,
	0x00,0x00,0x00,0x00,0x00,0x00,0x00,0x00,0x00,0x00,0x00,0x00,0x00,0x00,0x00,0x00,
	0x00,0x00,0x00,0x00,0x00,0x00,0x00,0x00,0x00,0x00,0x00,0x00,0x00,0x00,0x00,0x00,
	0x00,0x00,0x00,0x00,0x00,0x00,0x00,0x00,0x00,0x00,0x00,0x00,0x00,0x00,0x00,0x00,
	0x00,0x00,0x00,0x00,0x00,0x00,0x00,0x00,0x00,0x00,0x00,0x00,0x00,0x00,0x00,0x00,
	0x00,0x00,0x00,0x00,0x00,0x00,0x00,0x00,0x00,0x00,0x00,0x00,0x00,0x00,0x00,0x00,
	0x00,0x00,0x00,0x00,0x00,0x00,0x00,0x00,0x00,0x00,0x00,0x00,0x00,0x00,0x00,0x00,
	0x00,0x00,0x00,0x00,0x00,0x00,0x00,0x00,0x00,0x00,0x00,0x00,0x00,0x00,0x00,0x00,
	0x00,0x00,0x00,0x00,0x00,0x00,0x00,0x00,0x00,0x00,0x00,0x00,0x00,0x00,0x00,0x00,
	0x00,0x00,0x00,0x00,0x00,0x00,0x00,0x00,0x00,0x00,0x00,0x00,0x00,0x00,0x00,0x00,
	0x00,0x00,0x00,0x00,0x00,0x00,0x00,0x00,0x00,0x00,0x00,0x00,0x00,0x00,0x00,0x00,
	0x00,0x00,0x00,0x00,0x00,0x00,0x00,0x00,0x00,0x00,0x00,0x00,0x00,0x00,0x00,0x00,
	0x00,0x00,0x00,0x00,0x00,0x00,0x00,0x00,0x00,0x00,0x00,0x00,0x00,0x00,0x00,0x00,
	0x00,0x00,0x00,0x00,0x00,0x00,0x00,0x00,0x00,0x00,0x00,0x00,0x00,0x00,0x00,0x00,
	0x00,0x00,0x00,0x00,0x00,0x00,0x00,0x00,0x00,0x00,0x00,0x00,0x00,0x00,0x00,0x00,
	0x00,0x00,0x00,0x00,0x00,0x00,0x00,0x00,0x00,0x00,0x00,0x00,0x00,0x00,0x00,0x00,
	0x00,0x00,0x00,0x00,0x00,0x00,0x00,0x00,0x00,0x00,0x00,0x00,0x00,0x00,0x00,0x00,
	0x00,0x00,0x00,0x00,0x00,0x00,0x00,0x00,0x00,0x00,0x00,0x00,0x00,0x00,0x00,0x00,
	0x00,0x00,0x00,0x00,0x00,0x00,0x00,0x00,0x00,0x00,0x00,0x00,0x00,0x00,0x00,0x00,
	0x00,0x00,0x00,0x00,0x00,0x00,0x00,0x00,0x00,0x00,0x00,0x00,0x00,0x00,0x00,0x00,
	0x00,0x00,0x00,0x00,0x00,0x00,0x00,0x00,0x62,0x64,0x31,0x38,0x36,0x30,0x00,0x00,
	0x00,0x00,0x00,0x00,0x00,0x00,0x00,0x00,0x00,0x00,0x00,0x00,0x00,0x00,0x00,0x00,
	0x00,0x00,0x00,0x00,0x00,0x00,0x00,0x00,0x00,0x00,0x00,0x00,0x00,0x00,0x00,0x00,
	0x00,0x00,0x00,0x00,0x00,0x00,0x00,0x00,0x00,0x00,0x00,0x00,0x00,0x00,0x00,0x00,
	0x00,0x00,0x00,0x00,0x00,0x00,0x00,0x00,0x00,0x00,0x00,0x00,0x00,0x00,0x00,0x00,
	0x00,0x00,0x00,0x00,0x00,0x00,0x00,0x00,0x00,0x00,0x00,0x00,0x00,0x00,0x00,0x00,
	0x00,0x00,0x00,0x00,0x00,0x00,0x00,0x00,0x00,0x00,0x00,0x00,0x00,0x00,0x00,0x00,
	0x00,0x00,0x00,0x00,0x00,0x00,0x00,0x00,0x00,0x00,0x00,0x00,0x00,0x00,0x00,0x00,
	0x00,0x00,0x00,0x00,0x00,0x00,0x00,0x00,0x00,0x00,0x00,0x00,0x00,0x00,0x00,0x00,
	0x00,0x00,0x00,0x00,0x00,0x00,0x00,0x00,0x00,0x00,0x00,0x00,0x00,0x00,0x00,0x00,
	0x00,0x00,0x00,0x00,0x00,0x00,0x00,0x00,0x00,0x00,0x00,0x00,0x00,0x00,0x00,0x00,
	0x00,0x00,0x00,0x00,0x00,0x00,0x00,0x00,0x00,0x00,0x00,0x00,0x00,0x00,0x00,0x00,
	0x00,0x00,0x00,0x00,0x00,0x00,0x00,0x00,0x00,0x00,0x00,0x00,0x00,0x00,0x00,0x00,
	0x00,0x00,0x00,0x00,0x00,0x00,0x00,0x00,0x00,0x00,0x00,0x00,0x00,0x00,0x00,0x00,
	0x00,0x00,0x00,0x00,0x00,0x00,0x00,0x00,0x00,0x00,0x00,0x00,0x00,0x00,0x00,0x00,
	0x00,0x00,0x00,0x00,0x00,0x00,0x00,0x00,0x00,0x00,0x00,0x00,0x00,0x00,0x00,0x00,
	0xc0,0x00,0xc8,0xfb,0x42,0x09,0x86,0xf6,0x00,0x04,0x00,0x00,0x00,0x00,0x00,0x00,
	0x05,0x00,0x14,0x00,0x1e,0x00,0x14,0x00,0x05,0x00,0x00,0x00,0x00,0x00,0x00,0x00,
	0x1f,0x00,0x45,0xff,0xb8,0x02,0xdf,0xfc,0x00,0x04,0x00,0x00,0x00,0x00,0x00,0x00,
	0x30,0x00,0xbf,0x00,0x1e,0x01,0xbf,0x00,0x30,0x00,0x00,0x00,0x00,0x00,0x00,0x00,
	0x1f,0x00,0x45,0xff,0xb8,0x02,0xdf,0xfc,0x00,0x04,0x00,0x00,0x00,0x00,0x00,0x00,
	0x30,0x00,0xbf,0x00,0x1e,0x01,0xbf,0x00,0x30,0x00,0x00,0x00,0x00,0x00,0x00,0x00,
	0xc4,0x00,0xda,0xfd,0xc4,0x04,0xff,0xf8,0x00,0x04,0x00,0x00,0x00,0x00,0x00,0x00,
	0xdc,0x00,0x00,0x00,0x48,0xfe,0x00,0x00,0xdc,0x00,0x00,0x00,0x00,0x00,0x00,0x00,
	0x00,0x00,0x01,0x00,0x03,0x00,0x04,0x00,0x06,0x00,0x07,0x00,0x09,0x00,0x0a,0x00,
	0x0c,0x00,0x0e,0x00,0x0f,0x00,0x11,0x00,0x12,0x00,0x14,0x00,0x15,0x00,0x17,0x00,
	0x18,0x00,0x19,0x00,0x1b,0x00,0x1c,0x00,0x1e,0x00,0x1f,0x00,0x20,0x00,0x22,0x00,
	0x23,0x00,0x24,0x00,0x26,0x00,0x27,0x00,0x28,0x00,0x29,0x00,0x2a,0x00,0x2c,0x00,
},
{
	0x2d,0x00,0x2e,0x00,0x2f,0x00,0x30,0x00,0x31,0x00,0x32,0x00,0x33,0x00,0x34,0x00,
	0x35,0x00,0x36,0x00,0x36,0x00,0x37,0x00,0x38,0x00,0x39,0x00,0x39,0x00,0x3a,0x00,
	0x3b,0x00,0x3b,0x00,0x3c,0x00,0x3c,0x00,0x3d,0x00,0x3d,0x00,0x3e,0x00,0x3e,0x00,
	0x3e,0x00,0x3f,0x00,0x3f,0x00,0x3f,0x00,0x3f,0x00,0x3f,0x00,0x3f,0x00,0x3f,0x00,
	0x40,0x00,0x3f,0x00,0x3f,0x00,0x3f,0x00,0x3f,0x00,0x3f,0x00,0x3f,0x00,0x3f,0x00,
	0x3e,0x00,0x3e,0x00,0x3e,0x00,0x3d,0x00,0x3d,0x00,0x3c,0x00,0x3c,0x00,0x3b,0x00,
	0x3b,0x00,0x3a,0x00,0x39,0x00,0x39,0x00,0x38,0x00,0x37,0x00,0x36,0x00,0x36,0x00,
	0x35,0x00,0x34,0x00,0x33,0x00,0x32,0x00,0x31,0x00,0x30,0x00,0x2f,0x00,0x2e,0x00,
	0x2d,0x00,0x2c,0x00,0x2a,0x00,0x29,0x00,0x28,0x00,0x27,0x00,0x26,0x00,0x24,0x00,
	0x23,0x00,0x22,0x00,0x20,0x00,0x1f,0x00,0x1e,0x00,0x1c,0x00,0x1b,0x00,0x19,0x00,
	0x18,0x00,0x17,0x00,0x15,0x00,0x14,0x00,0x12,0x00,0x11,0x00,0x0f,0x00,0x0e,0x00,
	0x0c,0x00,0x0a,0x00,0x09,0x00,0x07,0x00,0x06,0x00,0x04,0x00,0x03,0x00,0x01,0x00,
	0x00,0x00,0xff,0xff,0xfd,0xff,0xfc,0xff,0xfa,0xff,0xf9,0xff,0xf7,0xff,0xf6,0xff,
	0xf4,0xff,0xf2,0xff,0xf1,0xff,0xef,0xff,0xee,0xff,0xec,0xff,0xeb,0xff,0xe9,0xff,
	0xe8,0xff,0xe7,0xff,0xe5,0xff,0xe4,0xff,0xe2,0xff,0xe1,0xff,0xe0,0xff,0xde,0xff,
	0xdd,0xff,0xdc,0xff,0xda,0xff,0xd9,0xff,0xd8,0xff,0xd7,0xff,0xd6,0xff,0xd4,0xff,
	0xd3,0xff,0xd2,0xff,0xd1,0xff,0xd0,0xff,0xcf,0xff,0xce,0xff,0xcd,0xff,0xcc,0xff,
	0xcb,0xff,0xca,0xff,0xca,0xff,0xc9,0xff,0xc8,0xff,0xc7,0xff,0xc7,0xff,0xc6,0xff,
	0xc5,0xff,0xc5,0xff,0xc4,0xff,0xc4,0xff,0xc3,0xff,0xc3,0xff,0xc2,0xff,0xc2,0xff,
	0xc2,0xff,0xc1,0xff,0xc1,0xff,0xc1,0xff,0xc1,0xff,0xc1,0xff,0xc1,0xff,0xc1,0xff,
	0xc0,0xff,0xc1,0xff,0xc1,0xff,0xc1,0xff,0xc1,0xff,0xc1,0xff,0xc1,0xff,0xc1,0xff,
	0xc2,0xff,0xc2,0xff,0xc2,0xff,0xc3,0xff,0xc3,0xff,0xc4,0xff,0xc4,0xff,0xc5,0xff,
	0xc5,0xff,0xc6,0xff,0xc7,0xff,0xc7,0xff,0xc8,0xff,0xc9,0xff,0xca,0xff,0xca,0xff,
	0xcb,0xff,0xcc,0xff,0xcd,0xff,0xce,0xff,0xcf,0xff,0xd0,0xff,0xd1,0xff,0xd2,0xff,
	0xd3,0xff,0xd4,0xff,0xd6,0xff,0xd7,0xff,0xd8,0xff,0xd9,0xff,0xda,0xff,0xdc,0xff,
	0xdd,0xff,0xde,0xff,0xe0,0xff,0xe1,0xff,0xe2,0xff,0xe4,0xff,0xe5,0xff,0xe7,0xff,
	0xe8,0xff,0xe9,0xff,0xeb,0xff,0xec,0xff,0xee,0xff,0xef,0xff,0xf1,0xff,0xf2,0xff,
	0xf4,0xff,0xf6,0xff,0xf7,0xff,0xf9,0xff,0xfa,0xff,0xfc,0xff,0xfd,0xff,0xff,0xff,
	0x00,0x00,0x03,0x00,0x06,0x00,0x09,0x00,0x0c,0x00,0x0f,0x00,0x12,0x00,0x15,0x00,
	0x18,0x00,0x1b,0x00,0x1e,0x00,0x20,0x00,0x23,0x00,0x26,0x00,0x28,0x00,0x2a,0x00,
	0x2d,0x00,0x2f,0x00,0x31,0x00,0x33,0x00,0x35,0x00,0x36,0x00,0x38,0x00,0x39,0x00,
	0x3b,0x00,0x3c,0x00,0x3d,0x00,0x3e,0x00,0x3e,0x00,0x3f,0x00,0x3f,0x00,0x3f,0x00,
	0x40,0x00,0x3f,0x00,0x3f,0x00,0x3f,0x00,0x3e,0x00,0x3e,0x00,0x3d,0x00,0x3c,0x00,
	0x3b,0x00,0x39,0x00,0x38,0x00,0x36,0x00,0x35,0x00,0x33,0x00,0x31,0x00,0x2f,0x00,
	0x2d,0x00,0x2a,0x00,0x28,0x00,0x26,0x00,0x23,0x00,0x20,0x00,0x1e,0x00,0x1b,0x00,
	0x18,0x00,0x15,0x00,0x12,0x00,0x0f,0x00,0x0c,0x00,0x09,0x00,0x06,0x00,0x03,0x00,
	0x00,0x00,0xfd,0xff,0xfa,0xff,0xf7,0xff,0xf4,0xff,0xf1,0xff,0xee,0xff,0xeb,0xff,
	0xe8,0xff,0xe5,0xff,0xe2,0xff,0xe0,0xff,0xdd,0xff,0xda,0xff,0xd8,0xff,0xd6,0xff,
	0xd3,0xff,0xd1,0xff,0xcf,0xff,0xcd,0xff,0xcb,0xff,0xca,0xff,0xc8,0xff,0xc7,0xff,
	0xc5,0xff,0xc4,0xff,0xc3,0xff,0xc2,0xff,0xc2,0xff,0xc1,0xff,0xc1,0xff,0xc1,0xff,
	0xc0,0xff,0xc1,0xff,0xc1,0xff,0xc1,0xff,0xc2,0xff,0xc2,0xff,0xc3,0xff,0xc4,0xff,
	0xc5,0xff,0xc7,0xff,0xc8,0xff,0xca,0xff,0xcb,0xff,0xcd,0xff,0xcf,0xff,0xd1,0xff,
	0xd3,0xff,0xd6,0xff,0xd8,0xff,0xda,0xff,0xdd,0xff,0xe0,0xff,0xe2,0xff,0xe5,0xff,
	0xe8,0xff,0xeb,0xff,0xee,0xff,0xf1,0xff,0xf4,0xff,0xf7,0xff,0xfa,0xff,0xfd,0xff,
	0x00,0x23,0x47,0x5e,0x00,0x00,0x00,0x00,0x61,0x73,0x31,0x35,0x30,0x39,0x5f,0x69,
	0x32,0x63,0x5f,0x65,0x78,0x69,0x74,0x00,0x61,0x73,0x31,0x35,0x30,0x39,0x5f,0x69,
	0x32,0x63,0x5f,0x72,0x65,0x6d,0x6f,0x76,0x65,0x00,0x00,0x00,0x00,0x00,0x00,0x00,
	0x61,0x73,0x31,0x35,0x30,0x39,0x5f,0x73,0x68,0x6f,0x77,0x00,0x00,0x00,0x00,0x00,
	0x61,0x73,0x31,0x35,0x30,0x39,0x5f,0x73,0x74,0x6f,0x72,0x65,0x00,0x00,0x00,0x00,
	0x61,0x73,0x31,0x35,0x30,0x39,0x5f,0x69,0x32,0x63,0x5f,0x69,0x6e,0x69,0x74,0x00,
	0x61,0x67,0x6d,0x5f,0x69,0x32,0x63,0x5f,0x72,0x65,0x61,0x64,0x00,0x00,0x00,0x00,
	0x41,0x53,0x31,0x35,0x30,0x39,0x5f,0x43,0x68,0x65,0x63,0x6b,0x44,0x52,0x44,0x59,
	0x00,0x00,0x00,0x00,0x00,0x00,0x00,0x00,0x61,0x67,0x6d,0x5f,0x69,0x32,0x63,0x5f,
	0x77,0x72,0x69,0x74,0x65,0x00,0x00,0x00,0x41,0x53,0x31,0x35,0x30,0x39,0x5f,0x53,
	0x65,0x74,0x4f,0x44,0x52,0x00,0x00,0x00,0x41,0x53,0x31,0x35,0x30,0x39,0x5f,0x53,
	0x65,0x74,0x49,0x6e,0x74,0x65,0x72,0x72,0x75,0x70,0x74,0x43,0x6c,0x65,0x61,0x72,
	0x00,0x00,0x00,0x00,0x00,0x00,0x00,0x00,0x41,0x53,0x31,0x35,0x30,0x39,0x5f,0x53,
	0x65,0x74,0x49,0x6e,0x74,0x65,0x72,0x72,0x75,0x70,0x74,0x41,0x78,0x69,0x73,0x00,
	0x28,0x2e,0x34,0x00,0x00,0x00,0x00,0x00,0x61,0x73,0x31,0x35,0x30,0x39,0x5f,0x6d,
	0x69,0x73,0x63,0x5f,0x69,0x6f,0x63,0x74,0x6c,0x00,0x00,0x00,0x00,0x00,0x00,0x00,
	0x28,0x2e,0x34,0x00,0x00,0x00,0x00,0x00,0x41,0x53,0x31,0x35,0x30,0x39,0x5f,0x49,
	0x6e,0x69,0x74,0x00,0x00,0x00,0x00,0x00,0x72,0x65,0x70,0x6f,0x72,0x74,0x5f,0x6b,
	0x65,0x79,0x00,0x00,0x00,0x00,0x00,0x00,0x61,0x73,0x31,0x35,0x30,0x39,0x5f,0x70,
	0x6f,0x6c,0x6c,0x69,0x6e,0x67,0x5f,0x77,0x6f,0x72,0x6b,0x00,0x00,0x00,0x00,0x00,
	0x61,0x73,0x31,0x35,0x30,0x39,0x5f,0x6c,0x63,0x64,0x5f,0x6e,0x6f,0x74,0x69,0x66,
	0x69,0x65,0x72,0x5f,0x63,0x62,0x00,0x00,0x61,0x73,0x31,0x35,0x30,0x39,0x5f,0x69,
	0x72,0x71,0x5f,0x77,0x6f,0x72,0x6b,0x00,0x61,0x73,0x31,0x35,0x30,0x39,0x5f,0x72,
	0x65,0x73,0x75,0x6d,0x65,0x5f,0x65,0x78,0x74,0x00,0x00,0x00,0x00,0x00,0x00,0x00,
	0x61,0x73,0x31,0x35,0x30,0x39,0x5f,0x73,0x75,0x73,0x70,0x65,0x6e,0x64,0x5f,0x65,
	0x78,0x74,0x00,0x00,0x00,0x00,0x00,0x00,0x61,0x73,0x31,0x35,0x30,0x39,0x5f,0x69,
	0x32,0x63,0x5f,0x70,0x72,0x6f,0x62,0x65,0x00,0x00,0x00,0x00,0x00,0x00,0x00,0x00,
	0x61,0x73,0x31,0x35,0x30,0x39,0x5f,0x70,0x61,0x72,0x73,0x65,0x5f,0x64,0x74,0x73,
	0x00,0x00,0x00,0x00,0x00,0x00,0x00,0x00,0x61,0x73,0x31,0x35,0x30,0x39,0x5f,0x67,
	0x70,0x69,0x6f,0x5f,0x69,0x72,0x71,0x5f,0x69,0x6e,0x69,0x74,0x00,0x00,0x00,0x00,
	0x61,0x73,0x31,0x35,0x30,0x39,0x5f,0x69,0x6e,0x70,0x75,0x74,0x5f,0x64,0x65,0x76,
	0x5f,0x69,0x6e,0x69,0x74,0x00,0x00,0x00,0x61,0x73,0x31,0x35,0x30,0x39,0x5f,0x63,
	0x72,0x65,0x61,0x74,0x65,0x5f,0x61,0x74,0x74,0x72,0x00,0x00,0x00,0x00,0x00,0x00,
	0x00,0x00,0x00,0x00,0x00,0x00,0x00,0x00,0x00,0x00,0x00,0x00,0x00,0x00,0x00,0x00,
	0x61,0x73,0x31,0x35,0x30,0x39,0x5f,0x65,0x6e,0x61,0x62,0x6c,0x65,0x5f,0x73,0x74,
	0x6f,0x72,0x65,0x00,0x00,0x00,0x00,0x00,0x00,0x00,0x00,0x00,0x00,0x00,0x00,0x00,
	0x00,0x00,0x00,0x00,0x00,0x00,0x00,0x00,0x00,0x00,0x00,0x00,0x00,0x00,0x00,0x00,
	0x00,0x00,0x00,0x00,0x00,0x00,0x00,0x00,0x00,0x00,0x00,0x00,0x00,0x00,0x00,0x00,
	0x00,0x00,0x00,0x00,0x00,0x00,0x00,0x00,0x00,0x00,0x00,0x00,0x00,0x00,0x00,0x00,
	0x00,0x00,0x00,0x00,0x00,0x00,0x00,0x00,0x61,0x73,0x2c,0x61,0x73,0x31,0x35,0x30,
	0x39,0x5f,0x69,0x32,0x63,0x00,0x00,0x00,0x00,0x00,0x00,0x00,0x00,0x00,0x00,0x00,
	0x00,0x00,0x00,0x00,0x00,0x00,0x00,0x00,0x00,0x00,0x00,0x00,0x00,0x00,0x00,0x00,
	0x00,0x00,0x00,0x00,0x00,0x00,0x00,0x00,0x00,0x00,0x00,0x00,0x00,0x00,0x00,0x00,
	0x00,0x00,0x00,0x00,0x00,0x00,0x00,0x00,0x00,0x00,0x00,0x00,0x00,0x00,0x00,0x00,
	0x00,0x00,0x00,0x00,0x00,0x00,0x00,0x00,0x00,0x00,0x00,0x00,0x00,0x00,0x00,0x00,
	0x00,0x00,0x00,0x00,0x00,0x00,0x00,0x00,0x00,0x00,0x00,0x00,0x00,0x00,0x00,0x00,
	0x00,0x00,0x00,0x00,0x00,0x00,0x00,0x00,0x00,0x00,0x00,0x00,0x00,0x00,0x00,0x00,
	0x00,0x00,0x00,0x00,0x00,0x00,0x00,0x00,0x00,0x00,0x00,0x00,0x00,0x00,0x00,0x00,
	0x00,0x00,0x00,0x00,0x00,0x00,0x00,0x00,0x00,0x00,0x00,0x00,0x00,0x00,0x00,0x00,
	0x00,0x00,0x00,0x00,0x00,0x00,0x00,0x00,0x00,0x00,0x00,0x00,0x00,0x00,0x00,0x00,
	0x00,0x00,0x00,0x00,0x00,0x00,0x00,0x00,0x00,0x00,0x00,0x00,0x00,0x00,0x00,0x00,
	0x00,0x00,0x00,0x00,0x00,0x00,0x00,0x00,0x00,0x00,0x00,0x00,0x00,0x00,0x00,0x00,
	0x00,0x00,0x00,0x00,0x00,0x00,0x00,0x00,0x00,0x00,0x00,0x00,0x00,0x00,0x00,0x00,
	0x00,0x00,0x00,0x00,0x00,0x00,0x00,0x00,0x00,0x00,0x00,0x00,0x00,0x00,0x00,0x00,
	0x00,0x00,0x00,0x00,0x00,0x00,0x00,0x00,0x00,0x00,0x00,0x00,0x00,0x00,0x00,0x00,
	0x00,0x00,0x00,0x00,0x00,0x00,0x00,0x00,0x00,0x00,0x00,0x00,0x00,0x00,0x00,0x00,
	0x00,0x00,0x00,0x00,0x00,0x00,0x00,0x00,0x00,0x00,0x00,0x00,0x00,0x00,0x00,0x00,
	0x00,0x00,0x00,0x00,0x00,0x00,0x00,0x00,0x00,0x00,0x00,0x00,0x00,0x00,0x00,0x00,
	0x00,0x00,0x00,0x00,0x00,0x00,0x00,0x00,0x00,0x00,0x00,0x00,0x00,0x00,0x00,0x00,
	0x00,0x00,0x00,0x00,0x00,0x00,0x00,0x00,0x00,0x00,0x00,0x00,0x00,0x00,0x00,0x00,
	0x00,0x00,0x00,0x00,0x00,0x00,0x00,0x00,0x61,0x73,0x31,0x35,0x30,0x39,0x00,0x00,
	0x00,0x00,0x00,0x00,0x00,0x00,0x00,0x00,0x00,0x00,0x00,0x00,0x00,0x00,0x00,0x00,
	0x00,0x00,0x00,0x00,0x00,0x00,0x00,0x00,0x00,0x00,0x00,0x00,0x00,0x00,0x00,0x00,
	0x00,0x00,0x00,0x00,0x00,0x00,0x00,0x00,0x00,0x00,0x00,0x00,0x00,0x00,0x00,0x00,
	0x00,0x00,0x00,0x00,0x00,0x00,0x00,0x00,0x00,0x00,0x00,0x00,0x00,0x00,0x00,0x00,
	0x00,0x00,0x00,0x00,0x00,0x00,0x00,0x00,0x00,0x00,0x00,0x00,0x00,0x00,0x00,0x00,
	0x00,0x00,0x00,0x00,0x00,0x00,0x00,0x00,0x00,0x00,0x00,0x00,0x00,0x00,0x00,0x00,
	0x00,0x00,0x00,0x00,0x00,0x00,0x00,0x00,0x00,0x00,0x00,0x00,0x00,0x00,0x00,0x00,
	0x00,0x00,0x00,0x00,0x00,0x00,0x00,0x00,0x00,0x00,0x00,0x00,0x00,0x00,0x00,0x00,
	0x00,0x00,0x00,0x00,0x00,0x00,0x00,0x00,0x00,0x00,0x00,0x00,0x00,0x00,0x00,0x00,
	0x00,0x00,0x00,0x00,0x00,0x00,0x00,0x00,0x00,0x00,0x00,0x00,0x00,0x00,0x00,0x00,
	0x00,0x00,0x00,0x00,0x00,0x00,0x00,0x00,0x00,0x00,0x00,0x00,0x00,0x00,0x00,0x00,
	0x00,0x00,0x00,0x00,0x00,0x00,0x00,0x00,0x00,0x00,0x00,0x00,0x00,0x00,0x00,0x00,
	0x00,0x00,0x00,0x00,0x00,0x00,0x00,0x00,0x00,0x00,0x00,0x00,0x00,0x00,0x00,0x00,
	0x00,0x00,0x00,0x00,0x00,0x00,0x00,0x00,0x00,0x00,0x00,0x00,0x00,0x00,0x00,0x00,
	0x00,0x00,0x00,0x00,0x00,0x00,0x00,0x00,0x00,0x00,0x00,0x00,0x00,0x00,0x00,0x00,
	0x00,0x00,0x00,0x00,0x00,0x00,0x00,0x00,0x00,0x00,0x00,0x00,0x00,0x00,0x00,0x00,
	0x00,0x00,0x00,0x00,0x00,0x00,0x00,0x00,0x00,0x00,0x00,0x00,0x00,0x00,0x00,0x00,
	0x00,0x00,0x00,0x00,0x00,0x00,0x00,0x00,0x00,0x00,0x00,0x00,0x00,0x00,0x00,0x00,
	0x00,0x00,0x00,0x00,0x00,0x00,0x00,0x00,0x51,0x4d,0x43,0x36,0x33,0x30,0x38,0x5f,
	0x72,0x65,0x6c,0x65,0x61,0x73,0x65,0x00,0x51,0x4d,0x43,0x36,0x33,0x30,0x38,0x5f,
	0x6d,0x61,0x67,0x76,0x61,0x6c,0x75,0x65,0x5f,0x73,0x74,0x6f,0x72,0x65,0x00,0x00,
	0x51,0x4d,0x43,0x36,0x33,0x30,0x38,0x5f,0x6f,0x70,0x65,0x6e,0x00,0x00,0x00,0x00,
	0x51,0x4d,0x43,0x36,0x33,0x30,0x38,0x5f,0x6d,0x61,0x67,0x64,0x65,0x6c,0x61,0x79,
	0x5f,0x73,0x68,0x6f,0x77,0x00,0x00,0x00,0x51,0x4d,0x43,0x36,0x33,0x30,0x38,0x5f,
	0x64,0x65,0x76,0x6e,0x61,0x6d,0x65,0x5f,0x73,0x74,0x6f,0x72,0x65,0x00,0x00,0x00,
	0x51,0x4d,0x43,0x36,0x33,0x30,0x38,0x5f,0x73,0x65,0x74,0x5f,0x70,0x6f,0x6c,0x6c,
	0x5f,0x64,0x65,0x6c,0x61,0x79,0x00,0x00,0x51,0x4d,0x43,0x36,0x33,0x30,0x38,0x5f,
	0x6d,0x61,0x67,0x64,0x65,0x6c,0x61,0x79,0x5f,0x73,0x74,0x6f,0x72,0x65,0x00,0x00,
	0x51,0x4d,0x43,0x36,0x33,0x30,0x38,0x5f,0x69,0x32,0x63,0x5f,0x72,0x78,0x64,0x61,
	0x74,0x61,0x00,0x00,0x00,0x00,0x00,0x00,0x51,0x4d,0x43,0x36,0x33,0x30,0x38,0x5f,
	0x63,0x68,0x65,0x63,0x6b,0x5f,0x64,0x65,0x76,0x69,0x63,0x65,0x00,0x00,0x00,0x00,
	0x51,0x4d,0x43,0x36,0x33,0x30,0x38,0x5f,0x69,0x32,0x63,0x5f,0x74,0x78,0x64,0x61,
	0x74,0x61,0x00,0x00,0x00,0x00,0x00,0x00,0x51,0x4d,0x43,0x36,0x33,0x30,0x38,0x5f,
	0x73,0x65,0x74,0x5f,0x65,0x6e,0x61,0x62,0x6c,0x65,0x00,0x00,0x00,0x00,0x00,0x00,
	0x51,0x4d,0x43,0x36,0x33,0x30,0x38,0x5f,0x73,0x75,0x73,0x70,0x65,0x6e,0x64,0x5f,
	0x65,0x78,0x74,0x00,0x00,0x00,0x00,0x00,0x51,0x4d,0x43,0x36,0x33,0x30,0x38,0x5f,
	0x72,0x65,0x73,0x75,0x6d,0x65,0x5f,0x65,0x78,0x74,0x00,0x00,0x00,0x00,0x00,0x00,
	0x51,0x4d,0x43,0x36,0x33,0x30,0x38,0x5f,0x72,0x65,0x73,0x75,0x6d,0x65,0x00,0x00,
	0x51,0x4d,0x43,0x36,0x33,0x30,0x38,0x5f,0x73,0x75,0x73,0x70,0x65,0x6e,0x64,0x00,
	0x51,0x4d,0x43,0x36,0x33,0x30,0x38,0x5f,0x75,0x6e,0x6c,0x6f,0x63,0x6b,0x65,0x64,
	0x5f,0x69,0x6f,0x63,0x74,0x6c,0x00,0x00,0x51,0x4d,0x43,0x36,0x33,0x30,0x38,0x5f,
	0x6d,0x61,0x67,0x65,0x6e,0x61,0x62,0x6c,0x65,0x5f,0x73,0x74,0x6f,0x72,0x65,0x00,
	0x51,0x4d,0x43,0x36,0x33,0x30,0x38,0x5f,0x72,0x65,0x61,0x64,0x5f,0x78,0x79,0x7a,
	0x00,0x00,0x00,0x00,0x00,0x00,0x00,0x00,0x51,0x4d,0x43,0x36,0x33,0x30,0x38,0x5f,
	0x70,0x72,0x6f,0x62,0x65,0x00,0x00,0x00,0x51,0x4d,0x43,0x36,0x33,0x30,0x38,0x5f,
	0x69,0x6e,0x69,0x74,0x5f,0x69,0x6e,0x70,0x75,0x74,0x00,0x00,0x00,0x00,0x00,0x00,
	0x72,0x65,0x70,0x6f,0x72,0x74,0x5f,0x65,0x76,0x65,0x6e,0x74,0x00,0x00,0x00,0x00,
	0x51,0x4d,0x43,0x36,0x33,0x30,0x38,0x5f,0x69,0x6e,0x70,0x75,0x74,0x5f,0x77,0x6f,
	0x72,0x6b,0x5f,0x66,0x75,0x6e,0x63,0x00,0x51,0x4d,0x43,0x36,0x33,0x30,0x38,0x5f,
	0x68,0x77,0x5f,0x72,0x65,0x73,0x65,0x74,0x00,0x00,0x00,0x00,0x00,0x00,0x00,0x00,
	0x00,0x00,0x00,0x00,0x00,0x00,0x00,0x00,0x00,0x00,0x00,0x00,0x00,0x00,0x00,0x00,
	0x00,0x00,0x00,0x00,0x00,0x00,0x00,0x00,0x00,0x00,0x00,0x00,0x00,0x00,0x00,0x00,
	0x00,0x00,0x00,0x00,0x00,0x00,0x00,0x00,0x00,0x00,0x00,0x00,0x00,0x00,0x00,0x00,
	0x00,0x00,0x00,0x00,0x00,0x00,0x00,0x00,0x00,0x00,0x00,0x00,0x00,0x00,0x00,0x00,
	0x00,0x00,0x00,0x00,0x00,0x00,0x00,0x00,0x00,0x00,0x00,0x00,0x00,0x00,0x00,0x00,
	0x00,0x00,0x00,0x00,0x00,0x00,0x00,0x00,0x00,0x00,0x00,0x00,0x00,0x00,0x00,0x00,
	0x00,0x00,0x00,0x00,0x00,0x00,0x00,0x00,0x00,0x00,0x00,0x00,0x00,0x00,0x00,0x00,
	0x00,0x00,0x00,0x00,0x00,0x00,0x00,0x00,0x00,0x00,0x00,0x00,0x00,0x00,0x00,0x00,
	0x00,0x00,0x00,0x00,0x00,0x00,0x00,0x00,0x00,0x00,0x00,0x00,0x00,0x00,0x00,0x00,
	0x00,0x00,0x00,0x00,0x00,0x00,0x00,0x00,0x00,0x00,0x00,0x00,0x00,0x00,0x00,0x00,
	0x00,0x00,0x00,0x00,0x00,0x00,0x00,0x00,0x00,0x00,0x00,0x00,0x00,0x00,0x00,0x00,
	0x00,0x00,0x00,0x00,0x00,0x00,0x00,0x00,0x71,0x6d,0x63,0x36,0x33,0x30,0x38,0x00,
	0x00,0x00,0x00,0x00,0x00,0x00,0x00,0x00,0x00,0x00,0x00,0x00,0x00,0x00,0x00,0x00,
	0x00,0x00,0x00,0x00,0x00,0x00,0x00,0x00,0x00,0x00,0x00,0x00,0x00,0x00,0x00,0x00,
	0x00,0x00,0x00,0x00,0x00,0x00,0x00,0x00,0x00,0x00,0x00,0x00,0x00,0x00,0x00,0x00,
	0x00,0x00,0x00,0x00,0x00,0x00,0x00,0x00,0x69,0x6e,0x66,0x72,0x61,0x5f,0x70,0x69,
	0x6e,0x5f,0x73,0x74,0x6f,0x72,0x65,0x00,0x69,0x6e,0x66,0x72,0x61,0x5f,0x69,0x6e,
	0x69,0x74,0x00,0x00,0x00,0x00,0x00,0x00,0x69,0x6e,0x66,0x72,0x61,0x5f,0x72,0x65,
	0x6d,0x6f,0x76,0x65,0x00,0x00,0x00,0x00,0x69,0x6e,0x66,0x72,0x61,0x5f,0x65,0x78,
	0x69,0x74,0x00,0x00,0x00,0x00,0x00,0x00,0x69,0x6e,0x66,0x72,0x61,0x5f,0x70,0x61,
	0x72,0x73,0x65,0x5f,0x64,0x74,0x00,0x00,0x69,0x6e,0x66,0x72,0x61,0x5f,0x70,0x72,
	0x6f,0x62,0x65,0x00,0x00,0x00,0x00,0x00,0x00,0x00,0x00,0x00,0x00,0x00,0x00,0x00,
	0x00,0x00,0x00,0x00,0x00,0x00,0x00,0x00,0x00,0x00,0x00,0x00,0x00,0x00,0x00,0x00,
	0x00,0x00,0x00,0x00,0x00,0x00,0x00,0x00,0x00,0x00,0x00,0x00,0x00,0x00,0x00,0x00,
	0x00,0x00,0x00,0x00,0x00,0x00,0x00,0x00,0x00,0x00,0x00,0x00,0x00,0x00,0x00,0x00,
	0x00,0x00,0x00,0x00,0x00,0x00,0x00,0x00,0x68,0x78,0x64,0x6b,0x6a,0x2c,0x68,0x78,
	0x64,0x30,0x31,0x39,0x00,0x00,0x00,0x00,0x00,0x00,0x00,0x00,0x00,0x00,0x00,0x00,
	0x00,0x00,0x00,0x00,0x00,0x00,0x00,0x00,0x00,0x00,0x00,0x00,0x00,0x00,0x00,0x00,
	0x00,0x00,0x00,0x00,0x00,0x00,0x00,0x00,0x00,0x00,0x00,0x00,0x00,0x00,0x00,0x00,
	0x00,0x00,0x00,0x00,0x00,0x00,0x00,0x00,0x00,0x00,0x00,0x00,0x00,0x00,0x00,0x00,
	0x00,0x00,0x00,0x00,0x00,0x00,0x00,0x00,0x00,0x00,0x00,0x00,0x00,0x00,0x00,0x00,
	0x00,0x00,0x00,0x00,0x00,0x00,0x00,0x00,0x00,0x00,0x00,0x00,0x00,0x00,0x00,0x00,
	0x00,0x00,0x00,0x00,0x00,0x00,0x00,0x00,0x00,0x00,0x00,0x00,0x00,0x00,0x00,0x00,
	0x00,0x00,0x00,0x00,0x00,0x00,0x00,0x00,0x00,0x00,0x00,0x00,0x00,0x00,0x00,0x00,
	0x00,0x00,0x00,0x00,0x00,0x00,0x00,0x00,0x00,0x00,0x00,0x00,0x00,0x00,0x00,0x00,
	0x00,0x00,0x00,0x00,0x00,0x00,0x00,0x00,0x00,0x00,0x00,0x00,0x00,0x00,0x00,0x00,
	0x00,0x00,0x00,0x00,0x00,0x00,0x00,0x00,0x00,0x00,0x00,0x00,0x00,0x00,0x00,0x00,
	0x00,0x00,0x00,0x00,0x00,0x00,0x00,0x00,0x00,0x00,0x00,0x00,0x00,0x00,0x00,0x00,
	0x00,0x00,0x00,0x00,0x00,0x00,0x00,0x00,0x00,0x00,0x00,0x00,0x00,0x00,0x00,0x00,
	0x00,0x00,0x00,0x00,0x00,0x00,0x00,0x00,0x00,0x00,0x00,0x00,0x00,0x00,0x00,0x00,
	0x00,0x00,0x00,0x00,0x00,0x00,0x00,0x00,0x00,0x00,0x00,0x00,0x00,0x00,0x00,0x00,
	0x00,0x00,0x00,0x00,0x00,0x00,0x00,0x00,0x00,0x00,0x00,0x00,0x00,0x00,0x00,0x00,
	0x00,0x00,0x00,0x00,0x00,0x00,0x00,0x00,0x00,0x00,0x00,0x00,0x00,0x00,0x00,0x00,
	0x00,0x00,0x00,0x00,0x00,0x00,0x00,0x00,0x00,0x00,0x00,0x00,0x00,0x00,0x00,0x00,
	0x00,0x00,0x00,0x00,0x00,0x00,0x00,0x00,0x00,0x00,0x00,0x00,0x00,0x00,0x00,0x00,
	0x00,0x00,0x00,0x00,0x00,0x00,0x00,0x00,0x00,0x00,0x00,0x00,0x00,0x00,0x00,0x00,
	0x00,0x00,0x00,0x00,0x00,0x00,0x00,0x00,0x00,0x10,0x2d,0x27,0x27,0x21,0x27,0x00,
	0x63,0x74,0x72,0x6c,0x5f,0x72,0x65,0x6c,0x65,0x61,0x73,0x65,0x00,0x00,0x00,0x00,
	0x63,0x74,0x72,0x6c,0x5f,0x6f,0x70,0x65,0x6e,0x00,0x00,0x00,0x00,0x00,0x00,0x00,
	0x63,0x74,0x72,0x6c,0x5f,0x69,0x6f,0x63,0x74,0x6c,0x00,0x00,0x00,0x00,0x00,0x00,
	0x63,0x74,0x72,0x6c,0x5f,0x77,0x72,0x69,0x74,0x65,0x00,0x00,0x00,0x00,0x00,0x00,
	0x68,0x78,0x64,0x5f,0x73,0x65,0x74,0x5f,0x65,0x6e,0x61,0x62,0x6c,0x65,0x00,0x00,
	0x68,0x78,0x64,0x5f,0x65,0x6e,0x61,0x62,0x6c,0x65,0x5f,0x73,0x74,0x6f,0x72,0x65,
	0x00,0x00,0x00,0x00,0x00,0x00,0x00,0x00,0x68,0x78,0x64,0x5f,0x65,0x6e,0x61,0x62,
	0x6c,0x65,0x5f,0x73,0x74,0x6f,0x72,0x65,0x00,0x00,0x00,0x00,0x00,0x00,0x00,0x00,
	0x73,0x70,0x72,0x64,0x5f,0x70,0x69,0x6e,0x5f,0x73,0x65,0x74,0x5f,0x67,0x70,0x69,
	0x6f,0x00,0x00,0x00,0x00,0x00,0x00,0x00,0x63,0x74,0x72,0x6c,0x5f,0x63,0x68,0x72,
	0x64,0x65,0x76,0x5f,0x69,0x6e,0x69,0x74,0x00,0x00,0x00,0x00,0x00,0x00,0x00,0x00,
	0x5f,0x5f,0x73,0x65,0x74,0x75,0x70,0x5f,0x63,0x64,0x65,0x76,0x00,0x00,0x00,0x00,
	0x63,0x74,0x72,0x6c,0x5f,0x63,0x68,0x72,0x64,0x65,0x76,0x5f,0x65,0x78,0x69,0x74,
	0x00,0x00,0x00,0x00,0x00,0x00,0x00,0x00,0x67,0x70,0x69,0x6f,0x5f,0x69,0x6e,0x69,
	0x74,0x00,0x00,0x00,0x00,0x00,0x00,0x00,0x67,0x70,0x69,0x6f,0x5f,0x6f,0x70,0x65,
	0x6e,0x00,0x00,0x00,0x00,0x00,0x00,0x00,0x70,0x75,0x6c,0x6c,0x5f,0x67,0x70,0x69,
	0x6f,0x00,0x00,0x00,0x00,0x00,0x00,0x00,0x67,0x70,0x69,0x6f,0x5f,0x63,0x6c,0x6f,
	0x73,0x65,0x00,0x00,0x00,0x00,0x00,0x00,0x67,0x70,0x69,0x6f,0x5f,0x73,0x74,0x61,
	0x72,0x74,0x00,0x00,0x00,0x00,0x00,0x00,0x67,0x70,0x69,0x6f,0x5f,0x73,0x74,0x6f,
	0x70,0x00,0x00,0x00,0x00,0x00,0x00,0x00,0x67,0x70,0x69,0x6f,0x5f,0x63,0x68,0x65,
	0x63,0x6b,0x5f,0x61,0x63,0x6b,0x00,0x00,0x67,0x70,0x69,0x6f,0x5f,0x77,0x72,0x69,
	0x74,0x65,0x5f,0x64,0x61,0x74,0x61,0x00,0x63,0x74,0x72,0x6c,0x5f,0x72,0x65,0x61,
	0x64,0x00,0x00,0x00,0x00,0x00,0x00,0x00,0x70,0x72,0x6f,0x63,0x65,0x73,0x73,0x5f,
	0x63,0x6f,0x6d,0x6d,0x61,0x6e,0x64,0x73,0x00,0x00,0x00,0x00,0x00,0x00,0x00,0x00,
	0x67,0x70,0x69,0x6f,0x5f,0x6c,0x65,0x61,0x72,0x6e,0x00,0x00,0x00,0x00,0x00,0x00,
	0x10,0x00,0x00,0x00,0x00,0x00,0x00,0x00,0x00,0x00,0x00,0x00,0x00,0x00,0x00,0x00,
	0x02,0x00,0x00,0x00,0x00,0x00,0x00,0x00,0x00,0x00,0x00,0x00,0x00,0x00,0x00,0x00,
	0x00,0x00,0x00,0x00,0x00,0x00,0x00,0x00,0x00,0x00,0x00,0x00,0x00,0x00,0x00,0x00,
	0x00,0x00,0x00,0x00,0x00,0x00,0x00,0x00,0x00,0x00,0x00,0x00,0x00,0x00,0x00,0x00,
	0x00,0x00,0x00,0x00,0x00,0x00,0x00,0x00,0x00,0x00,0x00,0x00,0x00,0x00,0x00,0x00,
	0x00,0x00,0x00,0x00,0x00,0x00,0x00,0x00,0x00,0x00,0x00,0x00,0x00,0x00,0x00,0x00,
	0x00,0x00,0x00,0x00,0x00,0x00,0x00,0x00,0x00,0x00,0x00,0x00,0x00,0x00,0x00,0x00,
	0x00,0x00,0x00,0x00,0x00,0x00,0x00,0x00,0x00,0x00,0x00,0x00,0x00,0x00,0x00,0x00,
	0x00,0x00,0x00,0x00,0x00,0x00,0x00,0x00,0x00,0x00,0x00,0x00,0x00,0x00,0x00,0x00,
	0x00,0x00,0x00,0x00,0x00,0x00,0x00,0x00,0x00,0x00,0x00,0x00,0x00,0x00,0x00,0x00,
	0x00,0x00,0x00,0x00,0x00,0x00,0x00,0x00,0x00,0x00,0x00,0x00,0x00,0x00,0x00,0x00,
	0x00,0x00,0x00,0x00,0x00,0x00,0x00,0x00,0x00,0x00,0x00,0x00,0x00,0x00,0x00,0x00,
	0x00,0x00,0x00,0x00,0x00,0x00,0x00,0x00,0x00,0x00,0x00,0x00,0x00,0x00,0x00,0x00,
	0x00,0x00,0x00,0x00,0x00,0x00,0x00,0x00,0x00,0x00,0x00,0x00,0x00,0x00,0x00,0x00,
	0x00,0x00,0x00,0x00,0x00,0x00,0x00,0x00,0x00,0x00,0x00,0x00,0x00,0x00,0x00,0x00,
	0x00,0x00,0x00,0x00,0x00,0x00,0x00,0x00,0x00,0x00,0x00,0x00,0x00,0x00,0x00,0x00,
	0x00,0x00,0x00,0x00,0x00,0x00,0x00,0x00,0x00,0x00,0x00,0x00,0x00,0x00,0x00,0x00,
	0x00,0x00,0x00,0x00,0x00,0x00,0x00,0x00,0x00,0x00,0x00,0x00,0x00,0x00,0x00,0x00,
	0x00,0x00,0x00,0x00,0x00,0x00,0x00,0x00,0x00,0x00,0x00,0x00,0x00,0x00,0x00,0x00,
	0x00,0x00,0x00,0x00,0x00,0x00,0x00,0x00,0x00,0x00,0x00,0x00,0x00,0x00,0x00,0x00,
	0x00,0x00,0x00,0x00,0x00,0x00,0x00,0x00,0x00,0x00,0x00,0x00,0x00,0x00,0x00,0x00,
	0x00,0x00,0x00,0x00,0x00,0x00,0x00,0x00,0x00,0x00,0x00,0x00,0x00,0x00,0x00,0x00,
	0x00,0x00,0x00,0x00,0x00,0x00,0x00,0x00,0x00,0x00,0x00,0x00,0x00,0x00,0x00,0x00,
	0x00,0x00,0x00,0x00,0x00,0x00,0x00,0x00,0x00,0x00,0x00,0x00,0x00,0x00,0x00,0x00,
	0x00,0x00,0x00,0x00,0x00,0x00,0x00,0x00,0x00,0x00,0x00,0x00,0x00,0x00,0x00,0x00,
	0x6d,0x61,0x73,0x5f,0x77,0x72,0x69,0x74,0x65,0x00,0x00,0x00,0x00,0x00,0x00,0x00,
	0x6d,0x61,0x73,0x5f,0x69,0x6f,0x63,0x74,0x6c,0x00,0x00,0x00,0x00,0x00,0x00,0x00,
	0x6d,0x61,0x64,0x65,0x76,0x5f,0x6e,0x61,0x76,0x5f,0x65,0x6e,0x61,0x62,0x6c,0x65,
	0x5f,0x73,0x74,0x6f,0x72,0x65,0x00,0x00,0x6d,0x61,0x73,0x5f,0x69,0x6e,0x69,0x74,
},
{
	0x67,0x20,0x75,0x73,0x65,0x72,0x20,0x73,0x70,0x61,0x63,0x65,0x20,0x6d,0x65,0x6d,
	0x6f,0x72,0x79,0x20,0x77,0x69,0x74,0x68,0x20,0x66,0x73,0x3d,0x4b,0x45,0x52,0x4e,
	0x45,0x4c,0x5f,0x44,0x53,0x00,0x41,0x74,0x74,0x65,0x6d,0x70,0x74,0x69,0x6e,0x67,
	0x20,0x74,0x6f,0x20,0x65,0x78,0x65,0x63,0x75,0x74,0x65,0x20,0x75,0x73,0x65,0x72,
	0x73,0x70,0x61,0x63,0x65,0x20,0x6d,0x65,0x6d,0x6f,0x72,0x79,0x00,0x41,0x63,0x63,
	0x65,0x73,0x73,0x69,0x6e,0x67,0x20,0x75,0x73,0x65,0x72,0x20,0x73,0x70,0x61,0x63,
	0x65,0x20,0x6d,0x65,0x6d,0x6f,0x72,0x79,0x20,0x6f,0x75,0x74,0x73,0x69,0x64,0x65,
	0x20,0x75,0x61,0x63,0x63,0x65,0x73,0x73,0x2e,0x68,0x20,0x72,0x6f,0x75,0x74,0x69,
	0x6e,0x65,0x73,0x00,0x01,0x31,0x55,0x6e,0x68,0x61,0x6e,0x64,0x6c,0x65,0x64,0x20,
	0x66,0x61,0x75,0x6c,0x74,0x3a,0x20,0x25,0x73,0x20,0x28,0x30,0x78,0x25,0x30,0x38,
	0x78,0x29,0x20,0x61,0x74,0x20,0x30,0x78,0x25,0x30,0x31,0x36,0x6c,0x78,0x0a,0x00,
	0x01,0x36,0x25,0x73,0x5b,0x25,0x64,0x5d,0x3a,0x20,0x25,0x73,0x20,0x65,0x78,0x63,
	0x65,0x70,0x74,0x69,0x6f,0x6e,0x3a,0x20,0x70,0x63,0x3d,0x25,0x70,0x20,0x73,0x70,
	0x3d,0x25,0x70,0x0a,0x00,0x4f,0x6f,0x70,0x73,0x20,0x2d,0x20,0x53,0x50,0x2f,0x50,
	0x43,0x20,0x61,0x6c,0x69,0x67,0x6e,0x6d,0x65,0x6e,0x74,0x20,0x65,0x78,0x63,0x65,
	0x70,0x74,0x69,0x6f,0x6e,0x00,0x01,0x31,0x55,0x6e,0x68,0x61,0x6e,0x64,0x6c,0x65,
	0x64,0x20,0x64,0x65,0x62,0x75,0x67,0x20,0x65,0x78,0x63,0x65,0x70,0x74,0x69,0x6f,
	0x6e,0x3a,0x20,0x25,0x73,0x20,0x28,0x30,0x78,0x25,0x30,0x38,0x78,0x29,0x20,0x61,
	0x74,0x20,0x30,0x78,0x25,0x30,0x31,0x36,0x6c,0x78,0x0a,0x00,0x68,0x61,0x72,0x64,
	0x77,0x61,0x72,0x65,0x20,0x62,0x72,0x65,0x61,0x6b,0x70,0x6f,0x69,0x6e,0x74,0x00,
	0x68,0x61,0x72,0x64,0x77,0x61,0x72,0x65,0x20,0x73,0x69,0x6e,0x67,0x6c,0x65,0x2d,
	0x73,0x74,0x65,0x70,0x00,0x68,0x61,0x72,0x64,0x77,0x61,0x72,0x65,0x20,0x77,0x61,
	0x74,0x63,0x68,0x70,0x6f,0x69,0x6e,0x74,0x00,0x75,0x6e,0x6b,0x6e,0x6f,0x77,0x6e,
	0x20,0x33,0x00,0x61,0x61,0x72,0x63,0x68,0x33,0x32,0x20,0x42,0x4b,0x50,0x54,0x00,
	0x61,0x61,0x72,0x63,0x68,0x33,0x32,0x20,0x76,0x65,0x63,0x74,0x6f,0x72,0x20,0x63,
	0x61,0x74,0x63,0x68,0x00,0x61,0x61,0x72,0x63,0x68,0x36,0x34,0x20,0x42,0x52,0x4b,
	0x00,0x75,0x6e,0x6b,0x6e,0x6f,0x77,0x6e,0x20,0x37,0x00,0x74,0x74,0x62,0x72,0x20,
	0x61,0x64,0x64,0x72,0x65,0x73,0x73,0x20,0x73,0x69,0x7a,0x65,0x20,0x66,0x61,0x75,
	0x6c,0x74,0x00,0x6c,0x65,0x76,0x65,0x6c,0x20,0x31,0x20,0x61,0x64,0x64,0x72,0x65,
	0x73,0x73,0x20,0x73,0x69,0x7a,0x65,0x20,0x66,0x61,0x75,0x6c,0x74,0x00,0x6c,0x65,
	0x76,0x65,0x6c,0x20,0x32,0x20,0x61,0x64,0x64,0x72,0x65,0x73,0x73,0x20,0x73,0x69,
	0x7a,0x65,0x20,0x66,0x61,0x75,0x6c,0x74,0x00,0x6c,0x65,0x76,0x65,0x6c,0x20,0x33,
	0x20,0x61,0x64,0x64,0x72,0x65,0x73,0x73,0x20,0x73,0x69,0x7a,0x65,0x20,0x66,0x61,
	0x75,0x6c,0x74,0x00,0x6c,0x65,0x76,0x65,0x6c,0x20,0x30,0x20,0x74,0x72,0x61,0x6e,
	0x73,0x6c,0x61,0x74,0x69,0x6f,0x6e,0x20,0x66,0x61,0x75,0x6c,0x74,0x00,0x6c,0x65,
	0x76,0x65,0x6c,0x20,0x31,0x20,0x74,0x72,0x61,0x6e,0x73,0x6c,0x61,0x74,0x69,0x6f,
	0x6e,0x20,0x66,0x61,0x75,0x6c,0x74,0x00,0x6c,0x65,0x76,0x65,0x6c,0x20,0x32,0x20,
	0x74,0x72,0x61,0x6e,0x73,0x6c,0x61,0x74,0x69,0x6f,0x6e,0x20,0x66,0x61,0x75,0x6c,
	0x74,0x00,0x6c,0x65,0x76,0x65,0x6c,0x20,0x33,0x20,0x74,0x72,0x61,0x6e,0x73,0x6c,
	0x61,0x74,0x69,0x6f,0x6e,0x20,0x66,0x61,0x75,0x6c,0x74,0x00,0x75,0x6e,0x6b,0x6e,
	0x6f,0x77,0x6e,0x20,0x38,0x00,0x6c,0x65,0x76,0x65,0x6c,0x20,0x31,0x20,0x61,0x63,
	0x63,0x65,0x73,0x73,0x20,0x66,0x6c,0x61,0x67,0x20,0x66,0x61,0x75,0x6c,0x74,0x00,
	0x6c,0x65,0x76,0x65,0x6c,0x20,0x32,0x20,0x61,0x63,0x63,0x65,0x73,0x73,0x20,0x66,
	0x6c,0x61,0x67,0x20,0x66,0x61,0x75,0x6c,0x74,0x00,0x6c,0x65,0x76,0x65,0x6c,0x20,
	0x33,0x20,0x61,0x63,0x63,0x65,0x73,0x73,0x20,0x66,0x6c,0x61,0x67,0x20,0x66,0x61,
	0x75,0x6c,0x74,0x00,0x75,0x6e,0x6b,0x6e,0x6f,0x77,0x6e,0x20,0x31,0x32,0x00,0x6c,
	0x65,0x76,0x65,0x6c,0x20,0x31,0x20,0x70,0x65,0x72,0x6d,0x69,0x73,0x73,0x69,0x6f,
	0x6e,0x20,0x66,0x61,0x75,0x6c,0x74,0x00,0x6c,0x65,0x76,0x65,0x6c,0x20,0x32,0x20,
	0x70,0x65,0x72,0x6d,0x69,0x73,0x73,0x69,0x6f,0x6e,0x20,0x66,0x61,0x75,0x6c,0x74,
	0x00,0x6c,0x65,0x76,0x65,0x6c,0x20,0x33,0x20,0x70,0x65,0x72,0x6d,0x69,0x73,0x73,
	0x69,0x6f,0x6e,0x20,0x66,0x61,0x75,0x6c,0x74,0x00,0x73,0x79,0x6e,0x63,0x68,0x72,
	0x6f,0x6e,0x6f,0x75,0x73,0x20,0x65,0x78,0x74,0x65,0x72,0x6e,0x61,0x6c,0x20,0x61,
	0x62,0x6f,0x72,0x74,0x00,0x75,0x6e,0x6b,0x6e,0x6f,0x77,0x6e,0x20,0x31,0x37,0x00,
	0x75,0x6e,0x6b,0x6e,0x6f,0x77,0x6e,0x20,0x31,0x38,0x00,0x75,0x6e,0x6b,0x6e,0x6f,
	0x77,0x6e,0x20,0x31,0x39,0x00,0x6c,0x65,0x76,0x65,0x6c,0x20,0x30,0x20,0x28,0x74,
	0x72,0x61,0x6e,0x73,0x6c,0x61,0x74,0x69,0x6f,0x6e,0x20,0x74,0x61,0x62,0x6c,0x65,
	0x20,0x77,0x61,0x6c,0x6b,0x29,0x00,0x6c,0x65,0x76,0x65,0x6c,0x20,0x31,0x20,0x28,
	0x74,0x72,0x61,0x6e,0x73,0x6c,0x61,0x74,0x69,0x6f,0x6e,0x20,0x74,0x61,0x62,0x6c,
	0x65,0x20,0x77,0x61,0x6c,0x6b,0x29,0x00,0x6c,0x65,0x76,0x65,0x6c,0x20,0x32,0x20,
	0x28,0x74,0x72,0x61,0x6e,0x73,0x6c,0x61,0x74,0x69,0x6f,0x6e,0x20,0x74,0x61,0x62,
	0x6c,0x65,0x20,0x77,0x61,0x6c,0x6b,0x29,0x00,0x6c,0x65,0x76,0x65,0x6c,0x20,0x33,
	0x20,0x28,0x74,0x72,0x61,0x6e,0x73,0x6c,0x61,0x74,0x69,0x6f,0x6e,0x20,0x74,0x61,
	0x62,0x6c,0x65,0x20,0x77,0x61,0x6c,0x6b,0x29,0x00,0x73,0x79,0x6e,0x63,0x68,0x72,
	0x6f,0x6e,0x6f,0x75,0x73,0x20,0x70,0x61,0x72,0x69,0x74,0x79,0x20,0x6f,0x72,0x20,
	0x45,0x43,0x43,0x20,0x65,0x72,0x72,0x6f,0x72,0x00,0x75,0x6e,0x6b,0x6e,0x6f,0x77,
	0x6e,0x20,0x32,0x35,0x00,0x75,0x6e,0x6b,0x6e,0x6f,0x77,0x6e,0x20,0x32,0x36,0x00,
	0x75,0x6e,0x6b,0x6e,0x6f,0x77,0x6e,0x20,0x32,0x37,0x00,0x6c,0x65,0x76,0x65,0x6c,
	0x20,0x30,0x20,0x73,0x79,0x6e,0x63,0x68,0x72,0x6f,0x6e,0x6f,0x75,0x73,0x20,0x70,
	0x61,0x72,0x69,0x74,0x79,0x20,0x65,0x72,0x72,0x6f,0x72,0x20,0x28,0x74,0x72,0x61,
	0x6e,0x73,0x6c,0x61,0x74,0x69,0x6f,0x6e,0x20,0x74,0x61,0x62,0x6c,0x65,0x20,0x77,
	0x61,0x6c,0x6b,0x29,0x00,0x6c,0x65,0x76,0x65,0x6c,0x20,0x31,0x20,0x73,0x79,0x6e,
	0x63,0x68,0x72,0x6f,0x6e,0x6f,0x75,0x73,0x20,0x70,0x61,0x72,0x69,0x74,0x79,0x20,
	0x65,0x72,0x72,0x6f,0x72,0x20,0x28,0x74,0x72,0x61,0x6e,0x73,0x6c,0x61,0x74,0x69,
	0x6f,0x6e,0x20,0x74,0x61,0x62,0x6c,0x65,0x20,0x77,0x61,0x6c,0x6b,0x29,0x00,0x6c,
	0x65,0x76,0x65,0x6c,0x20,0x32,0x20,0x73,0x79,0x6e,0x63,0x68,0x72,0x6f,0x6e,0x6f,
	0x75,0x73,0x20,0x70,0x61,0x72,0x69,0x74,0x79,0x20,0x65,0x72,0x72,0x6f,0x72,0x20,
	0x28,0x74,0x72,0x61,0x6e,0x73,0x6c,0x61,0x74,0x69,0x6f,0x6e,0x20,0x74,0x61,0x62,
	0x6c,0x65,0x20,0x77,0x61,0x6c,0x6b,0x29,0x00,0x6c,0x65,0x76,0x65,0x6c,0x20,0x33,
	0x20,0x73,0x79,0x6e,0x63,0x68,0x72,0x6f,0x6e,0x6f,0x75,0x73,0x20,0x70,0x61,0x72,
	0x69,0x74,0x79,0x20,0x65,0x72,0x72,0x6f,0x72,0x20,0x28,0x74,0x72,0x61,0x6e,0x73,
	0x6c,0x61,0x74,0x69,0x6f,0x6e,0x20,0x74,0x61,0x62,0x6c,0x65,0x20,0x77,0x61,0x6c,
	0x6b,0x29,0x00,0x75,0x6e,0x6b,0x6e,0x6f,0x77,0x6e,0x20,0x33,0x32,0x00,0x61,0x6c,
	0x69,0x67,0x6e,0x6d,0x65,0x6e,0x74,0x20,0x66,0x61,0x75,0x6c,0x74,0x00,0x75,0x6e,
	0x6b,0x6e,0x6f,0x77,0x6e,0x20,0x33,0x34,0x00,0x75,0x6e,0x6b,0x6e,0x6f,0x77,0x6e,
	0x20,0x33,0x35,0x00,0x75,0x6e,0x6b,0x6e,0x6f,0x77,0x6e,0x20,0x33,0x36,0x00,0x75,
	0x6e,0x6b,0x6e,0x6f,0x77,0x6e,0x20,0x33,0x37,0x00,0x75,0x6e,0x6b,0x6e,0x6f,0x77,
	0x6e,0x20,0x33,0x38,0x00,0x75,0x6e,0x6b,0x6e,0x6f,0x77,0x6e,0x20,0x33,0x39,0x00,
	0x75,0x6e,0x6b,0x6e,0x6f,0x77,0x6e,0x20,0x34,0x30,0x00,0x75,0x6e,0x6b,0x6e,0x6f,
	0x77,0x6e,0x20,0x34,0x31,0x00,0x75,0x6e,0x6b,0x6e,0x6f,0x77,0x6e,0x20,0x34,0x32,
	0x00,0x75,0x6e,0x6b,0x6e,0x6f,0x77,0x6e,0x20,0x34,0x33,0x00,0x75,0x6e,0x6b,0x6e,
	0x6f,0x77,0x6e,0x20,0x34,0x34,0x00,0x75,0x6e,0x6b,0x6e,0x6f,0x77,0x6e,0x20,0x34,
	0x35,0x00,0x75,0x6e,0x6b,0x6e,0x6f,0x77,0x6e,0x20,0x34,0x36,0x00,0x75,0x6e,0x6b,
	0x6e,0x6f,0x77,0x6e,0x20,0x34,0x37,0x00,0x54,0x4c,0x42,0x20,0x63,0x6f,0x6e,0x66,
	0x6c,0x69,0x63,0x74,0x20,0x61,0x62,0x6f,0x72,0x74,0x00,0x75,0x6e,0x6b,0x6e,0x6f,
	0x77,0x6e,0x20,0x34,0x39,0x00,0x75,0x6e,0x6b,0x6e,0x6f,0x77,0x6e,0x20,0x35,0x30,
	0x00,0x75,0x6e,0x6b,0x6e,0x6f,0x77,0x6e,0x20,0x35,0x31,0x00,0x69,0x6d,0x70,0x6c,
	0x65,0x6d,0x65,0x6e,0x74,0x61,0x74,0x69,0x6f,0x6e,0x20,0x66,0x61,0x75,0x6c,0x74,
	0x20,0x28,0x6c,0x6f,0x63,0x6b,0x64,0x6f,0x77,0x6e,0x20,0x61,0x62,0x6f,0x72,0x74,
	0x29,0x00,0x69,0x6d,0x70,0x6c,0x65,0x6d,0x65,0x6e,0x74,0x61,0x74,0x69,0x6f,0x6e,
	0x20,0x66,0x61,0x75,0x6c,0x74,0x20,0x28,0x75,0x6e,0x73,0x75,0x70,0x70,0x6f,0x72,
	0x74,0x65,0x64,0x20,0x65,0x78,0x63,0x6c,0x75,0x73,0x69,0x76,0x65,0x29,0x00,0x75,
	0x6e,0x6b,0x6e,0x6f,0x77,0x6e,0x20,0x35,0x34,0x00,0x75,0x6e,0x6b,0x6e,0x6f,0x77,
	0x6e,0x20,0x35,0x35,0x00,0x75,0x6e,0x6b,0x6e,0x6f,0x77,0x6e,0x20,0x35,0x36,0x00,
	0x75,0x6e,0x6b,0x6e,0x6f,0x77,0x6e,0x20,0x35,0x37,0x00,0x75,0x6e,0x6b,0x6e,0x6f,
	0x77,0x6e,0x20,0x35,0x38,0x00,0x75,0x6e,0x6b,0x6e,0x6f,0x77,0x6e,0x20,0x35,0x39,
	0x00,0x75,0x6e,0x6b,0x6e,0x6f,0x77,0x6e,0x20,0x36,0x30,0x00,0x73,0x65,0x63,0x74,
	0x69,0x6f,0x6e,0x20,0x64,0x6f,0x6d,0x61,0x69,0x6e,0x20,0x66,0x61,0x75,0x6c,0x74,
	0x00,0x70,0x61,0x67,0x65,0x20,0x64,0x6f,0x6d,0x61,0x69,0x6e,0x20,0x66,0x61,0x75,
	0x6c,0x74,0x00,0x75,0x6e,0x6b,0x6e,0x6f,0x77,0x6e,0x20,0x36,0x33,0x00,0x01,0x35,
	0x4d,0x65,0x6d,0x6f,0x72,0x79,0x20,0x6c,0x69,0x6d,0x69,0x74,0x65,0x64,0x20,0x74,
	0x6f,0x20,0x25,0x6c,0x6c,0x64,0x4d,0x42,0x0a,0x00,0x01,0x30,0x4d,0x65,0x6d,0x6f,
	0x72,0x79,0x20,0x4c,0x69,0x6d,0x69,0x74,0x3a,0x20,0x25,0x6c,0x6c,0x75,0x20,0x4d,
	0x42,0x0a,0x00,0x01,0x30,0x4d,0x65,0x6d,0x6f,0x72,0x79,0x20,0x4c,0x69,0x6d,0x69,
	0x74,0x3a,0x20,0x6e,0x6f,0x6e,0x65,0x0a,0x00,0x6c,0x69,0x6e,0x75,0x78,0x2c,0x75,
	0x73,0x61,0x62,0x6c,0x65,0x2d,0x6d,0x65,0x6d,0x6f,0x72,0x79,0x2d,0x72,0x61,0x6e,
	0x67,0x65,0x00,0x69,0x6e,0x69,0x74,0x72,0x64,0x20,0x6e,0x6f,0x74,0x20,0x66,0x75,
	0x6c,0x6c,0x79,0x20,0x61,0x63,0x63,0x65,0x73,0x73,0x69,0x62,0x6c,0x65,0x20,0x76,
	0x69,0x61,0x20,0x74,0x68,0x65,0x20,0x6c,0x69,0x6e,0x65,0x61,0x72,0x20,0x6d,0x61,
	0x70,0x70,0x69,0x6e,0x67,0x20,0x2d,0x2d,0x20,0x70,0x6c,0x65,0x61,0x73,0x65,0x20,
	0x63,0x68,0x65,0x63,0x6b,0x20,0x79,0x6f,0x75,0x72,0x20,0x62,0x6f,0x6f,0x74,0x6c,
	0x6f,0x61,0x64,0x65,0x72,0x20,0x2e,0x2e,0x2e,0x0a,0x00,0x01,0x35,0x56,0x69,0x72,
	0x74,0x75,0x61,0x6c,0x20,0x6b,0x65,0x72,0x6e,0x65,0x6c,0x20,0x6d,0x65,0x6d,0x6f,
	0x72,0x79,0x20,0x6c,0x61,0x79,0x6f,0x75,0x74,0x3a,0x0a,0x00,0x01,0x35,0x20,0x20,
	0x20,0x20,0x6d,0x6f,0x64,0x75,0x6c,0x65,0x73,0x20,0x3a,0x20,0x30,0x78,0x25,0x31,
	0x36,0x6c,0x78,0x20,0x2d,0x20,0x30,0x78,0x25,0x31,0x36,0x6c,0x78,0x20,0x20,0x20,
	0x28,0x25,0x36,0x6c,0x64,0x20,0x4d,0x42,0x29,0x0a,0x00,0x01,0x35,0x20,0x20,0x20,
	0x20,0x76,0x6d,0x61,0x6c,0x6c,0x6f,0x63,0x20,0x3a,0x20,0x30,0x78,0x25,0x31,0x36,
	0x6c,0x78,0x20,0x2d,0x20,0x30,0x78,0x25,0x31,0x36,0x6c,0x78,0x20,0x20,0x20,0x28,
	0x25,0x36,0x6c,0x64,0x20,0x47,0x42,0x29,0x0a,0x00,0x01,0x35,0x20,0x20,0x20,0x20,
	0x20,0x20,0x2e,0x74,0x65,0x78,0x74,0x20,0x3a,0x20,0x30,0x78,0x25,0x70,0x20,0x2d,
	0x20,0x30,0x78,0x25,0x70,0x20,0x20,0x20,0x28,0x25,0x36,0x6c,0x64,0x20,0x4b,0x42,
	0x29,0x0a,0x00,0x01,0x35,0x20,0x20,0x20,0x20,0x2e,0x72,0x6f,0x64,0x61,0x74,0x61,
	0x20,0x3a,0x20,0x30,0x78,0x25,0x70,0x20,0x2d,0x20,0x30,0x78,0x25,0x70,0x20,0x20,
	0x20,0x28,0x25,0x36,0x6c,0x64,0x20,0x4b,0x42,0x29,0x0a,0x00,0x01,0x35,0x20,0x20,
	0x20,0x20,0x20,0x20,0x2e,0x69,0x6e,0x69,0x74,0x20,0x3a,0x20,0x30,0x78,0x25,0x70,
	0x20,0x2d,0x20,0x30,0x78,0x25,0x70,0x20,0x20,0x20,0x28,0x25,0x36,0x6c,0x64,0x20,
	0x4b,0x42,0x29,0x0a,0x00,0x01,0x35,0x20,0x20,0x20,0x20,0x20,0x20,0x2e,0x64,0x61,
	0x74,0x61,0x20,0x3a,0x20,0x30,0x78,0x25,0x70,0x20,0x2d,0x20,0x30,0x78,0x25,0x70,
	0x20,0x20,0x20,0x28,0x25,0x36,0x6c,0x64,0x20,0x4b,0x42,0x29,0x0a,0x00,0x01,0x35,
	0x20,0x20,0x20,0x20,0x20,0x20,0x20,0x2e,0x62,0x73,0x73,0x20,0x3a,0x20,0x30,0x78,
	0x25,0x70,0x20,0x2d,0x20,0x30,0x78,0x25,0x70,0x20,0x20,0x20,0x28,0x25,0x36,0x6c,
	0x64,0x20,0x4b,0x42,0x29,0x0a,0x00,0x01,0x35,0x20,0x20,0x20,0x20,0x66,0x69,0x78,
	0x65,0x64,0x20,0x20,0x20,0x3a,0x20,0x30,0x78,0x25,0x31,0x36,0x6c,0x78,0x20,0x2d,
	0x20,0x30,0x78,0x25,0x31,0x36,0x6c,0x78,0x20,0x20,0x20,0x28,0x25,0x36,0x6c,0x64,
	0x20,0x4b,0x42,0x29,0x0a,0x00,0x01,0x35,0x20,0x20,0x20,0x20,0x50,0x43,0x49,0x20,
	0x49,0x2f,0x4f,0x20,0x3a,0x20,0x30,0x78,0x25,0x31,0x36,0x6c,0x78,0x20,0x2d,0x20,
	0x30,0x78,0x25,0x31,0x36,0x6c,0x78,0x20,0x20,0x20,0x28,0x25,0x36,0x6c,0x64,0x20,
	0x4d,0x42,0x29,0x0a,0x00,0x01,0x35,0x20,0x20,0x20,0x20,0x76,0x6d,0x65,0x6d,0x6d,
	0x61,0x70,0x20,0x3a,0x20,0x30,0x78,0x25,0x31,0x36,0x6c,0x78,0x20,0x2d,0x20,0x30,
	0x78,0x25,0x31,0x36,0x6c,0x78,0x20,0x20,0x20,0x28,0x25,0x36,0x6c,0x64,0x20,0x47,
	0x42,0x20,0x6d,0x61,0x78,0x69,0x6d,0x75,0x6d,0x29,0x0a,0x00,0x01,0x35,0x20,0x20,
	0x20,0x20,0x20,0x20,0x20,0x20,0x20,0x20,0x20,0x20,0x20,0x20,0x30,0x78,0x25,0x31,
	0x36,0x6c,0x78,0x20,0x2d,0x20,0x30,0x78,0x25,0x31,0x36,0x6c,0x78,0x20,0x20,0x20,
	0x28,0x25,0x36,0x6c,0x64,0x20,0x4d,0x42,0x20,0x61,0x63,0x74,0x75,0x61,0x6c,0x29,
	0x0a,0x00,0x01,0x35,0x20,0x20,0x20,0x20,0x6d,0x65,0x6d,0x6f,0x72,0x79,0x20,0x20,
	0x3a,0x20,0x30,0x78,0x25,0x31,0x36,0x6c,0x78,0x20,0x2d,0x20,0x30,0x78,0x25,0x31,
	0x36,0x6c,0x78,0x20,0x20,0x20,0x28,0x25,0x36,0x6c,0x64,0x20,0x4d,0x42,0x29,0x0a,
	0x00,0x75,0x6e,0x75,0x73,0x65,0x64,0x20,0x6b,0x65,0x72,0x6e,0x65,0x6c,0x00,0x01,
	0x34,0x70,0x6d,0x64,0x20,0x25,0x70,0x20,0x21,0x3d,0x20,0x25,0x70,0x2c,0x20,0x25,
	0x70,0x0a,0x00,0x01,0x34,0x66,0x69,0x78,0x5f,0x74,0x6f,0x5f,0x76,0x69,0x72,0x74,
	0x28,0x46,0x49,0x58,0x5f,0x42,0x54,0x4d,0x41,0x50,0x5f,0x42,0x45,0x47,0x49,0x4e,
	0x29,0x3a,0x20,0x25,0x30,0x38,0x6c,0x78,0x0a,0x00,0x01,0x34,0x66,0x69,0x78,0x5f,
	0x74,0x6f,0x5f,0x76,0x69,0x72,0x74,0x28,0x46,0x49,0x58,0x5f,0x42,0x54,0x4d,0x41,
	0x50,0x5f,0x45,0x4e,0x44,0x29,0x3a,0x20,0x20,0x20,0x25,0x30,0x38,0x6c,0x78,0x0a,
	0x00,0x01,0x34,0x46,0x49,0x58,0x5f,0x42,0x54,0x4d,0x41,0x50,0x5f,0x45,0x4e,0x44,
	0x3a,0x20,0x20,0x20,0x20,0x20,0x20,0x20,0x25,0x64,0x0a,0x00,0x01,0x34,0x46,0x49,
	0x58,0x5f,0x42,0x54,0x4d,0x41,0x50,0x5f,0x42,0x45,0x47,0x49,0x4e,0x3a,0x20,0x20,
	0x20,0x20,0x20,0x25,0x64,0x0a,0x00,0x01,0x34,0x42,0x55,0x47,0x3a,0x20,0x6e,0x6f,
	0x74,0x20,0x75,0x70,0x64,0x61,0x74,0x69,0x6e,0x67,0x20,0x6d,0x61,0x70,0x70,0x69,
	0x6e,0x67,0x20,0x66,0x6f,0x72,0x20,0x25,0x70,0x61,0x20,0x61,0x74,0x20,0x30,0x78,
	0x25,0x30,0x31,0x36,0x6c,0x78,0x20,0x2d,0x20,0x6f,0x75,0x74,0x73,0x69,0x64,0x65,
	0x20,0x6b,0x65,0x72,0x6e,0x65,0x6c,0x20,0x72,0x61,0x6e,0x67,0x65,0x0a,0x00,0x01,
	0x34,0x43,0x50,0x55,0x25,0x64,0x3a,0x20,0x55,0x6e,0x6b,0x6e,0x6f,0x77,0x6e,0x20,
	0x41,0x53,0x49,0x44,0x20,0x73,0x69,0x7a,0x65,0x20,0x28,0x25,0x64,0x29,0x3b,0x20,
	0x61,0x73,0x73,0x75,0x6d,0x69,0x6e,0x67,0x20,0x38,0x2d,0x62,0x69,0x74,0x0a,0x00,
	0x46,0x61,0x69,0x6c,0x65,0x64,0x20,0x74,0x6f,0x20,0x61,0x6c,0x6c,0x6f,0x63,0x61,
	0x74,0x65,0x20,0x62,0x69,0x74,0x6d,0x61,0x70,0x20,0x66,0x6f,0x72,0x20,0x25,0x6c,
	0x75,0x20,0x41,0x53,0x49,0x44,0x73,0x0a,0x00,0x01,0x36,0x41,0x53,0x49,0x44,0x20,
	0x61,0x6c,0x6c,0x6f,0x63,0x61,0x74,0x6f,0x72,0x20,0x69,0x6e,0x69,0x74,0x69,0x61,
	0x6c,0x69,0x73,0x65,0x64,0x20,0x77,0x69,0x74,0x68,0x20,0x25,0x6c,0x75,0x20,0x65,
	0x6e,0x74,0x72,0x69,0x65,0x73,0x0a,0x00,0x01,0x32,0x43,0x50,0x55,0x25,0x64,0x3a,
	0x20,0x73,0x6d,0x61,0x6c,0x6c,0x65,0x72,0x20,0x41,0x53,0x49,0x44,0x20,0x73,0x69,
	0x7a,0x65,0x28,0x25,0x75,0x29,0x20,0x74,0x68,0x61,0x6e,0x20,0x62,0x6f,0x6f,0x74,
	0x20,0x43,0x50,0x55,0x20,0x28,0x25,0x75,0x29,0x0a,0x00,0x70,0x69,0x64,0x3d,0x25,
	0x64,0x20,0x63,0x6f,0x6d,0x6d,0x3d,0x25,0x73,0x20,0x63,0x6c,0x6f,0x6e,0x65,0x5f,
	0x66,0x6c,0x61,0x67,0x73,0x3d,0x25,0x6c,0x78,0x20,0x6f,0x6f,0x6d,0x5f,0x73,0x63,
	0x6f,0x72,0x65,0x5f,0x61,0x64,0x6a,0x3d,0x25,0x68,0x64,0x0a,0x00,0x70,0x69,0x64,
	0x3d,0x25,0x64,0x20,0x6f,0x6c,0x64,0x63,0x6f,0x6d,0x6d,0x3d,0x25,0x73,0x20,0x6e,
	0x65,0x77,0x63,0x6f,0x6d,0x6d,0x3d,0x25,0x73,0x20,0x6f,0x6f,0x6d,0x5f,0x73,0x63,
	0x6f,0x72,0x65,0x5f,0x61,0x64,0x6a,0x3d,0x25,0x68,0x64,0x0a,0x00,0x26,0x73,0x69,
	0x67,0x68,0x61,0x6e,0x64,0x2d,0x3e,0x73,0x69,0x67,0x6e,0x61,0x6c,0x66,0x64,0x5f,
	0x77,0x71,0x68,0x00,0x70,0x69,0x64,0x5f,0x74,0x00,0x63,0x68,0x61,0x72,0x5b,0x31,
	0x36,0x5d,0x00,0x75,0x6e,0x73,0x69,0x67,0x6e,0x65,0x64,0x20,0x6c,0x6f,0x6e,0x67,
	0x00,0x63,0x6c,0x6f,0x6e,0x65,0x5f,0x66,0x6c,0x61,0x67,0x73,0x00,0x6f,0x6f,0x6d,
	0x5f,0x73,0x63,0x6f,0x72,0x65,0x5f,0x61,0x64,0x6a,0x00,0x6f,0x6c,0x64,0x63,0x6f,
	0x6d,0x6d,0x00,0x6e,0x65,0x77,0x63,0x6f,0x6d,0x6d,0x00,0x26,0x6d,0x6d,0x2d,0x3e,
	0x6d,0x6d,0x61,0x70,0x5f,0x73,0x65,0x6d,0x00,0x01,0x31,0x42,0x55,0x47,0x3a,0x20,
	0x42,0x61,0x64,0x20,0x72,0x73,0x73,0x2d,0x63,0x6f,0x75,0x6e,0x74,0x65,0x72,0x20,
	0x73,0x74,0x61,0x74,0x65,0x20,0x6d,0x6d,0x3a,0x25,0x70,0x20,0x69,0x64,0x78,0x3a,
	0x25,0x64,0x20,0x76,0x61,0x6c,0x3a,0x25,0x6c,0x64,0x0a,0x00,0x01,0x31,0x42,0x55,
	0x47,0x3a,0x20,0x6e,0x6f,0x6e,0x2d,0x7a,0x65,0x72,0x6f,0x20,0x6e,0x72,0x5f,0x70,
	0x74,0x65,0x73,0x20,0x6f,0x6e,0x20,0x66,0x72,0x65,0x65,0x69,0x6e,0x67,0x20,0x6d,
	0x6d,0x3a,0x20,0x25,0x6c,0x64,0x0a,0x00,0x01,0x31,0x42,0x55,0x47,0x3a,0x20,0x6e,
	0x6f,0x6e,0x2d,0x7a,0x65,0x72,0x6f,0x20,0x6e,0x72,0x5f,0x70,0x6d,0x64,0x73,0x20,
	0x6f,0x6e,0x20,0x66,0x72,0x65,0x65,0x69,0x6e,0x67,0x20,0x6d,0x6d,0x3a,0x20,0x25,
	0x6c,0x64,0x0a,0x00,0x74,0x61,0x73,0x6b,0x5f,0x73,0x74,0x72,0x75,0x63,0x74,0x00,
	0x66,0x6f,0x72,0x6b,0x3a,0x76,0x6d,0x5f,0x73,0x74,0x61,0x63,0x6b,0x5f,0x63,0x61,
	0x63,0x68,0x65,0x00,0x26,0x73,0x69,0x67,0x2d,0x3e,0x77,0x61,0x69,0x74,0x5f,0x63,
	0x68,0x6c,0x64,0x65,0x78,0x69,0x74,0x00,0x26,0x73,0x69,0x67,0x2d,0x3e,0x63,0x72,
	0x65,0x64,0x5f,0x67,0x75,0x61,0x72,0x64,0x5f,0x6d,0x75,0x74,0x65,0x78,0x00,0x26,
	0x78,0x2d,0x3e,0x77,0x61,0x69,0x74,0x00,0x73,0x69,0x67,0x68,0x61,0x6e,0x64,0x5f,
	0x63,0x61,0x63,0x68,0x65,0x00,0x73,0x69,0x67,0x6e,0x61,0x6c,0x5f,0x63,0x61,0x63,
	0x68,0x65,0x00,0x66,0x69,0x6c,0x65,0x73,0x5f,0x63,0x61,0x63,0x68,0x65,0x00,0x66,
	0x73,0x5f,0x63,0x61,0x63,0x68,0x65,0x00,0x6d,0x6d,0x5f,0x73,0x74,0x72,0x75,0x63,
	0x74,0x00,0x76,0x6d,0x5f,0x61,0x72,0x65,0x61,0x5f,0x73,0x74,0x72,0x75,0x63,0x74,
	0x00,0x65,0x78,0x65,0x63,0x64,0x6f,0x6d,0x61,0x69,0x6e,0x73,0x00,0x30,0x2d,0x30,
	0x09,0x4c,0x69,0x6e,0x75,0x78,0x20,0x20,0x20,0x20,0x20,0x20,0x20,0x20,0x20,0x20,
	0x20,0x09,0x5b,0x6b,0x65,0x72,0x6e,0x65,0x6c,0x5d,0x0a,0x00,0x01,0x34,0x44,0x69,
	0x73,0x61,0x62,0x6c,0x69,0x6e,0x67,0x20,0x6c,0x6f,0x63,0x6b,0x20,0x64,0x65,0x62,
	0x75,0x67,0x67,0x69,0x6e,0x67,0x20,0x64,0x75,0x65,0x20,0x74,0x6f,0x20,0x6b,0x65,
	0x72,0x6e,0x65,0x6c,0x20,0x74,0x61,0x69,0x6e,0x74,0x0a,0x00,0x01,0x30,0x4b,0x65,
	0x72,0x6e,0x65,0x6c,0x20,0x70,0x61,0x6e,0x69,0x63,0x20,0x2d,0x20,0x6e,0x6f,0x74,
	0x20,0x73,0x79,0x6e,0x63,0x69,0x6e,0x67,0x3a,0x20,0x25,0x73,0x0a,0x00,0x01,0x30,
	0x52,0x65,0x62,0x6f,0x6f,0x74,0x69,0x6e,0x67,0x20,0x69,0x6e,0x20,0x25,0x64,0x20,
	0x73,0x65,0x63,0x6f,0x6e,0x64,0x73,0x2e,0x2e,0x0a,0x00,0x01,0x30,0x2d,0x2d,0x2d,
	0x5b,0x20,0x65,0x6e,0x64,0x20,0x4b,0x65,0x72,0x6e,0x65,0x6c,0x20,0x70,0x61,0x6e,
	0x69,0x63,0x20,0x2d,0x20,0x6e,0x6f,0x74,0x20,0x73,0x79,0x6e,0x63,0x69,0x6e,0x67,
	0x3a,0x20,0x25,0x73,0x0a,0x00,0x73,0x74,0x61,0x63,0x6b,0x2d,0x70,0x72,0x6f,0x74,
	0x65,0x63,0x74,0x6f,0x72,0x3a,0x20,0x4b,0x65,0x72,0x6e,0x65,0x6c,0x20,0x73,0x74,
	0x61,0x63,0x6b,0x20,0x69,0x73,0x20,0x63,0x6f,0x72,0x72,0x75,0x70,0x74,0x65,0x64,
	0x20,0x69,0x6e,0x3a,0x20,0x25,0x70,0x0a,0x00,0x54,0x61,0x69,0x6e,0x74,0x65,0x64,
	0x3a,0x20,0x00,0x4e,0x6f,0x74,0x20,0x74,0x61,0x69,0x6e,0x74,0x65,0x64,0x00,0x01,
	0x34,0x2d,0x2d,0x2d,0x5b,0x20,0x65,0x6e,0x64,0x20,0x74,0x72,0x61,0x63,0x65,0x20,
	0x25,0x30,0x31,0x36,0x6c,0x6c,0x78,0x20,0x5d,0x2d,0x2d,0x2d,0x0a,0x00,0x01,0x34,
	0x2d,0x2d,0x2d,0x2d,0x2d,0x2d,0x2d,0x2d,0x2d,0x2d,0x2d,0x2d,0x5b,0x20,0x63,0x75,
	0x74,0x20,0x68,0x65,0x72,0x65,0x20,0x5d,0x2d,0x2d,0x2d,0x2d,0x2d,0x2d,0x2d,0x2d,
	0x2d,0x2d,0x2d,0x2d,0x0a,0x00,0x01,0x34,0x57,0x41,0x52,0x4e,0x49,0x4e,0x47,0x3a,
	0x20,0x43,0x50,0x55,0x3a,0x20,0x25,0x64,0x20,0x50,0x49,0x44,0x3a,0x20,0x25,0x64,
	0x20,0x61,0x74,0x20,0x25,0x73,0x3a,0x25,0x64,0x20,0x25,0x70,0x53,0x0a,0x00,0x01,
	0x34,0x57,0x41,0x52,0x4e,0x49,0x4e,0x47,0x3a,0x20,0x43,0x50,0x55,0x3a,0x20,0x25,
	0x64,0x20,0x50,0x49,0x44,0x3a,0x20,0x25,0x64,0x20,0x61,0x74,0x20,0x25,0x70,0x53,
	0x0a,0x00,0x70,0x61,0x6e,0x69,0x63,0x5f,0x6f,0x6e,0x5f,0x77,0x61,0x72,0x6e,0x20,
	0x73,0x65,0x74,0x20,0x2e,0x2e,0x2e,0x0a,0x00,0x63,0x70,0x75,0x3a,0x20,0x25,0x30,
	0x34,0x75,0x20,0x74,0x61,0x72,0x67,0x65,0x74,0x3a,0x20,0x25,0x33,0x64,0x20,0x73,
	0x74,0x65,0x70,0x3a,0x20,0x25,0x33,0x64,0x20,0x28,0x25,0x70,0x66,0x29,0x0a,0x00,
	0x20,0x63,0x70,0x75,0x3a,0x20,0x25,0x30,0x34,0x75,0x20,0x20,0x73,0x74,0x61,0x74,
	0x65,0x3a,0x20,0x25,0x33,0x64,0x20,0x73,0x74,0x65,0x70,0x3a,0x20,0x25,0x33,0x64,
	0x20,0x72,0x65,0x74,0x3a,0x20,0x25,0x64,0x0a,0x00,0x25,0x33,0x64,0x3a,0x20,0x25,
	0x73,0x0a,0x00,0x75,0x6e,0x73,0x69,0x67,0x6e,0x65,0x64,0x20,0x69,0x6e,0x74,0x00,
	0x66,0x75,0x6e,0x00,0x55,0x6e,0x62,0x61,0x6c,0x61,0x6e,0x63,0x65,0x64,0x20,0x63,
	0x70,0x75,0x20,0x68,0x6f,0x74,0x70,0x6c,0x75,0x67,0x20,0x65,0x6e,0x61,0x62,0x6c,
	0x65,0x0a,0x00,0x45,0x72,0x72,0x6f,0x72,0x3a,0x20,0x52,0x65,0x6d,0x6f,0x76,0x69,
	0x6e,0x67,0x20,0x73,0x74,0x61,0x74,0x65,0x20,0x25,0x64,0x20,0x77,0x68,0x69,0x63,
	0x68,0x20,0x68,0x61,0x73,0x20,0x69,0x6e,0x73,0x74,0x61,0x6e,0x63,0x65,0x73,0x20,
	0x6c,0x65,0x66,0x74,0x2e,0x0a,0x00,0x4e,0x6f,0x20,0x6d,0x6f,0x72,0x65,0x20,0x64,
	0x79,0x6e,0x61,0x6d,0x69,0x63,0x20,0x73,0x74,0x61,0x74,0x65,0x73,0x20,0x61,0x76,
},
{
	0x69,0x72,0x71,0x31,0x2c,0x69,0x72,0x71,0x00,0x46,0x61,0x69,0x6c,0x65,0x64,0x20,
	0x74,0x6f,0x20,0x67,0x65,0x74,0x20,0x69,0x72,0x71,0x31,0x20,0x45,0x49,0x43,0x0a,
	0x00,0x67,0x78,0x79,0x2c,0x46,0x61,0x69,0x6c,0x65,0x64,0x20,0x74,0x6f,0x20,0x74,
	0x72,0x61,0x6e,0x73,0x6c,0x61,0x74,0x65,0x20,0x47,0x50,0x49,0x4f,0x20,0x74,0x6f,
	0x20,0x49,0x52,0x51,0x0a,0x00,0x6d,0x69,0x72,0x33,0x64,0x61,0x5f,0x69,0x72,0x71,
	0x31,0x00,0x01,0x33,0x5b,0x67,0x78,0x79,0x5d,0x20,0x25,0x73,0x3a,0x20,0x69,0x32,
	0x63,0x20,0x66,0x75,0x6e,0x63,0x74,0x69,0x6f,0x6e,0x20,0x6e,0x6f,0x74,0x20,0x73,
	0x75,0x70,0x70,0x6f,0x72,0x74,0x21,0x0a,0x0a,0x00,0x01,0x33,0x5b,0x67,0x78,0x79,
	0x5d,0x20,0x49,0x6e,0x73,0x74,0x61,0x6c,0x6c,0x20,0x6f,0x70,0x73,0x20,0x66,0x61,
	0x69,0x6c,0x65,0x64,0x20,0x21,0x0a,0x0a,0x00,0x6d,0x69,0x72,0x33,0x64,0x61,0x20,
	0x63,0x68,0x69,0x70,0x5f,0x69,0x64,0x3d,0x25,0x78,0x2c,0x72,0x65,0x73,0x75,0x6c,
	0x74,0x3d,0x25,0x64,0x0a,0x00,0x01,0x33,0x5b,0x67,0x78,0x79,0x5d,0x20,0x63,0x68,
	0x69,0x70,0x20,0x69,0x6e,0x69,0x74,0x20,0x66,0x61,0x69,0x6c,0x65,0x64,0x20,0x21,
	0x0a,0x0a,0x00,0x26,0x6d,0x69,0x72,0x33,0x64,0x61,0x2d,0x3e,0x65,0x6e,0x61,0x62,
	0x6c,0x65,0x5f,0x6d,0x75,0x74,0x65,0x78,0x00,0x01,0x33,0x5b,0x67,0x78,0x79,0x5d,
	0x20,0x61,0x6c,0x6c,0x6f,0x63,0x20,0x70,0x6f,0x6c,0x6c,0x20,0x64,0x65,0x76,0x69,
	0x63,0x65,0x20,0x66,0x61,0x69,0x6c,0x65,0x64,0x21,0x0a,0x0a,0x00,0x61,0x63,0x63,
	0x65,0x6c,0x65,0x72,0x6f,0x6d,0x65,0x74,0x65,0x72,0x00,0x01,0x33,0x5b,0x67,0x78,
	0x79,0x5d,0x20,0x72,0x65,0x67,0x69,0x73,0x74,0x65,0x72,0x20,0x70,0x6f,0x6c,0x6c,
	0x20,0x64,0x65,0x76,0x69,0x63,0x65,0x20,0x66,0x61,0x69,0x6c,0x65,0x64,0x21,0x0a,
	0x0a,0x00,0x01,0x33,0x25,0x73,0x3a,0x20,0x63,0x61,0x6e,0x27,0x74,0x20,0x61,0x6c,
	0x6c,0x6f,0x63,0x61,0x74,0x65,0x20,0x64,0x65,0x76,0x69,0x63,0x65,0x21,0x0a,0x00,
	0x73,0x74,0x65,0x70,0x5f,0x63,0x6f,0x75,0x6e,0x74,0x65,0x72,0x00,0x01,0x33,0x25,
	0x73,0x3a,0x20,0x63,0x61,0x6e,0x27,0x74,0x20,0x72,0x65,0x67,0x69,0x73,0x74,0x65,
	0x72,0x20,0x64,0x65,0x76,0x69,0x63,0x65,0x21,0x0a,0x00,0x01,0x33,0x5b,0x67,0x78,
	0x79,0x5d,0x20,0x63,0x72,0x65,0x61,0x74,0x65,0x20,0x64,0x65,0x76,0x69,0x63,0x65,
	0x20,0x66,0x69,0x6c,0x65,0x20,0x66,0x61,0x69,0x6c,0x65,0x64,0x21,0x0a,0x0a,0x00,
	0x01,0x33,0x5b,0x67,0x78,0x79,0x5d,0x20,0x25,0x73,0x3a,0x20,0x6d,0x69,0x72,0x33,
	0x64,0x61,0x5f,0x64,0x65,0x76,0x20,0x72,0x65,0x67,0x69,0x73,0x74,0x65,0x72,0x20,
	0x66,0x61,0x69,0x6c,0x65,0x64,0x0a,0x00,0x78,0x72,0x2d,0x67,0x73,0x65,0x6e,0x73,
	0x6f,0x72,0x00,0x01,0x33,0x5b,0x67,0x78,0x79,0x5d,0x20,0x46,0x61,0x69,0x6c,0x65,
	0x64,0x20,0x74,0x6f,0x20,0x63,0x72,0x65,0x61,0x74,0x65,0x20,0x63,0x6c,0x61,0x73,
	0x73,0x28,0x78,0x72,0x2d,0x67,0x73,0x65,0x6e,0x73,0x6f,0x72,0x29,0x21,0x0a,0x0a,
	0x00,0x01,0x33,0x5b,0x67,0x78,0x79,0x5d,0x20,0x46,0x61,0x69,0x6c,0x65,0x64,0x20,
	0x74,0x6f,0x20,0x63,0x72,0x65,0x61,0x74,0x65,0x20,0x64,0x65,0x76,0x69,0x63,0x65,
	0x28,0x67,0x73,0x65,0x6e,0x73,0x6f,0x72,0x5f,0x63,0x6d,0x64,0x5f,0x64,0x65,0x76,
	0x29,0x21,0x0a,0x0a,0x00,0x01,0x33,0x5b,0x67,0x78,0x79,0x5d,0x20,0x46,0x61,0x69,
	0x6c,0x65,0x64,0x20,0x74,0x6f,0x20,0x63,0x72,0x65,0x61,0x74,0x65,0x20,0x64,0x65,
	0x76,0x69,0x63,0x65,0x20,0x66,0x69,0x6c,0x65,0x28,0x25,0x73,0x29,0x21,0x0a,0x0a,
	0x00,0x01,0x33,0x67,0x78,0x79,0x2c,0x66,0x62,0x5f,0x72,0x65,0x67,0x69,0x73,0x74,
	0x65,0x72,0x5f,0x63,0x6c,0x69,0x65,0x6e,0x74,0x20,0x66,0x61,0x69,0x6c,0x65,0x64,
	0x3a,0x20,0x25,0x64,0x0a,0x00,0x6d,0x69,0x72,0x33,0x64,0x61,0x00,0x69,0x72,0x71,
	0x31,0x65,0x6e,0x61,0x62,0x6c,0x65,0x00,0x67,0x73,0x65,0x6e,0x73,0x6f,0x72,0x6e,
	0x61,0x6d,0x65,0x00,0x70,0x72,0x69,0x6d,0x61,0x72,0x79,0x5f,0x6f,0x66,0x66,0x73,
	0x65,0x74,0x00,0x64,0x65,0x6c,0x61,0x79,0x5f,0x61,0x63,0x63,0x00,0x64,0x69,0x72,
	0x65,0x63,0x74,0x69,0x6f,0x6e,0x5f,0x72,0x65,0x6d,0x61,0x70,0x00,0x6c,0x6f,0x67,
	0x5f,0x6c,0x65,0x76,0x65,0x6c,0x00,0x72,0x65,0x67,0x5f,0x64,0x61,0x74,0x61,0x00,
	0x61,0x78,0x69,0x73,0x5f,0x64,0x61,0x74,0x61,0x00,0x73,0x63,0x73,0x65,0x6e,0x73,
	0x6f,0x72,0x00,0x71,0x6d,0x61,0x78,0x39,0x38,0x31,0x00,0x5b,0x67,0x78,0x79,0x5d,
	0x20,0x67,0x78,0x79,0x2c,0x6d,0x69,0x72,0x33,0x64,0x61,0x5f,0x72,0x65,0x67,0x69,
	0x73,0x74,0x65,0x72,0x5f,0x72,0x65,0x61,0x64,0x2c,0x61,0x64,0x64,0x72,0x3d,0x30,
	0x78,0x25,0x30,0x32,0x78,0x2c,0x64,0x61,0x74,0x61,0x3d,0x30,0x78,0x25,0x30,0x32,
	0x78,0x2c,0x72,0x65,0x73,0x3d,0x25,0x64,0x0a,0x0a,0x00,0x2d,0x2d,0x2d,0x2d,0x2d,
	0x2d,0x2d,0x2d,0x2d,0x73,0x74,0x61,0x72,0x74,0x2d,0x2d,0x2d,0x2d,0x2d,0x2d,0x2d,
	0x2d,0x2d,0x00,0x0a,0x25,0x30,0x32,0x78,0x09,0x00,0x25,0x30,0x32,0x58,0x20,0x00,
	0x0a,0x2d,0x2d,0x2d,0x2d,0x2d,0x2d,0x2d,0x2d,0x65,0x6e,0x64,0x2d,0x2d,0x2d,0x2d,
	0x2d,0x2d,0x2d,0x2d,0x2d,0x0a,0x00,0x5b,0x67,0x78,0x79,0x5d,0x20,0x67,0x78,0x79,
	0x2c,0x6d,0x69,0x72,0x33,0x64,0x61,0x5f,0x72,0x65,0x67,0x69,0x73,0x74,0x65,0x72,
	0x5f,0x72,0x65,0x61,0x64,0x5f,0x63,0x6f,0x6e,0x74,0x69,0x6e,0x75,0x6f,0x75,0x73,
	0x6c,0x79,0x2c,0x61,0x64,0x64,0x72,0x3d,0x30,0x78,0x25,0x30,0x32,0x78,0x2c,0x63,
	0x6f,0x75,0x6e,0x74,0x3d,0x25,0x64,0x2c,0x72,0x65,0x73,0x3d,0x25,0x64,0x0a,0x0a,
	0x00,0x5b,0x67,0x78,0x79,0x5d,0x20,0x67,0x78,0x79,0x2c,0x64,0x61,0x74,0x61,0x5b,
	0x25,0x64,0x5d,0x3d,0x30,0x78,0x25,0x30,0x32,0x78,0x0a,0x0a,0x00,0x5b,0x67,0x78,
	0x79,0x5d,0x20,0x69,0x32,0x63,0x20,0x62,0x6c,0x6f,0x63,0x6b,0x20,0x72,0x65,0x61,
	0x64,0x20,0x66,0x61,0x69,0x6c,0x65,0x64,0x0a,0x0a,0x00,0x5b,0x67,0x78,0x79,0x5d,
	0x20,0x6d,0x69,0x72,0x33,0x64,0x61,0x5f,0x72,0x61,0x77,0x3a,0x20,0x78,0x3d,0x25,
	0x64,0x2c,0x20,0x79,0x3d,0x25,0x64,0x2c,0x20,0x7a,0x3d,0x25,0x64,0x0a,0x00,0x5b,
	0x67,0x78,0x79,0x5d,0x20,0x67,0x78,0x79,0x2c,0x6d,0x69,0x72,0x33,0x64,0x61,0x5f,
	0x72,0x65,0x67,0x69,0x73,0x74,0x65,0x72,0x5f,0x77,0x72,0x69,0x74,0x65,0x2c,0x61,
	0x64,0x64,0x72,0x3d,0x30,0x78,0x25,0x30,0x32,0x78,0x2c,0x64,0x61,0x74,0x61,0x3d,
	0x30,0x78,0x25,0x30,0x32,0x78,0x2c,0x72,0x65,0x73,0x3d,0x25,0x64,0x0a,0x0a,0x00,
	0x5b,0x67,0x78,0x79,0x5d,0x20,0x55,0x6e,0x73,0x75,0x70,0x70,0x6f,0x72,0x74,0x20,
	0x6f,0x70,0x65,0x72,0x61,0x74,0x69,0x6f,0x6e,0x20,0x21,0x0a,0x00,0x5b,0x67,0x78,
	0x79,0x5d,0x20,0x6d,0x69,0x72,0x33,0x64,0x61,0x5f,0x72,0x65,0x61,0x64,0x5f,0x73,
	0x74,0x65,0x70,0x20,0x20,0x72,0x65,0x61,0x64,0x20,0x65,0x72,0x72,0x6f,0x72,0x20,
	0x72,0x65,0x73,0x3d,0x20,0x25,0x64,0x0a,0x0a,0x00,0x5b,0x67,0x78,0x79,0x5d,0x20,
	0x67,0x78,0x79,0x2c,0x6d,0x69,0x72,0x33,0x64,0x61,0x5f,0x72,0x65,0x61,0x64,0x5f,
	0x73,0x74,0x65,0x70,0x20,0x20,0x20,0x73,0x74,0x65,0x70,0x5f,0x74,0x65,0x6d,0x70,
	0x5b,0x32,0x5d,0x3d,0x20,0x30,0x78,0x25,0x30,0x32,0x78,0x2c,0x73,0x74,0x65,0x70,
	0x5f,0x74,0x65,0x6d,0x70,0x5b,0x33,0x5d,0x3d,0x20,0x30,0x78,0x25,0x30,0x32,0x78,
	0x2c,0x73,0x74,0x65,0x70,0x5f,0x74,0x65,0x6d,0x70,0x5b,0x34,0x5d,0x3d,0x20,0x30,
	0x78,0x25,0x30,0x32,0x78,0x2c,0x73,0x74,0x65,0x70,0x5f,0x74,0x65,0x6d,0x70,0x5b,
	0x35,0x5d,0x3d,0x20,0x30,0x78,0x25,0x30,0x32,0x78,0x0a,0x0a,0x00,0x5b,0x67,0x78,
	0x79,0x5d,0x20,0x67,0x78,0x79,0x2c,0x6d,0x69,0x72,0x33,0x64,0x61,0x5f,0x72,0x65,
	0x61,0x64,0x5f,0x73,0x74,0x65,0x70,0x20,0x30,0x31,0x20,0x72,0x65,0x61,0x64,0x20,
	0x65,0x72,0x72,0x6f,0x72,0x20,0x72,0x65,0x73,0x3d,0x20,0x25,0x64,0x0a,0x0a,0x00,
	0x5b,0x67,0x78,0x79,0x5d,0x20,0x67,0x78,0x79,0x2c,0x6d,0x69,0x72,0x33,0x64,0x61,
	0x5f,0x72,0x65,0x61,0x64,0x5f,0x73,0x74,0x65,0x70,0x20,0x20,0x72,0x65,0x61,0x64,
	0x20,0x6f,0x6b,0x20,0x2a,0x63,0x6f,0x75,0x6e,0x74,0x3d,0x20,0x25,0x64,0x0a,0x0a,
	0x00,0x5b,0x67,0x78,0x79,0x5d,0x20,0x6d,0x69,0x72,0x33,0x64,0x61,0x5f,0x6d,0x6f,
	0x64,0x75,0x6c,0x65,0x5f,0x64,0x65,0x74,0x65,0x63,0x74,0x0a,0x00,0x5b,0x67,0x78,
	0x79,0x5d,0x20,0x6d,0x69,0x72,0x33,0x64,0x61,0x2c,0x69,0x3d,0x3d,0x3d,0x3d,0x3d,
	0x3d,0x3d,0x3d,0x3d,0x25,0x64,0x0a,0x00,0x5b,0x67,0x78,0x79,0x5d,0x20,0x6d,0x69,
	0x72,0x33,0x64,0x61,0x2c,0x72,0x65,0x73,0x3d,0x3d,0x3d,0x3d,0x3d,0x3d,0x3d,0x3d,
	0x3d,0x25,0x64,0x2c,0x63,0x69,0x64,0x3d,0x25,0x64,0x0a,0x0a,0x00,0x5b,0x67,0x78,
	0x79,0x5d,0x20,0x6d,0x69,0x72,0x33,0x64,0x61,0x2c,0x63,0x69,0x64,0x3d,0x25,0x64,
	0x2c,0x76,0x61,0x6c,0x75,0x65,0x20,0x3d,0x25,0x64,0x0a,0x0a,0x00,0x5b,0x67,0x78,
	0x79,0x5d,0x20,0x6d,0x69,0x72,0x33,0x64,0x61,0x2c,0x6d,0x69,0x64,0x3d,0x3d,0x3d,
	0x3d,0x3d,0x3d,0x3d,0x3d,0x3d,0x25,0x64,0x2c,0x76,0x61,0x6c,0x75,0x65,0x3d,0x25,
	0x64,0x0a,0x00,0x5b,0x67,0x78,0x79,0x5d,0x20,0x6d,0x69,0x72,0x33,0x64,0x61,0x2c,
	0x46,0x6f,0x75,0x6e,0x64,0x20,0x47,0x73,0x65,0x6e,0x73,0x6f,0x72,0x20,0x4d,0x49,
	0x52,0x33,0x44,0x41,0x20,0x21,0x0a,0x00,0x5b,0x67,0x78,0x79,0x5d,0x20,0x52,0x65,
	0x61,0x64,0x20,0x6f,0x66,0x66,0x73,0x65,0x74,0x20,0x66,0x61,0x69,0x6c,0x65,0x64,
	0x20,0x21,0x0a,0x00,0x5b,0x67,0x78,0x79,0x5d,0x20,0x44,0x6f,0x20,0x73,0x6f,0x66,
	0x74,0x72,0x65,0x73,0x65,0x74,0x20,0x66,0x61,0x69,0x6c,0x65,0x64,0x20,0x21,0x0a,
	0x00,0x5b,0x67,0x78,0x79,0x5d,0x20,0x57,0x72,0x69,0x74,0x65,0x20,0x72,0x65,0x67,
	0x69,0x73,0x74,0x65,0x72,0x5b,0x30,0x78,0x25,0x78,0x5d,0x20,0x65,0x72,0x72,0x6f,
	0x72,0x21,0x0a,0x00,0x5b,0x67,0x78,0x79,0x5d,0x20,0x69,0x72,0x71,0x20,0x69,0x6e,
	0x69,0x74,0x20,0x65,0x72,0x72,0x6f,0x72,0x0a,0x00,0x5b,0x67,0x78,0x79,0x5d,0x20,
	0x69,0x72,0x71,0x20,0x69,0x6e,0x69,0x74,0x20,0x6f,0x6b,0x0a,0x00,0x5b,0x67,0x78,
	0x79,0x5d,0x20,0x43,0x61,0x6e,0x27,0x74,0x20,0x70,0x61,0x72,0x73,0x65,0x20,0x4d,
	0x69,0x72,0x33,0x64,0x61,0x20,0x67,0x73,0x65,0x6e,0x73,0x6f,0x72,0x20,0x63,0x68,
	0x69,0x70,0x69,0x6e,0x66,0x6f,0x21,0x21,0x0a,0x00,0x5b,0x67,0x78,0x79,0x5d,0x20,
	0x73,0x74,0x65,0x70,0x20,0x63,0x6f,0x75,0x6e,0x74,0x20,0x69,0x6e,0x69,0x74,0x20,
	0x66,0x61,0x69,0x6c,0x21,0x21,0x0a,0x0a,0x00,0x5b,0x67,0x78,0x79,0x5d,0x20,0x67,
	0x73,0x65,0x6e,0x73,0x6f,0x72,0x5f,0x6d,0x6f,0x64,0x3d,0x25,0x64,0x0a,0x0a,0x00,
	0x5b,0x67,0x78,0x79,0x5d,0x20,0x43,0x61,0x6e,0x27,0x74,0x20,0x66,0x69,0x6e,0x64,
	0x20,0x4d,0x69,0x72,0x33,0x64,0x61,0x20,0x67,0x73,0x65,0x6e,0x73,0x6f,0x72,0x21,
	0x21,0x2c,0x72,0x65,0x73,0x3d,0x25,0x64,0x0a,0x00,0x5b,0x67,0x78,0x79,0x5d,0x20,
	0x50,0x72,0x6f,0x62,0x65,0x20,0x67,0x73,0x65,0x6e,0x73,0x6f,0x72,0x20,0x6d,0x6f,
	0x64,0x75,0x6c,0x65,0x3a,0x20,0x25,0x73,0x0a,0x00,0x5b,0x67,0x78,0x79,0x5d,0x20,
	0x63,0x68,0x69,0x70,0x20,0x72,0x65,0x73,0x75,0x6d,0x65,0x20,0x66,0x61,0x69,0x6c,
	0x21,0x21,0x0a,0x0a,0x00,0x01,0x36,0x6d,0x69,0x72,0x33,0x64,0x61,0x20,0x53,0x54,
	0x45,0x50,0x5f,0x43,0x4f,0x4e,0x46,0x49,0x47,0x31,0x3d,0x30,0x78,0x25,0x30,0x32,
	0x78,0x2c,0x73,0x74,0x65,0x70,0x5f,0x70,0x65,0x61,0x6b,0x5f,0x6c,0x3d,0x25,0x64,
	0x0a,0x00,0x5b,0x67,0x78,0x79,0x5d,0x20,0x6d,0x69,0x72,0x33,0x64,0x61,0x5f,0x73,
	0x74,0x65,0x70,0x5f,0x63,0x6f,0x75,0x6e,0x74,0x5f,0x69,0x6e,0x69,0x74,0x0a,0x00,
	0x5b,0x67,0x78,0x79,0x5d,0x20,0x73,0x74,0x61,0x72,0x74,0x20,0x6d,0x69,0x72,0x33,
	0x64,0x61,0x5f,0x74,0x65,0x6d,0x70,0x5f,0x63,0x61,0x6c,0x69,0x62,0x72,0x61,0x74,
	0x65,0x0a,0x00,0x5b,0x67,0x78,0x79,0x5d,0x20,0x65,0x6e,0x64,0x20,0x6d,0x69,0x72,
	0x33,0x64,0x61,0x5f,0x74,0x65,0x6d,0x70,0x5f,0x63,0x61,0x6c,0x69,0x62,0x72,0x61,
	0x74,0x65,0x20,0x7a,0x5f,0x6f,0x66,0x66,0x73,0x65,0x74,0x3d,0x25,0x64,0x0a,0x00,
	0x5b,0x67,0x78,0x79,0x5d,0x20,0x6d,0x69,0x72,0x33,0x64,0x61,0x5f,0x72,0x65,0x61,
	0x64,0x5f,0x72,0x61,0x77,0x5f,0x64,0x61,0x74,0x61,0x20,0x66,0x61,0x69,0x6c,0x65,
	0x64,0x2c,0x20,0x72,0x73,0x74,0x20,0x3d,0x20,0x25,0x64,0x0a,0x00,0x5b,0x67,0x78,
	0x79,0x5d,0x20,0x6d,0x69,0x72,0x33,0x64,0x61,0x5f,0x72,0x65,0x61,0x64,0x5f,0x64,
	0x61,0x74,0x61,0x3a,0x20,0x78,0x3d,0x25,0x64,0x2c,0x20,0x79,0x3d,0x25,0x64,0x2c,
	0x20,0x7a,0x3d,0x25,0x64,0x0a,0x00,0x62,0x64,0x31,0x38,0x36,0x30,0x00,0x01,0x36,
	0x5b,0x67,0x78,0x79,0x5f,0x62,0x64,0x31,0x38,0x36,0x30,0x5d,0x20,0x25,0x73,0x20,
	0x25,0x64,0x20,0x3a,0x20,0x73,0x74,0x61,0x72,0x74,0x0a,0x00,0x01,0x36,0x5b,0x67,
	0x78,0x79,0x5f,0x62,0x64,0x31,0x38,0x36,0x30,0x5d,0x20,0x25,0x73,0x20,0x25,0x64,
	0x20,0x3a,0x20,0x73,0x74,0x61,0x72,0x74,0x2c,0x20,0x64,0x75,0x74,0x79,0x5f,0x64,
	0x61,0x74,0x61,0x20,0x3d,0x20,0x25,0x64,0x0a,0x00,0x01,0x36,0x5b,0x67,0x78,0x79,
	0x5f,0x62,0x64,0x31,0x38,0x36,0x30,0x5d,0x20,0x25,0x73,0x20,0x25,0x64,0x20,0x3a,
	0x20,0x25,0x73,0x3a,0x20,0x74,0x65,0x6d,0x70,0x31,0x20,0x3d,0x20,0x25,0x64,0x2c,
	0x20,0x74,0x65,0x6d,0x70,0x32,0x20,0x3d,0x20,0x25,0x64,0x2c,0x20,0x74,0x65,0x6d,
	0x70,0x33,0x20,0x3d,0x20,0x25,0x64,0x0a,0x00,0x01,0x36,0x5b,0x67,0x78,0x79,0x5f,
	0x62,0x64,0x31,0x38,0x36,0x30,0x5d,0x20,0x25,0x73,0x20,0x25,0x64,0x20,0x3a,0x20,
	0x63,0x74,0x72,0x6c,0x20,0x69,0x73,0x20,0x71,0x75,0x69,0x74,0x2c,0x20,0x72,0x65,
	0x73,0x75,0x6d,0x65,0x20,0x62,0x64,0x31,0x38,0x36,0x30,0x21,0x0a,0x00,0x01,0x36,
	0x5b,0x67,0x78,0x79,0x5f,0x62,0x64,0x31,0x38,0x36,0x30,0x5d,0x20,0x25,0x73,0x20,
	0x25,0x64,0x20,0x3a,0x20,0x63,0x74,0x72,0x6c,0x20,0x69,0x73,0x20,0x73,0x74,0x61,
	0x72,0x74,0x2c,0x20,0x73,0x75,0x73,0x70,0x65,0x6e,0x64,0x20,0x62,0x64,0x31,0x38,
	0x36,0x30,0x21,0x0a,0x00,0x01,0x36,0x5b,0x67,0x78,0x79,0x5f,0x62,0x64,0x31,0x38,
	0x36,0x30,0x5d,0x20,0x25,0x73,0x20,0x25,0x64,0x20,0x3a,0x20,0x25,0x73,0x3a,0x20,
	0x73,0x74,0x61,0x72,0x74,0x2c,0x20,0x76,0x61,0x6c,0x20,0x3d,0x20,0x30,0x78,0x25,
	0x30,0x32,0x78,0x2c,0x20,0x68,0x72,0x5f,0x69,0x73,0x5f,0x65,0x6e,0x61,0x62,0x6c,
	0x65,0x20,0x3d,0x20,0x25,0x64,0x0a,0x00,0x01,0x36,0x5b,0x67,0x78,0x79,0x5f,0x62,
	0x64,0x31,0x38,0x36,0x30,0x5d,0x20,0x25,0x73,0x20,0x25,0x64,0x20,0x3a,0x20,0x63,
	0x74,0x72,0x6c,0x20,0x69,0x73,0x20,0x65,0x6e,0x61,0x62,0x6c,0x65,0x64,0x2c,0x20,
	0x64,0x69,0x73,0x61,0x62,0x6c,0x65,0x20,0x69,0x74,0x2e,0x2e,0x2e,0x0a,0x00,0x01,
	0x36,0x5b,0x67,0x78,0x79,0x5f,0x62,0x64,0x31,0x38,0x36,0x30,0x5d,0x20,0x25,0x73,
	0x20,0x25,0x64,0x20,0x3a,0x20,0x65,0x63,0x68,0x6f,0x20,0x65,0x72,0x72,0x6f,0x72,
	0x0a,0x00,0x01,0x36,0x5b,0x67,0x78,0x79,0x5f,0x62,0x64,0x31,0x38,0x36,0x30,0x5d,
	0x20,0x25,0x73,0x20,0x25,0x64,0x20,0x3a,0x20,0x63,0x74,0x72,0x6c,0x20,0x69,0x73,
	0x20,0x65,0x6e,0x61,0x62,0x6c,0x65,0x64,0x2c,0x20,0x72,0x65,0x74,0x75,0x72,0x6e,
	0x2e,0x2e,0x2e,0x0a,0x00,0x01,0x36,0x5b,0x67,0x78,0x79,0x5f,0x62,0x64,0x31,0x38,
	0x36,0x30,0x5d,0x20,0x25,0x73,0x20,0x25,0x64,0x20,0x3a,0x20,0x73,0x74,0x61,0x72,
	0x74,0x2c,0x20,0x2d,0x2d,0x2d,0x2d,0x2d,0x2d,0x2d,0x2d,0x2d,0x2d,0x2d,0x2d,0x2d,
	0x2d,0x2d,0x2d,0x2d,0x2d,0x2d,0x0a,0x00,0x67,0x78,0x79,0x5f,0x62,0x64,0x31,0x38,
	0x36,0x30,0x2c,0x20,0x66,0x75,0x6e,0x63,0x3d,0x25,0x73,0x2c,0x20,0x6c,0x69,0x6e,
	0x65,0x3d,0x25,0x64,0x2c,0x20,0x69,0x52,0x65,0x74,0x20,0x3d,0x20,0x25,0x64,0x2c,
	0x20,0x74,0x65,0x73,0x74,0x5f,0x6b,0x69,0x6e,0x64,0x73,0x20,0x3d,0x20,0x25,0x64,
	0x2c,0x20,0x62,0x64,0x5f,0x64,0x61,0x74,0x61,0x5f,0x72,0x65,0x73,0x75,0x6c,0x74,
	0x5b,0x25,0x64,0x5d,0x20,0x3d,0x20,0x25,0x64,0x0a,0x00,0x01,0x33,0x5b,0x67,0x78,
	0x79,0x5f,0x62,0x64,0x31,0x38,0x36,0x30,0x5d,0x20,0x25,0x73,0x20,0x25,0x64,0x20,
	0x3a,0x20,0x67,0x5f,0x62,0x64,0x31,0x38,0x36,0x30,0x5f,0x64,0x61,0x74,0x61,0x20,
	0x6f,0x72,0x20,0x63,0x6c,0x69,0x65,0x6e,0x74,0x20,0x69,0x73,0x20,0x4e,0x55,0x4c,
	0x4c,0x0a,0x00,0x01,0x33,0x5b,0x67,0x78,0x79,0x5f,0x62,0x64,0x31,0x38,0x36,0x30,
	0x5d,0x20,0x25,0x73,0x20,0x25,0x64,0x20,0x3a,0x20,0x69,0x32,0x63,0x5f,0x74,0x72,
	0x61,0x6e,0x73,0x66,0x65,0x72,0x20,0x6c,0x6f,0x6e,0x67,0x20,0x72,0x65,0x61,0x64,
	0x20,0x65,0x72,0x72,0x6f,0x72,0x20,0x25,0x64,0x2c,0x20,0x72,0x65,0x63,0x6f,0x76,
	0x65,0x72,0x69,0x6e,0x67,0x20,0x70,0x68,0x79,0x73,0x69,0x63,0x61,0x6c,0x20,0x62,
	0x75,0x73,0x2e,0x2e,0x2e,0x0a,0x00,0x01,0x33,0x5b,0x67,0x78,0x79,0x5f,0x62,0x64,
	0x31,0x38,0x36,0x30,0x5d,0x20,0x25,0x73,0x20,0x25,0x64,0x20,0x3a,0x20,0x63,0x72,
	0x69,0x74,0x69,0x63,0x61,0x6c,0x20,0x66,0x61,0x69,0x6c,0x65,0x64,0x20,0x74,0x6f,
	0x20,0x72,0x65,0x61,0x64,0x20,0x6c,0x6f,0x6e,0x67,0x20,0x50,0x50,0x47,0x20,0x70,
	0x61,0x79,0x6c,0x6f,0x61,0x64,0x20,0x66,0x72,0x6f,0x6d,0x20,0x42,0x44,0x31,0x38,
	0x36,0x30,0x20,0x28,0x72,0x65,0x74,0x3a,0x20,0x25,0x64,0x29,0x0a,0x00,0x01,0x33,
	0x5b,0x67,0x78,0x79,0x5f,0x62,0x64,0x31,0x38,0x36,0x30,0x5d,0x20,0x25,0x73,0x20,
	0x25,0x64,0x20,0x3a,0x20,0x69,0x32,0x63,0x5f,0x74,0x72,0x61,0x6e,0x73,0x66,0x65,
	0x72,0x20,0x6c,0x6f,0x6e,0x67,0x20,0x77,0x72,0x69,0x74,0x65,0x20,0x65,0x72,0x72,
	0x6f,0x72,0x20,0x25,0x64,0x2c,0x20,0x72,0x65,0x63,0x6f,0x76,0x65,0x72,0x69,0x6e,
	0x67,0x20,0x70,0x68,0x79,0x73,0x69,0x63,0x61,0x6c,0x20,0x62,0x75,0x73,0x2e,0x2e,
	0x2e,0x0a,0x00,0x01,0x33,0x5b,0x67,0x78,0x79,0x5f,0x62,0x64,0x31,0x38,0x36,0x30,
	0x5d,0x20,0x25,0x73,0x20,0x25,0x64,0x20,0x3a,0x20,0x63,0x72,0x69,0x74,0x69,0x63,
	0x61,0x6c,0x20,0x66,0x61,0x69,0x6c,0x65,0x64,0x20,0x74,0x6f,0x20,0x77,0x72,0x69,
	0x74,0x65,0x20,0x6c,0x6f,0x6e,0x67,0x20,0x70,0x61,0x79,0x6c,0x6f,0x61,0x64,0x20,
	0x74,0x6f,0x20,0x42,0x44,0x31,0x38,0x36,0x30,0x20,0x28,0x72,0x65,0x74,0x3a,0x20,
	0x25,0x64,0x29,0x0a,0x00,0x01,0x36,0x5b,0x67,0x78,0x79,0x5f,0x62,0x64,0x31,0x38,
	0x36,0x30,0x5d,0x20,0x25,0x73,0x20,0x25,0x64,0x20,0x3a,0x20,0x77,0x72,0x69,0x74,
	0x65,0x20,0x74,0x65,0x73,0x74,0x2c,0x20,0x72,0x65,0x73,0x20,0x3d,0x20,0x25,0x64,
	0x2c,0x20,0x72,0x65,0x67,0x20,0x3d,0x20,0x30,0x78,0x25,0x78,0x2c,0x20,0x64,0x61,
	0x74,0x61,0x20,0x3d,0x20,0x30,0x78,0x25,0x78,0x0a,0x00,0x01,0x36,0x5b,0x67,0x78,
	0x79,0x5f,0x62,0x64,0x31,0x38,0x36,0x30,0x5d,0x20,0x25,0x73,0x20,0x25,0x64,0x20,
	0x3a,0x20,0x72,0x65,0x61,0x64,0x20,0x74,0x65,0x73,0x74,0x2c,0x20,0x72,0x65,0x73,
	0x20,0x3d,0x20,0x25,0x64,0x2c,0x20,0x72,0x65,0x67,0x76,0x61,0x6c,0x75,0x65,0x20,
	0x3d,0x20,0x30,0x78,0x25,0x78,0x0a,0x00,0x70,0x6f,0x6c,0x6c,0x69,0x6e,0x67,0x2d,
	0x6d,0x6f,0x64,0x65,0x2d,0x74,0x61,0x73,0x6b,0x00,0x62,0x64,0x31,0x38,0x36,0x30,
	0x2c,0x70,0x77,0x72,0x2d,0x67,0x70,0x69,0x6f,0x00,0x01,0x36,0x5b,0x67,0x78,0x79,
	0x5f,0x62,0x64,0x31,0x38,0x36,0x30,0x5d,0x20,0x25,0x73,0x20,0x25,0x64,0x20,0x3a,
	0x20,0x70,0x42,0x64,0x31,0x38,0x36,0x30,0x2d,0x3e,0x70,0x77,0x72,0x5f,0x67,0x70,
	0x69,0x6f,0x5f,0x6e,0x75,0x6d,0x62,0x65,0x72,0x3d,0x3d,0x3d,0x25,0x64,0x0a,0x00,
	0x68,0x72,0x5f,0x70,0x77,0x72,0x5f,0x70,0x69,0x6e,0x00,0x01,0x33,0x5b,0x67,0x78,
	0x79,0x5f,0x62,0x64,0x31,0x38,0x36,0x30,0x5d,0x20,0x25,0x73,0x20,0x25,0x64,0x20,
	0x3a,0x20,0x67,0x70,0x69,0x6f,0x5f,0x72,0x65,0x71,0x75,0x65,0x73,0x74,0x20,0x66,
	0x61,0x69,0x6c,0x2c,0x20,0x70,0x77,0x72,0x5f,0x67,0x70,0x69,0x6f,0x5f,0x6e,0x75,
	0x6d,0x62,0x65,0x72,0x20,0x3d,0x20,0x25,0x64,0x0a,0x00,0x01,0x36,0x5b,0x67,0x78,
	0x79,0x5f,0x62,0x64,0x31,0x38,0x36,0x30,0x5d,0x20,0x25,0x73,0x20,0x25,0x64,0x20,
	0x3a,0x20,0x62,0x64,0x31,0x38,0x36,0x30,0x73,0x74,0x61,0x72,0x74,0x0a,0x00,0x01,
	0x33,0x5b,0x67,0x78,0x79,0x5f,0x62,0x64,0x31,0x38,0x36,0x30,0x5d,0x20,0x25,0x73,
	0x20,0x25,0x64,0x20,0x3a,0x20,0x69,0x32,0x63,0x5f,0x63,0x68,0x65,0x63,0x6b,0x5f,
	0x66,0x75,0x6e,0x63,0x74,0x69,0x6f,0x6e,0x61,0x6c,0x69,0x74,0x79,0x20,0x66,0x61,
	0x69,0x6c,0x0a,0x00,0x01,0x33,0x5b,0x67,0x78,0x79,0x5f,0x62,0x64,0x31,0x38,0x36,
	0x30,0x5d,0x20,0x25,0x73,0x20,0x25,0x64,0x20,0x3a,0x20,0x6b,0x7a,0x61,0x6c,0x6c,
	0x6f,0x63,0x20,0x66,0x61,0x69,0x6c,0x0a,0x00,0x01,0x33,0x5b,0x67,0x78,0x79,0x5f,
	0x62,0x64,0x31,0x38,0x36,0x30,0x5d,0x20,0x25,0x73,0x20,0x25,0x64,0x20,0x3a,0x20,
	0x63,0x6c,0x61,0x73,0x73,0x5f,0x63,0x72,0x65,0x61,0x74,0x65,0x20,0x66,0x61,0x69,
	0x6c,0x0a,0x00,0x01,0x33,0x5b,0x67,0x78,0x79,0x5f,0x62,0x64,0x31,0x38,0x36,0x30,
	0x5d,0x20,0x25,0x73,0x20,0x25,0x64,0x20,0x3a,0x20,0x64,0x65,0x76,0x69,0x63,0x65,
	0x5f,0x63,0x72,0x65,0x61,0x74,0x65,0x20,0x66,0x61,0x69,0x6c,0x0a,0x00,0x01,0x33,
	0x5b,0x67,0x78,0x79,0x5f,0x62,0x64,0x31,0x38,0x36,0x30,0x5d,0x20,0x25,0x73,0x20,
	0x25,0x64,0x20,0x3a,0x20,0x46,0x61,0x69,0x6c,0x65,0x64,0x20,0x74,0x6f,0x20,0x63,
	0x72,0x65,0x61,0x74,0x65,0x20,0x64,0x65,0x76,0x69,0x63,0x65,0x20,0x66,0x69,0x6c,
	0x65,0x28,0x25,0x73,0x29,0x21,0x0a,0x00,0x01,0x36,0x5b,0x67,0x78,0x79,0x5f,0x62,
	0x64,0x31,0x38,0x36,0x30,0x5d,0x20,0x25,0x73,0x20,0x25,0x64,0x20,0x3a,0x20,0x65,
	0x6e,0x64,0x0a,0x00,0x68,0x72,0x65,0x6e,0x61,0x62,0x6c,0x65,0x00,0x68,0x72,0x74,
	0x65,0x73,0x74,0x00,0x01,0x33,0x61,0x73,0x31,0x35,0x30,0x39,0x20,0x5b,0x25,0x73,
	0x3a,0x20,0x25,0x64,0x5d,0x72,0x65,0x6d,0x6f,0x76,0x65,0x20,0x61,0x73,0x31,0x35,
	0x30,0x39,0x20,0x69,0x32,0x63,0x20,0x64,0x72,0x69,0x76,0x65,0x72,0x2e,0x0a,0x0a,
	0x00,0x01,0x33,0x61,0x73,0x31,0x35,0x30,0x39,0x20,0x5b,0x25,0x73,0x3a,0x20,0x25,
	0x64,0x5d,0x61,0x73,0x31,0x35,0x30,0x39,0x5f,0x69,0x32,0x63,0x5f,0x72,0x65,0x6d,
	0x6f,0x76,0x65,0x0a,0x00,0x01,0x33,0x61,0x73,0x31,0x35,0x30,0x39,0x20,0x5b,0x25,
	0x73,0x3a,0x20,0x25,0x64,0x5d,0x64,0x61,0x74,0x61,0x78,0x79,0x7a,0x3d,0x25,0x64,
	0x2c,0x25,0x64,0x2c,0x25,0x64,0x0a,0x0a,0x00,0x01,0x33,0x61,0x73,0x31,0x35,0x30,
	0x39,0x20,0x5b,0x25,0x73,0x3a,0x20,0x25,0x64,0x5d,0x25,0x73,0x3a,0x20,0x73,0x74,
	0x61,0x72,0x74,0x2c,0x20,0x62,0x75,0x66,0x5b,0x30,0x5d,0x20,0x3d,0x20,0x30,0x78,
	0x25,0x78,0x0a,0x0a,0x00,0x01,0x33,0x61,0x73,0x31,0x35,0x30,0x39,0x20,0x5b,0x25,
	0x73,0x3a,0x20,0x25,0x64,0x5d,0x61,0x73,0x31,0x35,0x30,0x39,0x5f,0x69,0x32,0x63,
	0x5f,0x69,0x6e,0x69,0x74,0x0a,0x00,0x01,0x33,0x61,0x73,0x31,0x35,0x30,0x39,0x20,
	0x5b,0x25,0x73,0x3a,0x20,0x25,0x64,0x5d,0x61,0x64,0x64,0x20,0x61,0x73,0x31,0x35,
	0x30,0x39,0x20,0x69,0x32,0x63,0x20,0x64,0x72,0x69,0x76,0x65,0x72,0x20,0x65,0x6e,
	0x64,0x0a,0x0a,0x00,0x5b,0x41,0x53,0x31,0x35,0x30,0x39,0x5d,0x20,0x49,0x32,0x43,
	0x20,0x62,0x6c,0x6f,0x63,0x6b,0x20,0x72,0x65,0x61,0x64,0x20,0x65,0x72,0x72,0x6f,
	0x72,0x20,0x25,0x64,0x2c,0x20,0x72,0x65,0x63,0x6f,0x76,0x65,0x72,0x69,0x6e,0x67,
	0x20,0x70,0x68,0x79,0x73,0x69,0x63,0x61,0x6c,0x20,0x62,0x75,0x73,0x2e,0x2e,0x2e,
},
{
	0x0a,0x00,0x5b,0x25,0x73,0x3a,0x20,0x25,0x64,0x5d,0x20,0x63,0x72,0x69,0x74,0x69,
	0x63,0x61,0x6c,0x20,0x66,0x61,0x69,0x6c,0x65,0x64,0x20,0x74,0x6f,0x20,0x72,0x65,
	0x61,0x64,0x20,0x41,0x53,0x31,0x35,0x30,0x39,0x20,0x28,0x72,0x65,0x67,0x20,0x30,
	0x78,0x25,0x30,0x32,0x78,0x2c,0x20,0x72,0x65,0x74,0x3a,0x20,0x25,0x64,0x29,0x0a,
	0x00,0x01,0x33,0x61,0x73,0x31,0x35,0x30,0x39,0x20,0x5b,0x25,0x73,0x3a,0x20,0x25,
	0x64,0x5d,0x64,0x61,0x74,0x61,0x20,0x69,0x73,0x20,0x6e,0x6f,0x74,0x20,0x72,0x65,
	0x61,0x64,0x79,0x2c,0x73,0x74,0x61,0x74,0x75,0x73,0x20,0x3d,0x20,0x30,0x78,0x25,
	0x30,0x32,0x78,0x0a,0x00,0x5b,0x41,0x53,0x31,0x35,0x30,0x39,0x5d,0x20,0x49,0x32,
	0x43,0x20,0x73,0x69,0x6e,0x67,0x6c,0x65,0x20,0x77,0x72,0x69,0x74,0x65,0x20,0x65,
	0x72,0x72,0x6f,0x72,0x20,0x25,0x64,0x2c,0x20,0x72,0x65,0x63,0x6f,0x76,0x65,0x72,
	0x69,0x6e,0x67,0x20,0x70,0x68,0x79,0x73,0x69,0x63,0x61,0x6c,0x20,0x62,0x75,0x73,
	0x2e,0x2e,0x2e,0x0a,0x00,0x5b,0x25,0x73,0x3a,0x20,0x25,0x64,0x5d,0x20,0x63,0x72,
	0x69,0x74,0x69,0x63,0x61,0x6c,0x20,0x66,0x61,0x69,0x6c,0x65,0x64,0x20,0x74,0x6f,
	0x20,0x77,0x72,0x69,0x74,0x65,0x20,0x41,0x53,0x31,0x35,0x30,0x39,0x20,0x28,0x72,
	0x65,0x67,0x3a,0x20,0x30,0x78,0x25,0x30,0x32,0x78,0x2c,0x20,0x72,0x65,0x74,0x3a,
	0x20,0x25,0x64,0x29,0x0a,0x00,0x01,0x33,0x61,0x73,0x31,0x35,0x30,0x39,0x20,0x5b,
	0x25,0x73,0x3a,0x20,0x25,0x64,0x5d,0x25,0x73,0x3a,0x20,0x72,0x65,0x61,0x64,0x20,
	0x43,0x4e,0x54,0x4c,0x31,0x20,0x66,0x61,0x69,0x6c,0x65,0x64,0x2c,0x20,0x72,0x65,
	0x74,0x3d,0x25,0x64,0x0a,0x00,0x01,0x33,0x61,0x73,0x31,0x35,0x30,0x39,0x20,0x5b,
	0x25,0x73,0x3a,0x20,0x25,0x64,0x5d,0x25,0x73,0x3a,0x20,0x77,0x72,0x69,0x74,0x65,
	0x20,0x43,0x4e,0x54,0x4c,0x31,0x20,0x66,0x61,0x69,0x6c,0x65,0x64,0x2c,0x20,0x72,
	0x65,0x74,0x3d,0x25,0x64,0x0a,0x00,0x01,0x33,0x61,0x73,0x31,0x35,0x30,0x39,0x20,
	0x5b,0x25,0x73,0x3a,0x20,0x25,0x64,0x5d,0x25,0x73,0x3a,0x20,0x72,0x65,0x61,0x64,
	0x20,0x49,0x4e,0x54,0x43,0x4e,0x54,0x4c,0x31,0x20,0x66,0x61,0x69,0x6c,0x65,0x64,
	0x2c,0x20,0x72,0x65,0x74,0x3d,0x25,0x64,0x0a,0x00,0x01,0x33,0x61,0x73,0x31,0x35,
	0x30,0x39,0x20,0x5b,0x25,0x73,0x3a,0x20,0x25,0x64,0x5d,0x25,0x73,0x3a,0x20,0x77,
	0x72,0x69,0x74,0x65,0x20,0x49,0x4e,0x54,0x43,0x4e,0x54,0x4c,0x31,0x28,0x53,0x45,
	0x54,0x29,0x20,0x66,0x61,0x69,0x6c,0x65,0x64,0x2c,0x20,0x72,0x65,0x74,0x3d,0x25,
	0x64,0x0a,0x00,0x01,0x33,0x61,0x73,0x31,0x35,0x30,0x39,0x20,0x5b,0x25,0x73,0x3a,
	0x20,0x25,0x64,0x5d,0x25,0x73,0x3a,0x20,0x77,0x72,0x69,0x74,0x65,0x20,0x49,0x4e,
	0x54,0x43,0x4e,0x54,0x4c,0x31,0x28,0x43,0x4c,0x52,0x29,0x20,0x66,0x61,0x69,0x6c,
	0x65,0x64,0x2c,0x20,0x72,0x65,0x74,0x3d,0x25,0x64,0x0a,0x00,0x01,0x33,0x61,0x73,
	0x31,0x35,0x30,0x39,0x20,0x5b,0x25,0x73,0x3a,0x20,0x25,0x64,0x5d,0x64,0x69,0x73,
	0x61,0x62,0x6c,0x65,0x20,0x49,0x6e,0x74,0x65,0x72,0x72,0x75,0x70,0x74,0x73,0x0a,
	0x00,0x01,0x33,0x61,0x73,0x31,0x35,0x30,0x39,0x20,0x5b,0x25,0x73,0x3a,0x20,0x25,
	0x64,0x5d,0x61,0x73,0x31,0x35,0x30,0x39,0x5f,0x6d,0x69,0x73,0x63,0x3a,0x76,0x61,
	0x6c,0x75,0x65,0x5f,0x78,0x3d,0x25,0x64,0x2c,0x76,0x61,0x6c,0x75,0x65,0x5f,0x79,
	0x3d,0x25,0x64,0x2c,0x76,0x61,0x6c,0x75,0x65,0x5f,0x7a,0x3d,0x25,0x64,0x0a,0x0a,
	0x00,0x01,0x33,0x61,0x73,0x31,0x35,0x30,0x39,0x20,0x5b,0x25,0x73,0x3a,0x20,0x25,
	0x64,0x5d,0x61,0x73,0x31,0x35,0x30,0x39,0x5f,0x6d,0x69,0x73,0x63,0x3a,0x20,0x75,
	0x6e,0x6b,0x6e,0x6f,0x77,0x6e,0x20,0x69,0x6f,0x63,0x74,0x6c,0x20,0x30,0x78,0x25,
	0x78,0x0a,0x00,0x01,0x33,0x61,0x73,0x31,0x35,0x30,0x39,0x20,0x5b,0x25,0x73,0x3a,
	0x20,0x25,0x64,0x5d,0x61,0x73,0x31,0x35,0x30,0x39,0x5f,0x6d,0x69,0x73,0x63,0x3a,
	0x74,0x68,0x72,0x65,0x73,0x68,0x6f,0x6c,0x64,0x3d,0x3d,0x25,0x64,0x2c,0x25,0x64,
	0x2c,0x25,0x64,0x2c,0x25,0x64,0x0a,0x0a,0x00,0x01,0x33,0x61,0x73,0x31,0x35,0x30,
	0x39,0x20,0x5b,0x25,0x73,0x3a,0x20,0x25,0x64,0x5d,0x61,0x73,0x31,0x35,0x30,0x39,
	0x5f,0x6d,0x69,0x73,0x63,0x3a,0x61,0x73,0x31,0x35,0x30,0x39,0x5f,0x64,0x61,0x74,
	0x61,0x2d,0x3e,0x69,0x6e,0x5f,0x78,0x79,0x7a,0x3d,0x3d,0x25,0x64,0x2c,0x25,0x64,
	0x2c,0x25,0x64,0x0a,0x0a,0x00,0x01,0x33,0x61,0x73,0x31,0x35,0x30,0x39,0x20,0x5b,
	0x25,0x73,0x3a,0x20,0x25,0x64,0x5d,0x61,0x73,0x31,0x35,0x30,0x39,0x5f,0x6d,0x69,
	0x73,0x63,0x3a,0x61,0x73,0x31,0x35,0x30,0x39,0x5f,0x64,0x61,0x74,0x61,0x2d,0x3e,
	0x6f,0x75,0x74,0x5f,0x78,0x79,0x7a,0x3d,0x3d,0x25,0x64,0x2c,0x25,0x64,0x2c,0x25,
	0x64,0x0a,0x0a,0x00,0x01,0x33,0x61,0x73,0x31,0x35,0x30,0x39,0x20,0x5b,0x25,0x73,
	0x3a,0x20,0x25,0x64,0x5d,0x61,0x73,0x31,0x35,0x30,0x39,0x5f,0x6d,0x69,0x73,0x63,
	0x3a,0x61,0x73,0x31,0x35,0x30,0x39,0x5f,0x64,0x61,0x74,0x61,0x2d,0x3e,0x66,0x72,
	0x6f,0x6e,0x74,0x5f,0x78,0x79,0x7a,0x3d,0x3d,0x25,0x64,0x2c,0x25,0x64,0x2c,0x25,
	0x64,0x0a,0x0a,0x00,0x01,0x33,0x61,0x73,0x31,0x35,0x30,0x39,0x20,0x5b,0x25,0x73,
	0x3a,0x20,0x25,0x64,0x5d,0x61,0x73,0x31,0x35,0x30,0x39,0x5f,0x6d,0x69,0x73,0x63,
	0x3a,0x61,0x73,0x31,0x35,0x30,0x39,0x5f,0x64,0x61,0x74,0x61,0x2d,0x3e,0x62,0x61,
	0x63,0x6b,0x5f,0x78,0x79,0x7a,0x3d,0x3d,0x25,0x64,0x2c,0x25,0x64,0x2c,0x25,0x64,
	0x0a,0x0a,0x00,0x01,0x33,0x61,0x73,0x31,0x35,0x30,0x39,0x20,0x5b,0x25,0x73,0x3a,
	0x20,0x25,0x64,0x5d,0x72,0x65,0x61,0x64,0x20,0x63,0x68,0x69,0x70,0x20,0x69,0x64,
	0x20,0x66,0x61,0x69,0x6c,0x65,0x64,0x21,0x0a,0x00,0x01,0x33,0x61,0x73,0x31,0x35,
	0x30,0x39,0x20,0x5b,0x25,0x73,0x3a,0x20,0x25,0x64,0x5d,0x6b,0x65,0x79,0x20,0x69,
	0x6e,0x0a,0x00,0x01,0x33,0x61,0x73,0x31,0x35,0x30,0x39,0x20,0x5b,0x25,0x73,0x3a,
	0x20,0x25,0x64,0x5d,0x6b,0x65,0x79,0x20,0x6f,0x75,0x74,0x0a,0x00,0x01,0x33,0x61,
	0x73,0x31,0x35,0x30,0x39,0x20,0x5b,0x25,0x73,0x3a,0x20,0x25,0x64,0x5d,0x6b,0x65,
	0x79,0x20,0x66,0x72,0x6f,0x6e,0x74,0x0a,0x00,0x01,0x33,0x61,0x73,0x31,0x35,0x30,
	0x39,0x20,0x5b,0x25,0x73,0x3a,0x20,0x25,0x64,0x5d,0x6b,0x65,0x79,0x20,0x62,0x61,
	0x63,0x6b,0x0a,0x00,0x01,0x33,0x61,0x73,0x31,0x35,0x30,0x39,0x20,0x5b,0x25,0x73,
	0x3a,0x20,0x25,0x64,0x5d,0x70,0x6f,0x6c,0x6c,0x69,0x6e,0x67,0x3a,0x76,0x61,0x6c,
	0x75,0x65,0x5f,0x78,0x3d,0x25,0x64,0x2c,0x76,0x61,0x6c,0x75,0x65,0x5f,0x79,0x3d,
	0x25,0x64,0x2c,0x76,0x61,0x6c,0x75,0x65,0x5f,0x7a,0x3d,0x25,0x64,0x2c,0x76,0x61,
	0x6c,0x75,0x65,0x5f,0x61,0x6e,0x67,0x6c,0x65,0x3d,0x25,0x64,0x0a,0x00,0x01,0x33,
	0x61,0x73,0x31,0x35,0x30,0x39,0x20,0x5b,0x25,0x73,0x3a,0x20,0x25,0x64,0x5d,0x70,
	0x6f,0x6c,0x6c,0x69,0x6e,0x67,0x3a,0x70,0x6f,0x73,0x69,0x74,0x69,0x6f,0x6e,0x3d,
	0x3d,0x25,0x64,0x0a,0x00,0x01,0x33,0x61,0x73,0x31,0x35,0x30,0x39,0x20,0x5b,0x25,
	0x73,0x3a,0x20,0x25,0x64,0x5d,0x61,0x73,0x31,0x35,0x30,0x39,0x5f,0x6c,0x63,0x64,
	0x5f,0x6e,0x6f,0x74,0x69,0x66,0x69,0x65,0x72,0x5f,0x63,0x62,0x3a,0x20,0x4c,0x43,
	0x44,0x20,0x74,0x75,0x72,0x6e,0x65,0x64,0x20,0x4f,0x4e,0x0a,0x0a,0x00,0x01,0x33,
	0x61,0x73,0x31,0x35,0x30,0x39,0x20,0x5b,0x25,0x73,0x3a,0x20,0x25,0x64,0x5d,0x61,
	0x73,0x31,0x35,0x30,0x39,0x5f,0x6c,0x63,0x64,0x5f,0x6e,0x6f,0x74,0x69,0x66,0x69,
	0x65,0x72,0x5f,0x63,0x62,0x3a,0x20,0x4c,0x43,0x44,0x20,0x74,0x75,0x72,0x6e,0x65,
	0x64,0x20,0x4f,0x46,0x46,0x0a,0x0a,0x00,0x01,0x33,0x61,0x73,0x31,0x35,0x30,0x39,
	0x20,0x5b,0x25,0x73,0x3a,0x20,0x25,0x64,0x5d,0x63,0x74,0x72,0x6c,0x20,0x69,0x73,
	0x20,0x65,0x6e,0x61,0x62,0x6c,0x65,0x64,0x2c,0x20,0x72,0x65,0x74,0x75,0x72,0x6e,
	0x2e,0x2e,0x2e,0x0a,0x0a,0x00,0x01,0x33,0x61,0x73,0x31,0x35,0x30,0x39,0x20,0x5b,
	0x25,0x73,0x3a,0x20,0x25,0x64,0x5d,0x65,0x6e,0x74,0x65,0x72,0x20,0x73,0x75,0x73,
	0x70,0x65,0x6e,0x64,0x65,0x64,0x20,0x73,0x6c,0x6f,0x77,0x20,0x6d,0x6f,0x64,0x65,
	0x2c,0x20,0x63,0x6e,0x74,0x3d,0x25,0x64,0x0a,0x00,0x01,0x33,0x61,0x73,0x31,0x35,
	0x30,0x39,0x20,0x5b,0x25,0x73,0x3a,0x20,0x25,0x64,0x5d,0x69,0x72,0x71,0x3a,0x76,
	0x61,0x6c,0x75,0x65,0x5f,0x78,0x3d,0x25,0x64,0x2c,0x20,0x76,0x61,0x6c,0x75,0x65,
	0x5f,0x79,0x3d,0x25,0x64,0x2c,0x20,0x76,0x61,0x6c,0x75,0x65,0x5f,0x7a,0x3d,0x25,
	0x64,0x2c,0x20,0x70,0x6f,0x73,0x3d,0x25,0x64,0x3a,0x25,0x64,0x0a,0x00,0x01,0x33,
	0x61,0x73,0x31,0x35,0x30,0x39,0x20,0x5b,0x25,0x73,0x3a,0x20,0x25,0x64,0x5d,0x67,
	0x65,0x74,0x20,0x64,0x61,0x74,0x61,0x20,0x66,0x61,0x69,0x6c,0x65,0x64,0x2c,0x20,
	0x72,0x65,0x74,0x3d,0x25,0x64,0x0a,0x00,0x01,0x33,0x61,0x73,0x31,0x35,0x30,0x39,
	0x20,0x5b,0x25,0x73,0x3a,0x20,0x25,0x64,0x5d,0x63,0x74,0x72,0x6c,0x20,0x69,0x73,
	0x20,0x71,0x75,0x69,0x74,0x2c,0x20,0x72,0x65,0x73,0x75,0x6d,0x65,0x20,0x61,0x73,
	0x31,0x35,0x30,0x39,0x21,0x0a,0x0a,0x00,0x01,0x33,0x61,0x73,0x31,0x35,0x30,0x39,
	0x20,0x5b,0x25,0x73,0x3a,0x20,0x25,0x64,0x5d,0x63,0x74,0x72,0x6c,0x20,0x69,0x73,
	0x20,0x73,0x74,0x61,0x72,0x74,0x2c,0x20,0x73,0x75,0x73,0x70,0x65,0x6e,0x64,0x20,
	0x61,0x73,0x31,0x35,0x30,0x39,0x21,0x0a,0x0a,0x00,0x01,0x33,0x61,0x73,0x31,0x35,
	0x30,0x39,0x20,0x5b,0x25,0x73,0x3a,0x20,0x25,0x64,0x5d,0x61,0x73,0x31,0x35,0x30,
	0x39,0x5f,0x69,0x32,0x63,0x5f,0x70,0x72,0x6f,0x62,0x65,0x0a,0x00,0x01,0x33,0x61,
	0x73,0x31,0x35,0x30,0x39,0x20,0x5b,0x25,0x73,0x3a,0x20,0x25,0x64,0x5d,0x25,0x73,
	0x3a,0x20,0x69,0x32,0x63,0x20,0x66,0x75,0x6e,0x63,0x74,0x69,0x6f,0x6e,0x20,0x6e,
	0x6f,0x74,0x20,0x73,0x75,0x70,0x70,0x6f,0x72,0x74,0x21,0x0a,0x0a,0x00,0x01,0x33,
	0x61,0x73,0x31,0x35,0x30,0x39,0x20,0x5b,0x25,0x73,0x3a,0x20,0x25,0x64,0x5d,0x65,
	0x72,0x72,0x6f,0x72,0x3a,0x20,0x6b,0x7a,0x61,0x6c,0x6c,0x6f,0x63,0x20,0x66,0x6f,
	0x72,0x20,0x6b,0x7a,0x61,0x6c,0x6c,0x6f,0x63,0x20,0x66,0x61,0x69,0x6c,0x65,0x64,
	0x21,0x21,0x0a,0x00,0x01,0x33,0x61,0x73,0x31,0x35,0x30,0x39,0x20,0x5b,0x25,0x73,
	0x3a,0x20,0x25,0x64,0x5d,0x25,0x73,0x2c,0x20,0x25,0x64,0x0a,0x0a,0x00,0x76,0x64,
	0x64,0x2d,0x73,0x75,0x70,0x70,0x6c,0x79,0x00,0x01,0x33,0x61,0x73,0x31,0x35,0x30,
	0x39,0x20,0x5b,0x25,0x73,0x3a,0x20,0x25,0x64,0x5d,0x66,0x61,0x69,0x6c,0x20,0x74,
	0x6f,0x20,0x67,0x65,0x74,0x20,0x76,0x64,0x64,0x2d,0x73,0x75,0x70,0x70,0x6c,0x79,
	0x0a,0x0a,0x00,0x01,0x33,0x61,0x73,0x31,0x35,0x30,0x39,0x20,0x5b,0x25,0x73,0x3a,
	0x20,0x25,0x64,0x5d,0x67,0x65,0x74,0x20,0x70,0x6f,0x77,0x65,0x72,0x20,0x73,0x75,
	0x70,0x70,0x6c,0x79,0x20,0x25,0x73,0x20,0x73,0x75,0x63,0x63,0x65,0x65,0x64,0x0a,
	0x0a,0x00,0x61,0x73,0x2c,0x70,0x77,0x72,0x2d,0x67,0x70,0x69,0x6f,0x00,0x01,0x33,
	0x61,0x73,0x31,0x35,0x30,0x39,0x20,0x5b,0x25,0x73,0x3a,0x20,0x25,0x64,0x5d,0x70,
	0x77,0x72,0x5f,0x67,0x70,0x69,0x6f,0x5f,0x6e,0x75,0x6d,0x62,0x65,0x72,0x3d,0x3d,
	0x3d,0x25,0x64,0x0a,0x0a,0x00,0x61,0x73,0x31,0x35,0x30,0x39,0x5f,0x70,0x77,0x72,
	0x00,0x01,0x33,0x61,0x73,0x31,0x35,0x30,0x39,0x20,0x5b,0x25,0x73,0x3a,0x20,0x25,
	0x64,0x5d,0x66,0x61,0x69,0x6c,0x20,0x74,0x6f,0x20,0x67,0x65,0x74,0x20,0x72,0x65,
	0x73,0x65,0x74,0x5f,0x67,0x70,0x69,0x6f,0x5f,0x6e,0x75,0x6d,0x62,0x65,0x72,0x0a,
	0x0a,0x00,0x61,0x73,0x2c,0x69,0x72,0x71,0x2d,0x67,0x70,0x69,0x6f,0x00,0x01,0x33,
	0x61,0x73,0x31,0x35,0x30,0x39,0x20,0x5b,0x25,0x73,0x3a,0x20,0x25,0x64,0x5d,0x69,
	0x72,0x71,0x5f,0x67,0x70,0x69,0x6f,0x5f,0x6e,0x75,0x6d,0x62,0x65,0x72,0x3d,0x3d,
	0x3d,0x25,0x64,0x0a,0x0a,0x00,0x61,0x73,0x31,0x35,0x30,0x39,0x5f,0x69,0x32,0x63,
	0x5f,0x69,0x72,0x71,0x00,0x6b,0x65,0x79,0x2d,0x63,0x6f,0x64,0x65,0x2d,0x75,0x70,
	0x00,0x01,0x33,0x61,0x73,0x31,0x35,0x30,0x39,0x20,0x5b,0x25,0x73,0x3a,0x20,0x25,
	0x64,0x5d,0x46,0x61,0x69,0x6c,0x65,0x64,0x20,0x74,0x6f,0x20,0x67,0x65,0x74,0x20,
	0x69,0x72,0x71,0x5f,0x67,0x70,0x69,0x6f,0x5f,0x6e,0x75,0x6d,0x62,0x65,0x72,0x0a,
	0x0a,0x00,0x6b,0x65,0x79,0x2d,0x63,0x6f,0x64,0x65,0x2d,0x64,0x6f,0x77,0x6e,0x00,
	0x6b,0x65,0x79,0x2d,0x63,0x6f,0x64,0x65,0x2d,0x66,0x72,0x6f,0x6e,0x74,0x00,0x6b,
	0x65,0x79,0x2d,0x63,0x6f,0x64,0x65,0x2d,0x62,0x61,0x63,0x6b,0x00,0x01,0x33,0x61,
	0x73,0x31,0x35,0x30,0x39,0x20,0x5b,0x25,0x73,0x3a,0x20,0x25,0x64,0x5d,0x6f,0x66,
	0x5f,0x70,0x72,0x6f,0x70,0x65,0x72,0x74,0x79,0x5f,0x72,0x65,0x61,0x64,0x5f,0x75,
	0x33,0x32,0x20,0x66,0x61,0x69,0x6c,0x2c,0x75,0x73,0x65,0x20,0x64,0x65,0x66,0x61,
	0x75,0x6c,0x74,0x20,0x63,0x6f,0x64,0x65,0x20,0x25,0x64,0x0a,0x0a,0x00,0x01,0x33,
	0x61,0x73,0x31,0x35,0x30,0x39,0x20,0x5b,0x25,0x73,0x3a,0x20,0x25,0x64,0x5d,0x69,
	0x6e,0x69,0x74,0x20,0x61,0x73,0x31,0x35,0x30,0x39,0x20,0x66,0x61,0x69,0x6c,0x65,
	0x64,0x21,0x0a,0x00,0x01,0x33,0x61,0x73,0x31,0x35,0x30,0x39,0x20,0x5b,0x25,0x73,
	0x3a,0x20,0x25,0x64,0x5d,0x46,0x61,0x69,0x6c,0x65,0x64,0x20,0x74,0x6f,0x20,0x74,
	0x72,0x61,0x6e,0x73,0x6c,0x61,0x74,0x65,0x20,0x47,0x50,0x49,0x4f,0x20,0x74,0x6f,
	0x20,0x49,0x52,0x51,0x0a,0x0a,0x00,0x01,0x33,0x61,0x73,0x31,0x35,0x30,0x39,0x20,
	0x5b,0x25,0x73,0x3a,0x20,0x25,0x64,0x5d,0x61,0x73,0x31,0x35,0x30,0x39,0x5f,0x64,
	0x61,0x74,0x61,0x2d,0x3e,0x68,0x61,0x6c,0x6c,0x5f,0x69,0x72,0x71,0x3d,0x3d,0x25,
	0x64,0x0a,0x0a,0x00,0x61,0x73,0x31,0x35,0x30,0x39,0x5f,0x69,0x72,0x71,0x00,0x01,
	0x33,0x61,0x73,0x31,0x35,0x30,0x39,0x20,0x5b,0x25,0x73,0x3a,0x20,0x25,0x64,0x5d,
	0x69,0x6e,0x70,0x75,0x74,0x5f,0x61,0x6c,0x6c,0x6f,0x63,0x61,0x74,0x65,0x5f,0x64,
	0x65,0x76,0x69,0x63,0x65,0x20,0x66,0x61,0x69,0x6c,0x0a,0x0a,0x00,0x6f,0x63,0x68,
	0x31,0x39,0x37,0x30,0x00,0x01,0x33,0x61,0x73,0x31,0x35,0x30,0x39,0x20,0x5b,0x25,
	0x73,0x3a,0x20,0x25,0x64,0x5d,0x69,0x6e,0x70,0x75,0x74,0x5f,0x72,0x65,0x67,0x69,
	0x73,0x74,0x65,0x72,0x5f,0x64,0x65,0x76,0x69,0x63,0x65,0x20,0x66,0x61,0x69,0x6c,
	0x0a,0x0a,0x00,0x61,0x73,0x31,0x35,0x30,0x39,0x2d,0x77,0x6f,0x72,0x6b,0x2d,0x71,
	0x75,0x65,0x75,0x65,0x00,0x01,0x33,0x61,0x73,0x31,0x35,0x30,0x39,0x20,0x5b,0x25,
	0x73,0x3a,0x20,0x25,0x64,0x5d,0x25,0x73,0x3a,0x20,0x6d,0x69,0x73,0x63,0x5f,0x61,
	0x73,0x31,0x35,0x30,0x39,0x20,0x72,0x65,0x67,0x69,0x73,0x74,0x65,0x72,0x20,0x66,
	0x61,0x69,0x6c,0x65,0x64,0x0a,0x00,0x01,0x33,0x61,0x73,0x31,0x35,0x30,0x39,0x20,
	0x5b,0x25,0x73,0x3a,0x20,0x25,0x64,0x5d,0x46,0x61,0x69,0x6c,0x65,0x64,0x20,0x74,
	0x6f,0x20,0x63,0x72,0x65,0x61,0x74,0x65,0x20,0x63,0x6c,0x61,0x73,0x73,0x28,0x6f,
	0x63,0x68,0x31,0x39,0x37,0x30,0x29,0x0a,0x0a,0x00,0x01,0x33,0x61,0x73,0x31,0x35,
	0x30,0x39,0x20,0x5b,0x25,0x73,0x3a,0x20,0x25,0x64,0x5d,0x46,0x61,0x69,0x6c,0x65,
	0x64,0x20,0x74,0x6f,0x20,0x63,0x72,0x65,0x61,0x74,0x65,0x20,0x64,0x65,0x76,0x69,
	0x63,0x65,0x28,0x6f,0x63,0x68,0x31,0x39,0x37,0x30,0x29,0x0a,0x0a,0x00,0x01,0x33,
	0x61,0x73,0x31,0x35,0x30,0x39,0x20,0x5b,0x25,0x73,0x3a,0x20,0x25,0x64,0x5d,0x5b,
	0x67,0x6f,0x6d,0x74,0x65,0x6c,0x20,0x62,0x65,0x73,0x5d,0x28,0x69,0x6e,0x74,0x29,
	0x28,0x73,0x69,0x7a,0x65,0x6f,0x66,0x28,0x61,0x73,0x31,0x35,0x30,0x39,0x5f,0x61,
	0x74,0x74,0x72,0x5f,0x6c,0x69,0x73,0x74,0x29,0x20,0x2f,0x20,0x73,0x69,0x7a,0x65,
	0x6f,0x66,0x28,0x61,0x73,0x31,0x35,0x30,0x39,0x5f,0x61,0x74,0x74,0x72,0x5f,0x6c,
	0x69,0x73,0x74,0x5b,0x30,0x5d,0x29,0x29,0x20,0x3d,0x20,0x25,0x64,0x0a,0x0a,0x00,
	0x01,0x33,0x61,0x73,0x31,0x35,0x30,0x39,0x20,0x5b,0x25,0x73,0x3a,0x20,0x25,0x64,
	0x5d,0x5b,0x67,0x6f,0x6d,0x74,0x65,0x6c,0x20,0x62,0x65,0x73,0x5d,0x64,0x65,0x76,
	0x69,0x63,0x65,0x5f,0x63,0x72,0x65,0x61,0x74,0x65,0x5f,0x66,0x69,0x6c,0x65,0x20,
	0x28,0x25,0x73,0x29,0x20,0x3d,0x20,0x25,0x64,0x0a,0x0a,0x00,0x61,0x73,0x31,0x35,
	0x30,0x39,0x5f,0x77,0x61,0x6b,0x65,0x6c,0x6f,0x63,0x6b,0x00,0x01,0x33,0x61,0x73,
	0x31,0x35,0x30,0x39,0x20,0x5b,0x25,0x73,0x3a,0x20,0x25,0x64,0x5d,0x61,0x73,0x31,
	0x35,0x30,0x39,0x20,0x6c,0x63,0x64,0x20,0x6e,0x6f,0x74,0x69,0x66,0x69,0x65,0x72,
	0x20,0x72,0x65,0x67,0x69,0x73,0x74,0x65,0x72,0x20,0x66,0x61,0x69,0x6c,0x65,0x64,
	0x3a,0x20,0x25,0x64,0x0a,0x0a,0x00,0x01,0x33,0x61,0x73,0x31,0x35,0x30,0x39,0x20,
	0x5b,0x25,0x73,0x3a,0x20,0x25,0x64,0x5d,0x61,0x73,0x31,0x35,0x30,0x39,0x20,0x6c,
	0x63,0x64,0x20,0x6e,0x6f,0x74,0x69,0x66,0x69,0x65,0x72,0x20,0x72,0x65,0x67,0x69,
	0x73,0x74,0x65,0x72,0x20,0x73,0x75,0x63,0x63,0x65,0x73,0x73,0x21,0x0a,0x0a,0x00,
	0x01,0x33,0x61,0x73,0x31,0x35,0x30,0x39,0x20,0x5b,0x25,0x73,0x3a,0x20,0x25,0x64,
	0x5d,0x25,0x73,0x3a,0x20,0x69,0x6e,0x76,0x61,0x6c,0x69,0x64,0x20,0x69,0x6e,0x70,
	0x75,0x74,0x20,0x27,0x25,0x73,0x27,0x0a,0x00,0x01,0x33,0x61,0x73,0x31,0x35,0x30,
	0x39,0x20,0x5b,0x25,0x73,0x3a,0x20,0x25,0x64,0x5d,0x25,0x73,0x3a,0x20,0x65,0x6e,
	0x61,0x62,0x6c,0x65,0x3d,0x25,0x64,0x0a,0x00,0x01,0x33,0x61,0x73,0x31,0x35,0x30,
	0x39,0x20,0x5b,0x25,0x73,0x3a,0x20,0x25,0x64,0x5d,0x63,0x74,0x72,0x6c,0x20,0x69,
	0x73,0x20,0x65,0x6e,0x61,0x62,0x6c,0x65,0x64,0x2c,0x20,0x64,0x69,0x73,0x61,0x62,
	0x6c,0x65,0x20,0x69,0x74,0x2e,0x2e,0x2e,0x0a,0x0a,0x00,0x01,0x33,0x61,0x73,0x31,
	0x35,0x30,0x39,0x20,0x5b,0x25,0x73,0x3a,0x20,0x25,0x64,0x5d,0x25,0x73,0x3a,0x20,
	0x41,0x53,0x31,0x35,0x30,0x39,0x5f,0x49,0x6e,0x69,0x74,0x20,0x66,0x61,0x69,0x6c,
	0x65,0x64,0x2c,0x20,0x72,0x65,0x74,0x3d,0x25,0x64,0x0a,0x00,0x61,0x73,0x31,0x35,
	0x30,0x39,0x5f,0x69,0x32,0x63,0x00,0x61,0x73,0x31,0x35,0x30,0x39,0x00,0x01,0x36,
	0x5b,0x67,0x78,0x79,0x2d,0x71,0x6d,0x63,0x36,0x33,0x30,0x38,0x2d,0x73,0x65,0x6e,
	0x73,0x6f,0x72,0x5d,0x20,0x25,0x73,0x20,0x25,0x64,0x20,0x3a,0x20,0x73,0x74,0x61,
	0x72,0x74,0x0a,0x00,0x01,0x36,0x5b,0x67,0x78,0x79,0x2d,0x71,0x6d,0x63,0x36,0x33,
	0x30,0x38,0x2d,0x73,0x65,0x6e,0x73,0x6f,0x72,0x5d,0x20,0x25,0x73,0x20,0x25,0x64,
	0x20,0x3a,0x20,0x51,0x4d,0x43,0x36,0x33,0x30,0x38,0x5f,0x6d,0x61,0x67,0x76,0x61,
	0x6c,0x75,0x65,0x5f,0x73,0x74,0x6f,0x72,0x65,0x0a,0x00,0x51,0x4d,0x43,0x36,0x33,
	0x30,0x38,0x5f,0x6d,0x61,0x67,0x64,0x65,0x6c,0x61,0x79,0x5f,0x73,0x74,0x6f,0x72,
	0x65,0x20,0x20,0x20,0x20,0x20,0x0a,0x00,0x01,0x36,0x5b,0x67,0x78,0x79,0x2d,0x71,
	0x6d,0x63,0x36,0x33,0x30,0x38,0x2d,0x73,0x65,0x6e,0x73,0x6f,0x72,0x5d,0x20,0x25,
	0x73,0x20,0x25,0x64,0x20,0x3a,0x20,0x51,0x4d,0x43,0x36,0x33,0x30,0x38,0x5f,0x6d,
	0x61,0x67,0x64,0x65,0x6c,0x61,0x79,0x5f,0x73,0x68,0x6f,0x77,0x0a,0x00,0x71,0x6d,
	0x63,0x36,0x33,0x30,0x38,0x00,0x01,0x36,0x5b,0x67,0x78,0x79,0x2d,0x71,0x6d,0x63,
	0x36,0x33,0x30,0x38,0x2d,0x73,0x65,0x6e,0x73,0x6f,0x72,0x5d,0x20,0x25,0x73,0x20,
	0x25,0x64,0x20,0x3a,0x20,0x25,0x73,0x0a,0x00,0x51,0x4d,0x43,0x36,0x33,0x30,0x38,
	0x5f,0x6d,0x61,0x67,0x64,0x65,0x6c,0x61,0x79,0x5f,0x73,0x74,0x6f,0x72,0x65,0x20,
	0x20,0x25,0x64,0x20,0x20,0x20,0x0a,0x00,0x5b,0x51,0x4d,0x43,0x36,0x33,0x30,0x38,
	0x5d,0x20,0x49,0x32,0x43,0x20,0x72,0x65,0x61,0x64,0x20,0x65,0x72,0x72,0x6f,0x72,
	0x20,0x25,0x64,0x2c,0x20,0x72,0x65,0x6c,0x65,0x61,0x73,0x69,0x6e,0x67,0x20,0x62,
	0x75,0x73,0x20,0x70,0x68,0x79,0x73,0x69,0x63,0x61,0x6c,0x20,0x64,0x65,0x61,0x64,
	0x6c,0x6f,0x63,0x6b,0x2e,0x2e,0x2e,0x0a,0x00,0x5b,0x25,0x73,0x3a,0x20,0x25,0x64,
	0x5d,0x20,0x66,0x61,0x69,0x6c,0x65,0x64,0x20,0x74,0x6f,0x20,0x72,0x65,0x61,0x64,
	0x20,0x28,0x72,0x65,0x67,0x20,0x3a,0x20,0x25,0x30,0x32,0x78,0x2c,0x20,0x72,0x65,
	0x74,0x20,0x3a,0x20,0x25,0x64,0x29,0x0a,0x00,0x72,0x65,0x61,0x64,0x20,0x72,0x65,
	0x67,0x20,0x69,0x64,0x20,0x66,0x61,0x69,0x6c,0x65,0x64,0x2e,0x28,0x25,0x64,0x29,
	0x0a,0x00,0x01,0x36,0x5b,0x67,0x78,0x79,0x2d,0x71,0x6d,0x63,0x36,0x33,0x30,0x38,
	0x2d,0x73,0x65,0x6e,0x73,0x6f,0x72,0x5d,0x20,0x25,0x73,0x20,0x25,0x64,0x20,0x3a,
	0x20,0x63,0x68,0x65,0x63,0x6b,0x20,0x64,0x65,0x76,0x69,0x63,0x65,0x20,0x73,0x75,
	0x63,0x63,0x65,0x73,0x73,0x2c,0x20,0x69,0x64,0x20,0x3d,0x20,0x30,0x78,0x25,0x78,
	0x0a,0x00,0x01,0x36,0x5b,0x67,0x78,0x79,0x2d,0x71,0x6d,0x63,0x36,0x33,0x30,0x38,
	0x2d,0x73,0x65,0x6e,0x73,0x6f,0x72,0x5d,0x20,0x25,0x73,0x20,0x25,0x64,0x20,0x3a,
	0x20,0x63,0x68,0x65,0x63,0x6b,0x20,0x64,0x65,0x76,0x69,0x63,0x65,0x20,0x66,0x61,
	0x69,0x6c,0x2c,0x20,0x69,0x64,0x20,0x3d,0x20,0x30,0x78,0x25,0x78,0x0a,0x00,0x5b,
	0x51,0x4d,0x43,0x36,0x33,0x30,0x38,0x5d,0x20,0x49,0x32,0x43,0x20,0x77,0x72,0x69,
	0x74,0x65,0x20,0x65,0x72,0x72,0x6f,0x72,0x20,0x25,0x64,0x2c,0x20,0x72,0x65,0x6c,
	0x65,0x61,0x73,0x69,0x6e,0x67,0x20,0x62,0x75,0x73,0x20,0x64,0x65,0x61,0x64,0x6c,
	0x6f,0x63,0x6b,0x2e,0x2e,0x2e,0x0a,0x00,0x5b,0x25,0x73,0x3a,0x20,0x25,0x64,0x5d,
	0x20,0x66,0x61,0x69,0x6c,0x65,0x64,0x20,0x74,0x6f,0x20,0x77,0x72,0x69,0x74,0x65,
	0x20,0x28,0x72,0x65,0x67,0x20,0x3a,0x20,0x25,0x30,0x32,0x78,0x2c,0x20,0x72,0x65,
	0x74,0x20,0x3a,0x20,0x25,0x64,0x29,0x0a,0x00,0x01,0x36,0x5b,0x67,0x78,0x79,0x2d,
	0x71,0x6d,0x63,0x36,0x33,0x30,0x38,0x2d,0x73,0x65,0x6e,0x73,0x6f,0x72,0x5d,0x20,
	0x25,0x73,0x20,0x25,0x64,0x20,0x3a,0x20,0x73,0x74,0x61,0x72,0x74,0x2c,0x20,0x65,
	0x6e,0x61,0x62,0x6c,0x65,0x20,0x3d,0x20,0x25,0x64,0x0a,0x00,0x71,0x6d,0x63,0x20,
	0x70,0x6f,0x69,0x6e,0x74,0x65,0x72,0x20,0x69,0x73,0x20,0x4e,0x55,0x4c,0x4c,0x0a,
	0x00,0x01,0x36,0x5b,0x67,0x78,0x79,0x2d,0x71,0x6d,0x63,0x36,0x33,0x30,0x38,0x2d,
	0x73,0x65,0x6e,0x73,0x6f,0x72,0x5d,0x20,0x25,0x73,0x20,0x25,0x64,0x20,0x3a,0x20,
	0x63,0x74,0x72,0x6c,0x20,0x69,0x73,0x20,0x65,0x6e,0x61,0x62,0x6c,0x65,0x64,0x2c,
	0x20,0x64,0x69,0x73,0x61,0x62,0x6c,0x65,0x20,0x69,0x74,0x2e,0x2e,0x2e,0x0a,0x00,
	0x77,0x72,0x69,0x74,0x65,0x20,0x72,0x65,0x67,0x20,0x30,0x78,0x30,0x61,0x20,0x28,
	0x64,0x69,0x73,0x61,0x62,0x6c,0x65,0x29,0x20,0x66,0x61,0x69,0x6c,0x65,0x64,0x0a,
	0x00,0x01,0x36,0x5b,0x67,0x78,0x79,0x2d,0x71,0x6d,0x63,0x36,0x33,0x30,0x38,0x2d,
	0x73,0x65,0x6e,0x73,0x6f,0x72,0x5d,0x20,0x25,0x73,0x20,0x25,0x64,0x20,0x3a,0x20,
	0x65,0x6e,0x64,0x0a,0x00,0x01,0x36,0x5b,0x67,0x78,0x79,0x2d,0x71,0x6d,0x63,0x36,
	0x33,0x30,0x38,0x2d,0x73,0x65,0x6e,0x73,0x6f,0x72,0x5d,0x20,0x25,0x73,0x20,0x25,
	0x64,0x20,0x3a,0x20,0x63,0x74,0x72,0x6c,0x20,0x69,0x73,0x20,0x73,0x74,0x61,0x72,
	0x74,0x2c,0x20,0x73,0x75,0x73,0x70,0x65,0x6e,0x64,0x20,0x71,0x6d,0x63,0x36,0x33,
	0x30,0x38,0x21,0x0a,0x00,0x01,0x36,0x5b,0x67,0x78,0x79,0x2d,0x71,0x6d,0x63,0x36,
	0x33,0x30,0x38,0x2d,0x73,0x65,0x6e,0x73,0x6f,0x72,0x5d,0x20,0x25,0x73,0x20,0x25,
	0x64,0x20,0x3a,0x20,0x63,0x74,0x72,0x6c,0x20,0x69,0x73,0x20,0x71,0x75,0x69,0x74,
	0x2c,0x20,0x72,0x65,0x73,0x75,0x6d,0x65,0x20,0x71,0x6d,0x63,0x36,0x33,0x30,0x38,
},
{
	0x00,0x00,0x00,0x00,0x00,0x00,0x00,0x00,0x00,0x00,0x00,0x00,0x00,0x00,0x00,0x00,
	0x00,0x00,0x00,0x00,0x00,0x00,0x00,0x00,0x00,0x00,0x00,0x00,0x00,0x00,0x00,0x00,
	0x00,0x00,0x00,0x00,0x00,0x00,0x00,0x00,0x00,0x00,0x00,0x00,0x00,0x00,0x00,0x00,
	0x00,0x00,0x00,0x00,0x00,0x00,0x00,0x00,0x00,0x00,0x00,0x00,0x00,0x00,0x00,0x00,
	0x00,0x00,0x00,0x00,0x00,0x00,0x00,0x00,0x00,0x00,0x00,0x00,0x00,0x00,0x00,0x00,
	0x00,0x00,0x00,0x00,0x00,0x00,0x00,0x00,0x00,0x00,0x00,0x00,0x00,0x00,0x00,0x00,
	0x00,0x00,0x00,0x00,0x00,0x00,0x00,0x00,0x00,0x00,0x00,0x00,0x00,0x00,0x00,0x00,
	0x00,0x00,0x00,0x00,0x00,0x00,0x00,0x00,0x00,0x00,0x00,0x00,0x00,0x00,0x00,0x00,
	0x00,0x00,0x00,0x00,0x00,0x00,0x00,0x00,0x00,0x00,0x00,0x00,0x00,0x00,0x00,0x00,
	0x00,0x00,0x00,0x00,0x00,0x00,0x00,0x00,0x00,0x00,0x00,0x00,0x00,0x00,0x00,0x00,
	0x00,0x00,0x00,0x00,0x00,0x00,0x00,0x00,0x00,0x00,0x00,0x00,0x00,0x00,0x00,0x00,
	0x00,0x00,0x00,0x00,0x00,0x00,0x00,0x00,0x00,0x00,0x00,0x00,0x00,0x00,0x00,0x00,
	0x00,0x00,0x00,0x00,0x00,0x00,0x00,0x00,0x00,0x00,0x00,0x00,0x00,0x00,0x00,0x00,
	0x00,0x00,0x00,0x00,0x00,0x00,0x00,0x00,0x00,0x00,0x00,0x00,0x00,0x00,0x00,0x00,
	0x00,0x00,0x00,0x00,0x00,0x00,0x00,0x00,0x00,0x00,0x00,0x00,0x00,0x00,0x00,0x00,
	0x00,0x00,0x00,0x00,0x00,0x00,0x00,0x00,0x00,0x00,0x00,0x00,0x00,0x00,0x00,0x00,
	0x00,0x00,0x00,0x00,0x00,0x00,0x00,0x00,0x00,0x00,0x00,0x00,0x00,0x00,0x00,0x00,
	0x00,0x00,0x00,0x00,0x00,0x00,0x00,0x00,0x00,0x00,0x00,0x00,0x00,0x00,0x00,0x00,
	0x00,0x00,0x00,0x00,0x00,0x00,0x00,0x00,0x00,0x00,0x00,0x00,0x00,0x00,0x00,0x00,
	0x00,0x00,0x00,0x00,0x00,0x00,0x00,0x00,0x00,0x00,0x00,0x00,0x00,0x00,0x00,0x00,
	0x00,0x00,0x00,0x00,0x00,0x00,0x00,0x00,0x00,0x00,0x00,0x00,0x00,0x00,0x00,0x00,
	0x00,0x00,0x00,0x00,0x00,0x00,0x00,0x00,0x00,0x00,0x00,0x00,0x00,0x00,0x00,0x00,
	0x00,0x00,0x00,0x00,0x00,0x00,0x00,0x00,0x00,0x00,0x00,0x00,0x00,0x00,0x00,0x00,
	0x00,0x00,0x00,0x00,0x00,0x00,0x00,0x00,0x00,0x00,0x00,0x00,0x00,0x00,0x00,0x00,
	0x00,0x00,0x00,0x00,0x00,0x00,0x00,0x00,0x00,0x00,0x00,0x00,0x00,0x00,0x00,0x00,
	0x00,0x00,0x00,0x00,0x00,0x00,0x00,0x00,0x00,0x00,0x00,0x00,0x00,0x00,0x00,0x00,
	0x00,0x00,0x00,0x00,0x00,0x00,0x00,0x00,0x00,0x00,0x00,0x00,0x00,0x00,0x00,0x00,
	0x00,0x00,0x00,0x00,0x00,0x00,0x00,0x00,0x00,0x00,0x00,0x00,0x00,0x00,0x00,0x00,
	0x00,0x00,0x00,0x00,0x00,0x00,0x00,0x00,0x00,0x00,0x00,0x00,0x00,0x00,0x00,0x00,
	0x00,0x00,0x00,0x00,0x00,0x00,0x00,0x00,0x00,0x00,0x00,0x00,0x00,0x00,0x00,0x00,
	0x00,0x00,0x00,0x00,0x00,0x00,0x00,0x00,0x00,0x00,0x00,0x00,0x00,0x00,0x00,0x00,
	0x00,0x00,0x00,0x00,0x00,0x00,0x00,0x00,0x00,0x00,0x00,0x00,0x00,0x00,0x00,0x00,
	0x00,0x00,0x00,0x00,0x00,0x00,0x00,0x00,0x00,0x00,0x00,0x00,0x00,0x00,0x00,0x00,
	0x00,0x00,0x00,0x00,0x00,0x00,0x00,0x00,0x00,0x00,0x00,0x00,0x00,0x00,0x00,0x00,
	0x00,0x00,0x00,0x00,0x00,0x00,0x00,0x00,0x00,0x00,0x00,0x00,0x00,0x00,0x00,0x00,
	0x00,0x00,0x00,0x00,0x00,0x00,0x00,0x00,0x00,0x00,0x00,0x00,0x00,0x00,0x00,0x00,
	0x00,0x00,0x00,0x00,0x00,0x00,0x00,0x00,0x00,0x00,0x00,0x00,0x00,0x00,0x00,0x00,
	0x00,0x00,0x00,0x00,0x00,0x00,0x00,0x00,0x00,0x00,0x00,0x00,0x00,0x00,0x00,0x00,
	0x00,0x00,0x00,0x00,0x00,0x00,0x00,0x00,0x00,0x00,0x00,0x00,0x00,0x00,0x00,0x00,
	0x00,0x00,0x00,0x00,0x00,0x00,0x00,0x00,0x00,0x00,0x00,0x00,0x00,0x00,0x00,0x00,
	0x00,0x00,0x00,0x00,0x00,0x00,0x00,0x00,0x00,0x00,0x00,0x00,0x00,0x00,0x00,0x00,
	0x00,0x00,0x00,0x00,0x00,0x00,0x00,0x00,0x00,0x00,0x00,0x00,0x00,0x00,0x00,0x00,
	0x00,0x00,0x00,0x00,0x00,0x00,0x00,0x00,0x00,0x00,0x00,0x00,0x00,0x00,0x00,0x00,
	0x00,0x00,0x00,0x00,0x00,0x00,0x00,0x00,0x00,0x00,0x00,0x00,0x00,0x00,0x00,0x00,
	0x00,0x00,0x00,0x00,0x00,0x00,0x00,0x00,0x00,0x00,0x00,0x00,0x00,0x00,0x00,0x00,
	0x00,0x00,0x00,0x00,0x00,0x00,0x00,0x00,0x00,0x00,0x00,0x00,0x00,0x00,0x00,0x00,
	0x00,0x00,0x00,0x00,0x00,0x00,0x00,0x00,0x00,0x00,0x00,0x00,0x00,0x00,0x00,0x00,
	0x00,0x00,0x00,0x00,0x00,0x00,0x00,0x00,0x00,0x00,0x00,0x00,0x00,0x00,0x00,0x00,
	0x00,0x00,0x00,0x00,0x00,0x00,0x00,0x00,0x00,0x00,0x00,0x00,0x00,0x00,0x00,0x00,
	0x00,0x00,0x00,0x00,0x00,0x00,0x00,0x00,0x00,0x00,0x00,0x00,0x00,0x00,0x00,0x00,
	0x00,0x00,0x00,0x00,0x00,0x00,0x00,0x00,0x00,0x00,0x00,0x00,0x00,0x00,0x00,0x00,
	0x00,0x00,0x00,0x00,0x00,0x00,0x00,0x00,0x00,0x00,0x00,0x00,0x00,0x00,0x00,0x00,
	0x00,0x00,0x00,0x00,0x00,0x00,0x00,0x00,0x00,0x00,0x00,0x00,0x00,0x00,0x00,0x00,
	0x00,0x00,0x00,0x00,0x00,0x00,0x00,0x00,0x00,0x00,0x00,0x00,0x00,0x00,0x00,0x00,
	0x00,0x00,0x00,0x00,0x00,0x00,0x00,0x00,0x00,0x00,0x00,0x00,0x00,0x00,0x00,0x00,
	0x00,0x00,0x00,0x00,0x00,0x00,0x00,0x00,0x00,0x00,0x00,0x00,0x00,0x00,0x00,0x00,
	0x00,0x00,0x00,0x00,0x00,0x00,0x00,0x00,0x00,0x00,0x00,0x00,0x00,0x00,0x00,0x00,
	0x00,0x00,0x00,0x00,0x00,0x00,0x00,0x00,0x00,0x00,0x00,0x00,0x00,0x00,0x00,0x00,
	0x00,0x00,0x00,0x00,0x00,0x00,0x00,0x00,0x00,0x00,0x00,0x00,0x00,0x00,0x00,0x00,
	0x00,0x00,0x00,0x00,0x00,0x00,0x00,0x00,0x00,0x00,0x00,0x00,0x00,0x00,0x00,0x00,
	0x00,0x00,0x00,0x00,0x00,0x00,0x00,0x00,0x00,0x00,0x00,0x00,0x00,0x00,0x00,0x00,
	0x00,0x00,0x00,0x00,0x00,0x00,0x00,0x00,0x00,0x00,0x00,0x00,0x00,0x00,0x00,0x00,
	0x00,0x00,0x00,0x00,0x00,0x00,0x00,0x00,0x00,0x00,0x00,0x00,0x00,0x00,0x00,0x00,
	0x00,0x00,0x00,0x00,0x00,0x00,0x00,0x00,0x00,0x00,0x00,0x00,0x00,0x00,0x00,0x00,
	0x00,0x00,0x00,0x00,0x00,0x00,0x00,0x00,0x00,0x00,0x00,0x00,0x00,0x00,0x00,0x00,
	0x00,0x00,0x00,0x00,0x00,0x00,0x00,0x00,0x00,0x00,0x00,0x00,0x00,0x00,0x00,0x00,
	0x00,0x00,0x00,0x00,0x00,0x00,0x00,0x00,0x00,0x00,0x00,0x00,0x00,0x00,0x00,0x00,
	0x00,0x00,0x00,0x00,0x00,0x00,0x00,0x00,0x00,0x00,0x00,0x00,0x00,0x00,0x00,0x00,
	0x00,0x00,0x00,0x00,0x00,0x00,0x00,0x00,0x00,0x00,0x00,0x00,0x00,0x00,0x00,0x00,
	0x00,0x00,0x00,0x00,0x00,0x00,0x00,0x00,0x00,0x00,0x00,0x00,0x00,0x00,0x00,0x00,
	0x00,0x00,0x00,0x00,0x00,0x00,0x00,0x00,0x00,0x00,0x00,0x00,0x00,0x00,0x00,0x00,
	0x00,0x00,0x00,0x00,0x00,0x00,0x00,0x00,0x00,0x00,0x00,0x00,0x00,0x00,0x00,0x00,
	0x00,0x00,0x00,0x00,0x00,0x00,0x00,0x00,0x00,0x00,0x00,0x00,0x00,0x00,0x00,0x00,
	0x00,0x00,0x00,0x00,0x00,0x00,0x00,0x00,0x00,0x00,0x00,0x00,0x00,0x00,0x00,0x00,
	0x00,0x00,0x00,0x00,0x00,0x00,0x00,0x00,0x00,0x00,0x00,0x00,0x00,0x00,0x00,0x00,
	0x00,0x00,0x00,0x00,0x00,0x00,0x00,0x00,0x00,0x00,0x00,0x00,0x00,0x00,0x00,0x00,
	0x00,0x00,0x00,0x00,0x00,0x00,0x00,0x00,0x00,0x00,0x00,0x00,0x00,0x00,0x00,0x00,
	0x00,0x00,0x00,0x00,0x00,0x00,0x00,0x00,0x00,0x00,0x00,0x00,0x00,0x00,0x00,0x00,
	0x00,0x00,0x00,0x00,0x00,0x00,0x00,0x00,0x00,0x00,0x00,0x00,0x00,0x00,0x00,0x00,
	0x00,0x00,0x00,0x00,0x00,0x00,0x00,0x00,0x00,0x00,0x00,0x00,0x00,0x00,0x00,0x00,
	0x00,0x00,0x00,0x00,0x00,0x00,0x00,0x00,0x00,0x00,0x00,0x00,0x00,0x00,0x00,0x00,
	0x00,0x00,0x00,0x00,0x00,0x00,0x00,0x00,0x00,0x00,0x00,0x00,0x00,0x00,0x00,0x00,
	0x00,0x00,0x00,0x00,0x00,0x00,0x00,0x00,0x00,0x00,0x00,0x00,0x00,0x00,0x00,0x00,
	0x00,0x00,0x00,0x00,0x00,0x00,0x00,0x00,0x00,0x00,0x00,0x00,0x00,0x00,0x00,0x00,
	0x00,0x00,0x00,0x00,0x00,0x00,0x00,0x00,0x00,0x00,0x00,0x00,0x00,0x00,0x00,0x00,
	0x00,0x00,0x00,0x00,0x00,0x00,0x00,0x00,0x00,0x00,0x00,0x00,0x00,0x00,0x00,0x00,
	0x00,0x00,0x00,0x00,0x00,0x00,0x00,0x00,0x00,0x00,0x00,0x00,0x00,0x00,0x00,0x00,
	0x00,0x00,0x00,0x00,0x00,0x00,0x00,0x00,0x00,0x00,0x00,0x00,0x00,0x00,0x00,0x00,
	0x00,0x00,0x00,0x00,0x00,0x00,0x00,0x00,0x00,0x00,0x00,0x00,0x00,0x00,0x00,0x00,
	0x00,0x00,0x00,0x00,0x00,0x00,0x00,0x00,0x00,0x00,0x00,0x00,0x00,0x00,0x00,0x00,
	0x00,0x00,0x00,0x00,0x00,0x00,0x00,0x00,0x00,0x00,0x00,0x00,0x00,0x00,0x00,0x00,
	0x00,0x00,0x00,0x00,0x00,0x00,0x00,0x00,0x00,0x00,0x00,0x00,0x00,0x00,0x00,0x00,
	0x00,0x00,0x00,0x00,0x00,0x00,0x00,0x00,0x00,0x00,0x00,0x00,0x00,0x00,0x00,0x00,
	0x00,0x00,0x00,0x00,0x00,0x00,0x00,0x00,0x00,0x00,0x00,0x00,0x00,0x00,0x00,0x00,
	0x00,0x00,0x00,0x00,0x00,0x00,0x00,0x00,0x00,0x00,0x00,0x00,0x00,0x00,0x00,0x00,
	0x00,0x00,0x00,0x00,0x00,0x00,0x00,0x00,0x00,0x00,0x00,0x00,0x00,0x00,0x00,0x00,
	0x00,0x00,0x00,0x00,0x00,0x00,0x00,0x00,0x00,0x00,0x00,0x00,0x00,0x00,0x00,0x00,
	0x00,0x00,0x00,0x00,0x00,0x00,0x00,0x00,0x00,0x00,0x00,0x00,0x00,0x00,0x00,0x00,
	0x00,0x00,0x00,0x00,0x00,0x00,0x00,0x00,0x00,0x00,0x00,0x00,0x00,0x00,0x00,0x00,
	0x00,0x00,0x00,0x00,0x00,0x00,0x00,0x00,0x00,0x00,0x00,0x00,0x00,0x00,0x00,0x00,
	0x00,0x00,0x00,0x00,0x00,0x00,0x00,0x00,0x00,0x00,0x00,0x00,0x00,0x00,0x00,0x00,
	0x00,0x00,0x00,0x00,0x00,0x00,0x00,0x00,0x00,0x00,0x00,0x00,0x00,0x00,0x00,0x00,
	0x00,0x00,0x00,0x00,0x00,0x00,0x00,0x00,0x00,0x00,0x00,0x00,0x00,0x00,0x00,0x00,
	0x00,0x00,0x00,0x00,0x00,0x00,0x00,0x00,0x00,0x00,0x00,0x00,0x00,0x00,0x00,0x00,
	0x00,0x00,0x00,0x00,0x00,0x00,0x00,0x00,0x00,0x00,0x00,0x00,0x00,0x00,0x00,0x00,
	0x00,0x00,0x00,0x00,0x00,0x00,0x00,0x00,0x00,0x00,0x00,0x00,0x00,0x00,0x00,0x00,
	0x00,0x00,0x00,0x00,0x00,0x00,0x00,0x00,0x00,0x00,0x00,0x00,0x00,0x00,0x00,0x00,
	0x00,0x00,0x00,0x00,0x00,0x00,0x00,0x00,0x00,0x00,0x00,0x00,0x00,0x00,0x00,0x00,
	0x00,0x00,0x00,0x00,0x00,0x00,0x00,0x00,0x00,0x00,0x00,0x00,0x00,0x00,0x00,0x00,
	0x00,0x00,0x00,0x00,0x00,0x00,0x00,0x00,0x00,0x00,0x00,0x00,0x00,0x00,0x00,0x00,
	0x00,0x00,0x00,0x00,0x00,0x00,0x00,0x00,0x00,0x00,0x00,0x00,0x00,0x00,0x00,0x00,
	0x00,0x00,0x00,0x00,0x00,0x00,0x00,0x00,0x00,0x00,0x00,0x00,0x00,0x00,0x00,0x00,
	0x00,0x00,0x00,0x00,0x00,0x00,0x00,0x00,0x00,0x00,0x00,0x00,0x00,0x00,0x00,0x00,
	0x00,0x00,0x00,0x00,0x00,0x00,0x00,0x00,0x00,0x00,0x00,0x00,0x00,0x00,0x00,0x00,
	0x00,0x00,0x00,0x00,0x00,0x00,0x00,0x00,0x00,0x00,0x00,0x00,0x00,0x00,0x00,0x00,
	0x00,0x00,0x00,0x00,0x00,0x00,0x00,0x00,0x00,0x00,0x00,0x00,0x00,0x00,0x00,0x00,
	0x00,0x00,0x00,0x00,0x00,0x00,0x00,0x00,0x00,0x00,0x00,0x00,0x00,0x00,0x00,0x00,
	0x00,0x00,0x00,0x00,0x00,0x00,0x00,0x00,0x00,0x00,0x00,0x00,0x00,0x00,0x00,0x00,
	0x00,0x00,0x00,0x00,0x00,0x00,0x00,0x00,0x00,0x00,0x00,0x00,0x00,0x00,0x00,0x00,
	0x00,0x00,0x00,0x00,0x00,0x00,0x00,0x00,0x00,0x00,0x00,0x00,0x00,0x00,0x00,0x00,
	0x00,0x00,0x00,0x00,0x00,0x00,0x00,0x00,0x00,0x00,0x00,0x00,0x00,0x00,0x00,0x00,
	0x00,0x00,0x00,0x00,0x00,0x00,0x00,0x00,0x00,0x00,0x00,0x00,0x00,0x00,0x00,0x00,
	0x00,0x00,0x00,0x00,0x00,0x00,0x00,0x00,0x00,0x00,0x00,0x00,0x00,0x00,0x00,0x00,
	0x00,0x00,0x00,0x00,0x00,0x00,0x00,0x00,0x00,0x00,0x00,0x00,0x00,0x00,0x00,0x00,
	0x00,0x00,0x00,0x00,0x00,0x00,0x00,0x00,0x00,0x00,0x00,0x00,0x00,0x00,0x00,0x00,
	0x00,0x00,0x00,0x00,0x00,0x00,0x00,0x00,0x00,0x00,0x00,0x00,0x00,0x00,0x00,0x00,
	0x00,0x00,0x00,0x00,0x00,0x00,0x00,0x00,0x00,0x00,0x00,0x00,0x00,0x00,0x00,0x00,
	0x00,0x00,0x00,0x00,0x00,0x00,0x00,0x00,0x00,0x00,0x00,0x00,0x00,0x00,0x00,0x00,
	0x00,0x00,0x00,0x00,0x00,0x00,0x00,0x00,0x00,0x00,0x00,0x00,0x00,0x00,0x00,0x00,
	0x00,0x00,0x00,0x00,0x00,0x00,0x00,0x00,0x00,0x00,0x00,0x00,0x00,0x00,0x00,0x00,
	0x00,0x00,0x00,0x00,0x00,0x00,0x00,0x00,0x00,0x00,0x00,0x00,0x00,0x00,0x00,0x00,
	0x00,0x00,0x00,0x00,0x00,0x00,0x00,0x00,0x00,0x00,0x00,0x00,0x00,0x00,0x00,0x00,
	0x00,0x00,0x00,0x00,0x00,0x00,0x00,0x00,0x00,0x00,0x00,0x00,0x00,0x00,0x00,0x00,
	0x00,0x00,0x00,0x00,0x00,0x00,0x00,0x00,0x00,0x00,0x00,0x00,0x00,0x00,0x00,0x00,
	0x00,0x00,0x00,0x00,0x00,0x00,0x00,0x00,0x00,0x00,0x00,0x00,0x00,0x00,0x00,0x00,
	0x00,0x00,0x00,0x00,0x00,0x00,0x00,0x00,0x00,0x00,0x00,0x00,0x00,0x00,0x00,0x00,
	0x00,0x00,0x00,0x00,0x00,0x00,0x00,0x00,0x00,0x00,0x00,0x00,0x00,0x00,0x00,0x00,
	0x00,0x00,0x00,0x00,0x00,0x00,0x00,0x00,0x00,0x00,0x00,0x00,0x00,0x00,0x00,0x00,
	0x00,0x00,0x00,0x00,0x00,0x00,0x00,0x00,0x00,0x00,0x00,0x00,0x00,0x00,0x00,0x00,
	0x00,0x00,0x00,0x00,0x00,0x00,0x00,0x00,0x00,0x00,0x00,0x00,0x00,0x00,0x00,0x00,
	0x00,0x00,0x00,0x00,0x00,0x00,0x00,0x00,0x00,0x00,0x00,0x00,0x00,0x00,0x00,0x00,
	0x00,0x00,0x00,0x00,0x00,0x00,0x00,0x00,0x00,0x00,0x00,0x00,0x00,0x00,0x00,0x00,
	0x00,0x00,0x00,0x00,0x00,0x00,0x00,0x00,0x00,0x00,0x00,0x00,0x00,0x00,0x00,0x00,
	0x00,0x00,0x00,0x00,0x00,0x00,0x00,0x00,0x00,0x00,0x00,0x00,0x00,0x00,0x00,0x00,
	0x00,0x00,0x00,0x00,0x00,0x00,0x00,0x00,0x00,0x00,0x00,0x00,0x00,0x00,0x00,0x00,
	0x00,0x00,0x00,0x00,0x00,0x00,0x00,0x00,0x00,0x00,0x00,0x00,0x00,0x00,0x00,0x00,
	0x00,0x00,0x00,0x00,0x00,0x00,0x00,0x00,0x00,0x00,0x00,0x00,0x00,0x00,0x00,0x00,
	0x00,0x00,0x00,0x00,0x00,0x00,0x00,0x00,0x00,0x00,0x00,0x00,0x00,0x00,0x00,0x00,
	0x00,0x00,0x00,0x00,0x00,0x00,0x00,0x00,0x00,0x00,0x00,0x00,0x00,0x00,0x00,0x00,
	0x00,0x00,0x00,0x00,0x00,0x00,0x00,0x00,0x00,0x00,0x00,0x00,0x00,0x00,0x00,0x00,
	0x00,0x00,0x00,0x00,0x00,0x00,0x00,0x00,0x00,0x00,0x00,0x00,0x00,0x00,0x00,0x00,
	0x00,0x00,0x00,0x00,0x00,0x00,0x00,0x00,0x00,0x00,0x00,0x00,0x00,0x00,0x00,0x00,
	0x00,0x00,0x00,0x00,0x00,0x00,0x00,0x00,0x00,0x00,0x00,0x00,0x00,0x00,0x00,0x00,
	0x00,0x00,0x00,0x00,0x00,0x00,0x00,0x00,0x00,0x00,0x00,0x00,0x00,0x00,0x00,0x00,
	0x00,0x00,0x00,0x00,0x00,0x00,0x00,0x00,0x00,0x00,0x00,0x00,0x00,0x00,0x00,0x00,
	0x00,0x00,0x00,0x00,0x00,0x00,0x00,0x00,0x00,0x00,0x00,0x00,0x00,0x00,0x00,0x00,
	0x00,0x00,0x00,0x00,0x00,0x00,0x00,0x00,0x00,0x00,0x00,0x00,0x00,0x00,0x00,0x00,
	0x00,0x00,0x00,0x00,0x00,0x00,0x00,0x00,0x00,0x00,0x00,0x00,0x00,0x00,0x00,0x00,
	0x00,0x00,0x00,0x00,0x00,0x00,0x00,0x00,0x00,0x00,0x00,0x00,0x00,0x00,0x00,0x00,
	0x00,0x00,0x00,0x00,0x00,0x00,0x00,0x00,0x00,0x00,0x00,0x00,0x00,0x00,0x00,0x00,
	0x00,0x00,0x00,0x00,0x00,0x00,0x00,0x00,0x00,0x00,0x00,0x00,0x00,0x00,0x00,0x00,
	0x00,0x00,0x00,0x00,0x00,0x00,0x00,0x00,0x00,0x00,0x00,0x00,0x00,0x00,0x00,0x00,
	0x00,0x00,0x00,0x00,0x00,0x00,0x00,0x00,0x00,0x00,0x00,0x00,0x00,0x00,0x00,0x00,
	0x00,0x00,0x00,0x00,0x00,0x00,0x00,0x00,0x00,0x00,0x00,0x00,0x00,0x00,0x00,0x00,
	0x00,0x00,0x00,0x00,0x00,0x00,0x00,0x00,0x00,0x00,0x00,0x00,0x00,0x00,0x00,0x00,
	0x00,0x00,0x00,0x00,0x00,0x00,0x00,0x00,0x00,0x00,0x00,0x00,0x00,0x00,0x00,0x00,
	0x00,0x00,0x00,0x00,0x00,0x00,0x00,0x00,0x00,0x00,0x00,0x00,0x00,0x00,0x00,0x00,
	0x00,0x00,0x00,0x00,0x00,0x00,0x00,0x00,0x00,0x00,0x00,0x00,0x00,0x00,0x00,0x00,
	0x00,0x00,0x00,0x00,0x00,0x00,0x00,0x00,0x00,0x00,0x00,0x00,0x00,0x00,0x00,0x00,
	0x00,0x00,0x00,0x00,0x00,0x00,0x00,0x00,0x00,0x00,0x00,0x00,0x00,0x00,0x00,0x00,
	0x00,0x00,0x00,0x00,0x00,0x00,0x00,0x00,0x00,0x00,0x00,0x00,0x00,0x00,0x00,0x00,
	0x00,0x00,0x00,0x00,0x00,0x00,0x00,0x00,0x00,0x00,0x00,0x00,0x00,0x00,0x00,0x00,
	0x00,0x00,0x00,0x00,0x00,0x00,0x00,0x00,0x00,0x00,0x00,0x00,0x00,0x00,0x00,0x00,
	0x00,0x00,0x00,0x00,0x00,0x00,0x00,0x00,0x00,0x00,0x00,0x00,0x00,0x00,0x00,0x00,
	0x00,0x00,0x00,0x00,0x00,0x00,0x00,0x00,0x00,0x00,0x00,0x00,0x00,0x00,0x00,0x00,
	0x00,0x00,0x00,0x00,0x00,0x00,0x00,0x00,0x00,0x00,0x00,0x00,0x00,0x00,0x00,0x00,
	0x00,0x00,0x00,0x00,0x00,0x00,0x00,0x00,0x00,0x00,0x00,0x00,0x00,0x00,0x00,0x00,
	0x00,0x00,0x00,0x00,0x00,0x00,0x00,0x00,0x00,0x00,0x00,0x00,0x00,0x00,0x00,0x00,
	0x00,0x00,0x00,0x00,0x00,0x00,0x00,0x00,0x00,0x00,0x00,0x00,0x00,0x00,0x00,0x00,
	0x00,0x00,0x00,0x00,0x00,0x00,0x00,0x00,0x00,0x00,0x00,0x00,0x00,0x00,0x00,0x00,
	0x00,0x00,0x00,0x00,0x00,0x00,0x00,0x00,0x00,0x00,0x00,0x00,0x00,0x00,0x00,0x00,
	0x00,0x00,0x00,0x00,0x00,0x00,0x00,0x00,0x00,0x00,0x00,0x00,0x00,0x00,0x00,0x00,
	0x00,0x00,0x00,0x00,0x00,0x00,0x00,0x00,0x00,0x00,0x00,0x00,0x00,0x00,0x00,0x00,
	0x00,0x00,0x00,0x00,0x00,0x00,0x00,0x00,0x00,0x00,0x00,0x00,0x00,0x00,0x00,0x00,
	0x00,0x00,0x00,0x00,0x00,0x00,0x00,0x00,0x00,0x00,0x00,0x00,0x00,0x00,0x00,0x00,
	0x00,0x00,0x00,0x00,0x00,0x00,0x00,0x00,0x00,0x00,0x00,0x00,0x00,0x00,0x00,0x00,
	0x00,0x00,0x00,0x00,0x00,0x00,0x00,0x00,0x00,0x00,0x00,0x00,0x00,0x00,0x00,0x00,
	0x00,0x00,0x00,0x00,0x00,0x00,0x00,0x00,0x00,0x00,0x00,0x00,0x00,0x00,0x00,0x00,
	0x00,0x00,0x00,0x00,0x00,0x00,0x00,0x00,0x00,0x00,0x00,0x00,0x00,0x00,0x00,0x00,
	0x00,0x00,0x00,0x00,0x00,0x00,0x00,0x00,0x00,0x00,0x00,0x00,0x00,0x00,0x00,0x00,
	0x00,0x00,0x00,0x00,0x00,0x00,0x00,0x00,0x00,0x00,0x00,0x00,0x00,0x00,0x00,0x00,
	0x00,0x00,0x00,0x00,0x00,0x00,0x00,0x00,0x00,0x00,0x00,0x00,0x00,0x00,0x00,0x00,
	0x00,0x00,0x00,0x00,0x00,0x00,0x00,0x00,0x00,0x00,0x00,0x00,0x00,0x00,0x00,0x00,
	0x00,0x00,0x00,0x00,0x00,0x00,0x00,0x00,0x00,0x00,0x00,0x00,0x00,0x00,0x00,0x00,
	0x00,0x00,0x00,0x00,0x00,0x00,0x00,0x00,0x00,0x00,0x00,0x00,0x00,0x00,0x00,0x00,
	0x00,0x00,0x00,0x00,0x00,0x00,0x00,0x00,0x00,0x00,0x00,0x00,0x00,0x00,0x00,0x00,
	0x00,0x00,0x00,0x00,0x00,0x00,0x00,0x00,0x00,0x00,0x00,0x00,0x00,0x00,0x00,0x00,
	0x00,0x00,0x00,0x00,0x00,0x00,0x00,0x00,0x00,0x00,0x00,0x00,0x00,0x00,0x00,0x00,
	0x00,0x00,0x00,0x00,0x00,0x00,0x00,0x00,0x00,0x00,0x00,0x00,0x00,0x00,0x00,0x00,
	0x00,0x00,0x00,0x00,0x00,0x00,0x00,0x00,0x00,0x00,0x00,0x00,0x00,0x00,0x00,0x00,
	0x00,0x00,0x00,0x00,0x00,0x00,0x00,0x00,0x00,0x00,0x00,0x00,0x00,0x00,0x00,0x00,
	0x00,0x00,0x00,0x00,0x00,0x00,0x00,0x00,0x00,0x00,0x00,0x00,0x00,0x00,0x00,0x00,
	0x00,0x00,0x00,0x00,0x00,0x00,0x00,0x00,0x00,0x00,0x00,0x00,0x00,0x00,0x00,0x00,
	0x00,0x00,0x00,0x00,0x00,0x00,0x00,0x00,0x00,0x00,0x00,0x00,0x00,0x00,0x00,0x00,
	0x00,0x00,0x00,0x00,0x00,0x00,0x00,0x00,0x00,0x00,0x00,0x00,0x00,0x00,0x00,0x00,
	0x00,0x00,0x00,0x00,0x00,0x00,0x00,0x00,0x00,0x00,0x00,0x00,0x00,0x00,0x00,0x00,
	0x00,0x00,0x00,0x00,0x00,0x00,0x00,0x00,0x00,0x00,0x00,0x00,0x00,0x00,0x00,0x00,
	0x00,0x00,0x00,0x00,0x00,0x00,0x00,0x00,0x00,0x00,0x00,0x00,0x00,0x00,0x00,0x00,
	0x00,0x00,0x00,0x00,0x00,0x00,0x00,0x00,0x00,0x00,0x00,0x00,0x00,0x00,0x00,0x00,
	0x00,0x00,0x00,0x00,0x00,0x00,0x00,0x00,0x00,0x00,0x00,0x00,0x00,0x00,0x00,0x00,
	0x00,0x00,0x00,0x00,0x00,0x00,0x00,0x00,0x00,0x00,0x00,0x00,0x00,0x00,0x00,0x00,
	0x00,0x00,0x00,0x00,0x00,0x00,0x00,0x00,0x00,0x00,0x00,0x00,0x00,0x00,0x00,0x00,
	0x00,0x00,0x00,0x00,0x00,0x00,0x00,0x00,0x00,0x00,0x00,0x00,0x00,0x00,0x00,0x00,
	0x00,0x00,0x00,0x00,0x00,0x00,0x00,0x00,0x00,0x00,0x00,0x00,0x00,0x00,0x00,0x00,
	0x00,0x00,0x00,0x00,0x00,0x00,0x00,0x00,0x00,0x00,0x00,0x00,0x00,0x00,0x00,0x00,
	0x00,0x00,0x00,0x00,0x00,0x00,0x00,0x00,0x00,0x00,0x00,0x00,0x00,0x00,0x00,0x00,
	0x00,0x00,0x00,0x00,0x00,0x00,0x00,0x00,0x00,0x00,0x00,0x00,0x00,0x00,0x00,0x00,
	0x00,0x00,0x00,0x00,0x00,0x00,0x00,0x00,0x00,0x00,0x00,0x00,0x00,0x00,0x00,0x00,
	0x00,0x00,0x00,0x00,0x00,0x00,0x00,0x00,0x00,0x00,0x00,0x00,0x00,0x00,0x00,0x00,
	0x00,0x00,0x00,0x00,0x00,0x00,0x00,0x00,0x00,0x00,0x00,0x00,0x00,0x00,0x00,0x00,
	0x00,0x00,0x00,0x00,0x00,0x00,0x00,0x00,0x00,0x00,0x00,0x00,0x00,0x00,0x00,0x00,
	0x00,0x00,0x00,0x00,0x00,0x00,0x00,0x00,0x00,0x00,0x00,0x00,0x00,0x00,0x00,0x00,
	0x00,0x00,0x00,0x00,0x00,0x00,0x00,0x00,0x00,0x00,0x00,0x00,0x00,0x00,0x00,0x00,
	0x00,0x00,0x00,0x00,0x00,0x00,0x00,0x00,0x00,0x00,0x00,0x00,0x00,0x00,0x00,0x00,
	0x00,0x00,0x00,0x00,0x00,0x00,0x00,0x00,0x00,0x00,0x00,0x00,0x00,0x00,0x00,0x00,
	0x00,0x00,0x00,0x00,0x00,0x00,0x00,0x00,0x00,0x00,0x00,0x00,0x00,0x00,0x00,0x00,
	0x00,0x00,0x00,0x00,0x00,0x00,0x00,0x00,0x00,0x00,0x00,0x00,0x00,0x00,0x00,0x00,
	0x00,0x00,0x00,0x00,0x00,0x00,0x00,0x00,0x00,0x00,0x00,0x00,0x00,0x00,0x00,0x00,
	0x00,0x00,0x00,0x00,0x00,0x00,0x00,0x00,0x00,0x00,0x00,0x00,0x00,0x00,0x00,0x00,
	0x00,0x00,0x00,0x00,0x00,0x00,0x00,0x00,0x00,0x00,0x00,0x00,0x00,0x00,0x00,0x00,
	0x00,0x00,0x00,0x00,0x00,0x00,0x00,0x00,0x00,0x00,0x00,0x00,0x00,0x00,0x00,0x00,
	0x00,0x00,0x00,0x00,0x00,0x00,0x00,0x00,0x00,0x00,0x00,0x00,0x00,0x00,0x00,0x00,
	0x00,0x00,0x00,0x00,0x00,0x00,0x00,0x00,0x00,0x00,0x00,0x00,0x00,0x00,0x00,0x00,
	0x00,0x00,0x00,0x00,0x00,0x00,0x00,0x00,0x00,0x00,0x00,0x00,0x00,0x00,0x00,0x00,
	0x00,0x00,0x00,0x00,0x00,0x00,0x00,0x00,0x00,0x00,0x00,0x00,0x00,0x00,0x00,0x00,
	0x00,0x00,0x00,0x00,0x00,0x00,0x00,0x00,0x00,0x00,0x00,0x00,0x00,0x00,0x00,0x00,
	0x00,0x00,0x00,0x00,0x00,0x00,0x00,0x00,0x00,0x00,0x00,0x00,0x00,0x00,0x00,0x00,
	0x00,0x00,0x00,0x00,0x00,0x00,0x00,0x00,0x00,0x00,0x00,0x00,0x00,0x00,0x00,0x00,
	0x00,0x00,0x00,0x00,0x00,0x00,0x00,0x00,0x00,0x00,0x00,0x00,0x00,0x00,0x00,0x00,
	0x00,0x00,0x00,0x00,0x00,0x00,0x00,0x00,0x00,0x00,0x00,0x00,0x00,0x00,0x00,0x00,
	0x00,0x00,0x00,0x00,0x00,0x00,0x00,0x00,0x00,0x00,0x00,0x00,0x00,0x00,0x00,0x00,
	0x01,0x00,0x00,0x00,0x00,0x00,0x00,0x00,0x00,0x00,0x00,0x00,0x00,0x00,0x00,0x00,
	0xd6,0xb0,0x17,0x00,0x00,0x00,0x00,0x00,0x00,0x00,0x00,0x00,0x00,0x00,0x00,0x00,
	0x00,0x00,0x00,0x00,0x00,0x00,0x00,0x00,0x00,0x00,0x00,0x00,0x00,0x00,0x00,0x00,
	0x00,0x00,0x00,0x00,0x00,0x00,0x00,0x00,0x00,0x00,0x00,0x00,0x00,0x00,0x00,0x00,
	0x00,0x00,0x00,0x00,0x00,0x00,0x00,0x00,0x00,0x00,0x00,0x00,0x00,0x00,0x00,0x00,
	0x00,0x00,0x00,0x00,0x00,0x00,0x00,0x00,0x00,0x00,0x00,0x00,0x00,0x00,0x00,0x00,
	0x00,0x00,0x00,0x00,0x00,0x00,0x00,0x00,0x00,0x00,0x00,0x00,0x00,0x00,0x00,0x00,
	0x00,0x00,0x00,0x00,0x00,0x00,0x00,0x00,0x00,0x00,0x00,0x00,0x00,0x00,0x00,0x00,
	0x00,0x00,0x00,0x00,0x00,0x00,0x00,0x00,0x00,0x00,0x00,0x00,0x00,0x00,0x00,0x00,
	0x00,0x00,0x00,0x00,0x00,0x00,0x00,0x00,0xe8,0x03,0x00,0x00,0x20,0x00,0x00,0x00,
	0x3b,0xd7,0xfe,0x03,0x00,0x00,0x00,0x00,0x20,0xa1,0x07,0x00,0x00,0x00,0x00,0x00,
	0x00,0x00,0x00,0x00,0x00,0x00,0x00,0x00,0x19,0x00,0x00,0x00,0x00,0x00,0x00,0x00,
	0x80,0x96,0x98,0x00,0x00,0x00,0x00,0x00,0x00,0x00,0x00,0x00,0x00,0x00,0x00,0x00,
	0x00,0x24,0xf4,0x00,0x06,0x00,0x00,0x00,0x01,0x00,0x00,0x00,0x00,0x00,0x00,0x00,
	0x00,0x00,0x00,0x00,0x00,0x00,0x00,0x00,0x20,0x4e,0x00,0x00,0x00,0x00,0x00,0x00,
},
{
	0x00,0x00,0x00,0x00,0x00,0x00,0x00,0x00,0x00,0x00,0x00,0x00,0x00,0x00,0x00,0x00,
	0x00,0x00,0x00,0x00,0x00,0x00,0x00,0x00,0x24,0x01,0x00,0x00,0x00,0x00,0x00,0x00,
	0x00,0x00,0x00,0x00,0x00,0x00,0x00,0x00,0x00,0x00,0x00,0x00,0x00,0x00,0x00,0x00,
	0x00,0x00,0x00,0x00,0x00,0x00,0x00,0x00,0x00,0x00,0x00,0x00,0x00,0x00,0x00,0x00,
	0x00,0x00,0x00,0x00,0x00,0x00,0x00,0x00,0x00,0x00,0x00,0x00,0x00,0x00,0x00,0x00,
	0x00,0x00,0x00,0x00,0x00,0x00,0x00,0x00,0x00,0x00,0x00,0x00,0x00,0x00,0x00,0x00,
	0x00,0x00,0x00,0x00,0x00,0x00,0x00,0x00,0x00,0x00,0x00,0x00,0x00,0x00,0x00,0x00,
	0x00,0x00,0x00,0x00,0x00,0x00,0x00,0x00,0x00,0x00,0x00,0x00,0x00,0x00,0x00,0x00,
	0x00,0x00,0x00,0x00,0x00,0x00,0x00,0x00,0x00,0x00,0x00,0x00,0x00,0x00,0x00,0x00,
	0x00,0x00,0x00,0x00,0x00,0x00,0x00,0x00,0x00,0x00,0x00,0x00,0x00,0x00,0x00,0x00,
	0x00,0x00,0x00,0x00,0x00,0x00,0x00,0x00,0x00,0x00,0x00,0x00,0x00,0x00,0x00,0x00,
	0x24,0x01,0x00,0x00,0x00,0x00,0x00,0x00,0x00,0x00,0x00,0x00,0x00,0x00,0x00,0x00,
	0x00,0x00,0x00,0x00,0x00,0x00,0x00,0x00,0x00,0x00,0x00,0x00,0x00,0x00,0x00,0x00,
	0x24,0x01,0x00,0x00,0x00,0x00,0x00,0x00,0x00,0x00,0x00,0x00,0x00,0x00,0x00,0x00,
	0x00,0x00,0x00,0x00,0x00,0x00,0x00,0x00,0x00,0x00,0x00,0x00,0x00,0x00,0x00,0x00,
	0x24,0x01,0x00,0x00,0x00,0x00,0x00,0x00,0x00,0x00,0x00,0x00,0x00,0x00,0x00,0x00,
	0x00,0x00,0x00,0x00,0x00,0x00,0x00,0x00,0x00,0x00,0x00,0x00,0x00,0x00,0x00,0x00,
	0xb4,0x01,0x00,0x00,0x00,0x00,0x00,0x00,0x00,0x00,0x00,0x00,0x00,0x00,0x00,0x00,
	0x00,0x00,0x00,0x00,0x00,0x00,0x00,0x00,0x00,0x00,0x00,0x00,0x00,0x00,0x00,0x00,
	0xb4,0x01,0x00,0x00,0x00,0x00,0x00,0x00,0x00,0x00,0x00,0x00,0x00,0x00,0x00,0x00,
	0x00,0x00,0x00,0x00,0x00,0x00,0x00,0x00,0x00,0x00,0x00,0x00,0x00,0x00,0x00,0x00,
	0x24,0x01,0x00,0x00,0x00,0x00,0x00,0x00,0x00,0x00,0x00,0x00,0x00,0x00,0x00,0x00,
	0x00,0x00,0x00,0x00,0x00,0x00,0x00,0x00,0x00,0x00,0x00,0x00,0x00,0x00,0x00,0x00,
	0xb4,0x01,0x00,0x00,0x00,0x00,0x00,0x00,0x00,0x00,0x00,0x00,0x00,0x00,0x00,0x00,
	0x00,0x00,0x00,0x00,0x00,0x00,0x00,0x00,0x00,0x00,0x00,0x00,0x00,0x00,0x00,0x00,
	0xb4,0x01,0x00,0x00,0x00,0x00,0x00,0x00,0x00,0x00,0x00,0x00,0x00,0x00,0x00,0x00,
	0x00,0x00,0x00,0x00,0x00,0x00,0x00,0x00,0x01,0x00,0x00,0x00,0xff,0xff,0xff,0xff,
	0x4e,0x53,0x41,0x5f,0x4e,0x54,0x4f,0x00,0x00,0x00,0x01,0x00,0xff,0x13,0x14,0x00,
	0xff,0x00,0x00,0x00,0x24,0x24,0x11,0x00,0x80,0x80,0x0f,0x00,0xf3,0x60,0x11,0x00,
	0xff,0x30,0x10,0x00,0xff,0x07,0x17,0x00,0xff,0x00,0x1a,0x00,0xff,0x00,0x7f,0x00,
	0xff,0x83,0x7f,0x00,0xff,0x69,0x7f,0x00,0xff,0xbd,0x20,0x00,0x0f,0x05,0xff,0xff,
	0x00,0x00,0xff,0xff,0x00,0x00,0x83,0x00,0xff,0x00,0x84,0x00,0xff,0x00,0x85,0x00,
	0xff,0x00,0x86,0x00,0xff,0x00,0x87,0x00,0xff,0x00,0x88,0x00,0xff,0x00,0x38,0x00,
	0xff,0x00,0x39,0x00,0xff,0x00,0x3a,0x00,0xff,0x00,0x10,0x00,0x0f,0x06,0x10,0x00,
	0x0f,0x07,0x10,0x00,0x0f,0x08,0x02,0x00,0xff,0x00,0x03,0x00,0xff,0x00,0x04,0x00,
	0xff,0x00,0x05,0x00,0xff,0x00,0x06,0x00,0xff,0x00,0x07,0x00,0xff,0x00,0x08,0x04,
	0x00,0x00,0x00,0x00,0x00,0x00,0x00,0x00,0x00,0x00,0x00,0x00,0x00,0x00,0x00,0x00,
	0x00,0x00,0x00,0x00,0x00,0x00,0x00,0x00,0x00,0x00,0x00,0x00,0x00,0x00,0x00,0x00,
	0x00,0x00,0x00,0x00,0x00,0x00,0x00,0x00,0xff,0xff,0xff,0xff,0xff,0xff,0xff,0xff,
	0x01,0x00,0x00,0x00,0x00,0x00,0x00,0x00,0x00,0x00,0x00,0x00,0x00,0x00,0x00,0x00,
	0x00,0x00,0x00,0x00,0x00,0x00,0x00,0x00,0x00,0x00,0x00,0x00,0x00,0x00,0x00,0x00,
	0x00,0x00,0x00,0x00,0x00,0x00,0x00,0x00,0x00,0x00,0x00,0x00,0x00,0x00,0x00,0x00,
	0x00,0x00,0x00,0x00,0x00,0x00,0x00,0x00,0x00,0x00,0x00,0x00,0x00,0x00,0x00,0x00,
	0x00,0x00,0x00,0x00,0x00,0x00,0x00,0x00,0x00,0x00,0x00,0x00,0x00,0x00,0x00,0x00,
	0x00,0x00,0x00,0x00,0x00,0x00,0x00,0x00,0x00,0x00,0x00,0x00,0x00,0x00,0x00,0x00,
	0x00,0x00,0x00,0x00,0x00,0x00,0x00,0x00,0x00,0x00,0x00,0x00,0x00,0x00,0x00,0x00,
	0x00,0x00,0x00,0x00,0x00,0x00,0x00,0x00,0x00,0x00,0x00,0x00,0x00,0x00,0x00,0x00,
	0x00,0x00,0x00,0x00,0x00,0x00,0x00,0x00,0x00,0x00,0x00,0x00,0x00,0x00,0x00,0x00,
	0x00,0x00,0x00,0x00,0x00,0x00,0x00,0x00,0x00,0x00,0x00,0x00,0x00,0x00,0x00,0x00,
	0x00,0x00,0x00,0x00,0x00,0x00,0x00,0x00,0x00,0x00,0x00,0x00,0x00,0x00,0x00,0x00,
	0x00,0x00,0x00,0x00,0x00,0x00,0x00,0x00,0x00,0x00,0x00,0x00,0x00,0x00,0x00,0x00,
	0x00,0x00,0x00,0x00,0x00,0x00,0x00,0x00,0x00,0x00,0x00,0x00,0x00,0x00,0x00,0x00,
	0x00,0x00,0x00,0x00,0x00,0x00,0x00,0x00,0x00,0x00,0x00,0x00,0x00,0x00,0x00,0x00,
	0x00,0x00,0x00,0x00,0x00,0x00,0x00,0x00,0x00,0x00,0x00,0x00,0x00,0x00,0x00,0x00,
	0x00,0x00,0x00,0x00,0x00,0x00,0x00,0x00,0xa4,0x01,0x00,0x00,0x00,0x00,0x00,0x00,
	0x00,0x00,0x00,0x00,0x00,0x00,0x00,0x00,0x00,0x00,0x00,0x00,0x00,0x00,0x00,0x00,
	0x00,0x00,0x00,0x00,0x00,0x00,0x00,0x00,0xa4,0x01,0x00,0x00,0x00,0x00,0x00,0x00,
	0x00,0x00,0x00,0x00,0x00,0x00,0x00,0x00,0x00,0x00,0x00,0x00,0x00,0x00,0x00,0x00,
	0x00,0x00,0x00,0x00,0x00,0x00,0x00,0x00,0x24,0x01,0x00,0x00,0x00,0x00,0x00,0x00,
	0x00,0x00,0x00,0x00,0x00,0x00,0x00,0x00,0x00,0x00,0x00,0x00,0x00,0x00,0x00,0x00,
	0x00,0x00,0x00,0x00,0x00,0x00,0x00,0x00,0x00,0x00,0x00,0x00,0x00,0x00,0x00,0x00,
	0x00,0x00,0x00,0x00,0x00,0x00,0x00,0x00,0x00,0x00,0x00,0x00,0x00,0x00,0x00,0x00,
	0x00,0x00,0x00,0x00,0x00,0x00,0x00,0x00,0x02,0x0a,0x06,0x00,0x00,0x00,0x00,0x00,
	0x00,0x00,0x00,0x00,0x00,0x00,0x00,0x00,0x00,0x00,0x00,0x00,0x00,0x00,0x00,0x00,
	0x00,0x00,0x00,0x00,0x00,0x00,0x00,0x00,0x00,0x00,0x00,0x00,0x00,0x00,0x00,0x00,
	0x00,0x00,0x00,0x00,0x00,0x00,0x00,0x00,0x00,0x00,0x00,0x00,0x00,0x00,0x00,0x00,
	0x00,0x00,0x00,0x00,0x00,0x00,0x00,0x00,0x00,0x00,0x00,0x00,0x00,0x00,0x00,0x00,
	0x00,0x00,0x00,0x00,0x00,0x00,0x00,0x00,0x00,0x00,0x00,0x00,0x00,0x00,0x00,0x00,
	0x00,0x00,0x00,0x00,0x00,0x00,0x00,0x00,0x00,0x00,0x00,0x00,0x00,0x00,0x00,0x00,
	0x00,0x00,0x00,0x00,0x00,0x00,0x00,0x00,0x00,0x00,0x00,0x00,0x00,0x00,0x00,0x00,
	0x00,0x00,0x00,0x00,0x00,0x00,0x00,0x00,0x00,0x00,0x00,0x00,0x00,0x00,0x00,0x00,
	0x00,0x00,0x00,0x00,0x00,0x00,0x00,0x00,0x00,0x00,0x00,0x00,0x00,0x00,0x00,0x00,
	0x00,0x00,0x00,0x00,0x00,0x00,0x00,0x00,0x00,0x00,0x00,0x00,0x00,0x00,0x00,0x00,
	0x00,0x00,0x00,0x00,0x00,0x00,0x00,0x00,0x00,0x00,0x00,0x00,0x00,0x00,0x00,0x00,
	0x00,0x00,0x00,0x00,0x00,0x00,0x00,0x00,0x00,0x00,0x00,0x00,0x00,0x00,0x00,0x00,
	0x00,0x00,0x00,0x00,0x00,0x00,0x00,0x00,0x00,0x00,0x00,0x00,0x00,0x00,0x00,0x00,
	0x00,0x00,0x00,0x00,0x00,0x00,0x00,0x00,0x00,0x00,0x00,0x00,0x00,0x00,0x00,0x00,
	0x00,0x00,0x00,0x00,0x00,0x00,0x00,0x00,0x00,0x00,0x00,0x00,0x00,0x00,0x00,0x00,
	0x00,0x00,0x00,0x00,0x00,0x00,0x00,0x00,0x32,0x00,0x00,0x00,0x00,0x00,0x00,0x00,
	0x00,0x00,0x00,0x00,0x00,0x00,0x00,0x00,0xb4,0x01,0x00,0x00,0x00,0x00,0x00,0x00,
	0x00,0x00,0x00,0x00,0x00,0x00,0x00,0x00,0x00,0x00,0x00,0x00,0x00,0x00,0x00,0x00,
	0x00,0x00,0x00,0x00,0x00,0x00,0x00,0x00,0xb4,0x01,0x00,0x00,0x00,0x00,0x00,0x00,
	0x00,0x00,0x00,0x00,0x00,0x00,0x00,0x00,0x00,0x00,0x00,0x00,0x00,0x00,0x00,0x00,
	0xff,0x00,0x00,0x00,0x00,0x00,0x00,0x00,0x00,0x00,0x00,0x00,0x00,0x00,0x00,0x00,
	0x00,0x00,0x00,0x00,0x00,0x00,0x00,0x00,0x00,0x00,0x00,0x00,0x00,0x00,0x00,0x00,
	0x00,0x00,0x00,0x00,0x00,0x00,0x00,0x00,0x00,0x00,0x00,0x00,0x00,0x00,0x00,0x00,
	0x00,0x00,0x00,0x00,0x00,0x00,0x00,0x00,0x00,0x00,0x00,0x00,0x00,0x00,0x00,0x00,
	0x00,0x00,0x00,0x00,0x00,0x00,0x00,0x00,0x00,0x00,0x00,0x00,0x00,0x00,0x00,0x00,
	0x00,0x00,0x00,0x00,0x00,0x00,0x00,0x00,0x00,0x00,0x00,0x00,0x00,0x00,0x00,0x00,
	0x00,0x00,0x00,0x00,0x00,0x00,0x00,0x00,0x00,0x00,0x00,0x00,0x00,0x00,0x00,0x00,
	0x00,0x00,0x00,0x00,0x00,0x00,0x00,0x00,0x24,0x01,0x00,0x00,0x00,0x00,0x00,0x00,
	0x00,0x00,0x00,0x00,0x00,0x00,0x00,0x00,0x00,0x00,0x00,0x00,0x00,0x00,0x00,0x00,
	0x00,0x00,0x00,0x00,0x00,0x00,0x00,0x00,0x00,0x00,0x00,0x00,0x00,0x00,0x00,0x00,
	0x00,0x00,0x00,0x00,0x00,0x00,0x00,0x00,0x00,0x00,0x00,0x00,0x00,0x00,0x00,0x00,
	0x00,0x00,0x00,0x00,0x00,0x00,0x00,0x00,0x00,0x00,0x00,0x00,0x00,0x00,0x00,0x00,
	0x00,0x00,0x00,0x00,0x00,0x00,0x00,0x00,0x00,0x00,0x00,0x00,0x00,0x00,0x00,0x00,
	0x00,0x00,0x00,0x00,0x00,0x00,0x00,0x00,0x00,0x00,0x00,0x00,0x00,0x00,0x00,0x00,
	0x00,0x00,0x00,0x00,0x00,0x00,0x00,0x00,0x00,0x00,0x00,0x00,0x00,0x00,0x00,0x00,
	0x00,0x00,0x00,0x00,0x00,0x00,0x00,0x00,0x00,0x00,0x00,0x00,0x00,0x00,0x00,0x00,
	0x00,0x00,0x00,0x00,0x00,0x00,0x00,0x00,0x00,0x00,0x00,0x00,0x00,0x00,0x00,0x00,
	0x00,0x00,0x00,0x00,0x00,0x00,0x00,0x00,0x00,0x00,0x00,0x00,0x00,0x00,0x00,0x00,
	0x00,0x00,0x00,0x00,0x00,0x00,0x00,0x00,0x00,0x00,0x00,0x00,0x00,0x00,0x00,0x00,
	0x00,0x00,0x00,0x00,0x00,0x00,0x00,0x00,0x00,0x00,0x00,0x00,0x00,0x00,0x00,0x00,
	0x00,0x00,0x00,0x00,0x00,0x00,0x00,0x00,0x00,0x00,0x00,0x00,0x00,0x00,0x00,0x00,
	0x00,0x00,0x00,0x00,0x00,0x00,0x00,0x00,0x00,0x00,0x00,0x00,0x00,0x00,0x00,0x00,
	0x00,0x00,0x00,0x00,0x00,0x00,0x00,0x00,0x00,0x00,0x00,0x00,0x00,0x00,0x00,0x00,
	0x00,0x00,0x00,0x00,0x00,0x00,0x00,0x00,0x00,0x00,0x00,0x00,0x00,0x00,0x00,0x00,
	0x00,0x00,0x00,0x00,0x00,0x00,0x00,0x00,0x00,0x00,0x00,0x00,0x00,0x00,0x00,0x00,
	0x00,0x00,0x00,0x00,0x00,0x00,0x00,0x00,0x00,0x00,0x00,0x00,0x00,0x00,0x00,0x00,
	0xff,0x00,0x00,0x00,0x00,0x00,0x00,0x00,0x00,0x00,0x00,0x00,0x00,0x00,0x00,0x00,
	0x00,0x00,0x00,0x00,0x00,0x00,0x00,0x00,0x00,0x00,0x00,0x00,0x00,0x00,0x00,0x00,
	0x00,0x00,0x00,0x00,0x00,0x00,0x00,0x00,0x00,0x00,0x00,0x00,0x00,0x00,0x00,0x00,
	0x00,0x00,0x00,0x00,0x00,0x00,0x00,0x00,0x00,0x00,0x00,0x00,0x00,0x00,0x00,0x00,
	0x00,0x00,0x00,0x00,0x00,0x00,0x00,0x00,0x00,0x00,0x00,0x00,0x00,0x00,0x00,0x00,
	0x00,0x00,0x00,0x00,0x00,0x00,0x00,0x00,0x00,0x00,0x00,0x00,0x00,0x00,0x00,0x00,
	0x00,0x00,0x00,0x00,0x00,0x00,0x00,0x00,0x00,0x00,0x00,0x00,0x00,0x00,0x00,0x00,
	0x00,0x00,0x00,0x00,0x00,0x00,0x00,0x00,0xa4,0x01,0x00,0x00,0x00,0x00,0x00,0x00,
	0x00,0x00,0x00,0x00,0x00,0x00,0x00,0x00,0x00,0x00,0x00,0x00,0x00,0x00,0x00,0x00,
	0x00,0x00,0x00,0x00,0x00,0x00,0x00,0x00,0xa4,0x01,0x00,0x00,0x00,0x00,0x00,0x00,
	0x00,0x00,0x00,0x00,0x00,0x00,0x00,0x00,0x00,0x00,0x00,0x00,0x00,0x00,0x00,0x00,
	0x00,0x00,0x00,0x00,0x00,0x00,0x00,0x00,0xa4,0x01,0x00,0x00,0x00,0x00,0x00,0x00,
	0x00,0x00,0x00,0x00,0x00,0x00,0x00,0x00,0x00,0x00,0x00,0x00,0x00,0x00,0x00,0x00,
	0x00,0x00,0x00,0x00,0x00,0x00,0x00,0x00,0xa4,0x01,0x00,0x00,0x00,0x00,0x00,0x00,
	0x00,0x00,0x00,0x00,0x00,0x00,0x00,0x00,0x00,0x00,0x00,0x00,0x00,0x00,0x00,0x00,
	0x00,0x00,0x00,0x00,0x00,0x00,0x00,0x00,0x24,0x01,0x00,0x00,0x00,0x00,0x00,0x00,
	0x00,0x00,0x00,0x00,0x00,0x00,0x00,0x00,0x00,0x00,0x00,0x00,0x00,0x00,0x00,0x00,
	0x00,0x00,0x00,0x00,0x00,0x00,0x00,0x00,0x00,0x00,0x00,0x00,0x00,0x00,0x00,0x00,
	0x00,0x00,0x00,0x00,0x00,0x00,0x00,0x00,0x00,0x00,0x00,0x00,0x00,0x00,0x00,0x00,
	0x00,0x00,0x00,0x00,0x00,0x00,0x00,0x00,0x00,0x00,0x00,0x00,0x00,0x00,0x00,0x00,
	0x00,0x00,0x00,0x00,0x00,0x00,0x00,0x00,0x00,0x00,0x00,0x00,0x00,0x00,0x00,0x00,
	0x00,0x00,0x00,0x00,0x00,0x00,0x00,0x00,0x00,0x00,0x00,0x00,0x00,0x00,0x00,0x00,
	0x00,0x00,0x00,0x00,0x00,0x00,0x00,0x00,0x00,0x00,0x00,0x00,0x00,0x00,0x00,0x00,
	0x00,0x00,0x00,0x00,0x00,0x00,0x00,0x00,0x71,0x6d,0x63,0x2c,0x71,0x6d,0x63,0x36,
	0x33,0x30,0x38,0x00,0x00,0x00,0x00,0x00,0x00,0x00,0x00,0x00,0x00,0x00,0x00,0x00,
	0x00,0x00,0x00,0x00,0x00,0x00,0x00,0x00,0x00,0x00,0x00,0x00,0x00,0x00,0x00,0x00,
	0x00,0x00,0x00,0x00,0x00,0x00,0x00,0x00,0x00,0x00,0x00,0x00,0x00,0x00,0x00,0x00,
	0x00,0x00,0x00,0x00,0x00,0x00,0x00,0x00,0x00,0x00,0x00,0x00,0x00,0x00,0x00,0x00,
	0x00,0x00,0x00,0x00,0x00,0x00,0x00,0x00,0x00,0x00,0x00,0x00,0x00,0x00,0x00,0x00,
	0x00,0x00,0x00,0x00,0x00,0x00,0x00,0x00,0x00,0x00,0x00,0x00,0x00,0x00,0x00,0x00,
	0x00,0x00,0x00,0x00,0x00,0x00,0x00,0x00,0x00,0x00,0x00,0x00,0x00,0x00,0x00,0x00,
	0x00,0x00,0x00,0x00,0x00,0x00,0x00,0x00,0x00,0x00,0x00,0x00,0x00,0x00,0x00,0x00,
	0x00,0x00,0x00,0x00,0x00,0x00,0x00,0x00,0x00,0x00,0x00,0x00,0x00,0x00,0x00,0x00,
	0x00,0x00,0x00,0x00,0x00,0x00,0x00,0x00,0x00,0x00,0x00,0x00,0x00,0x00,0x00,0x00,
	0x00,0x00,0x00,0x00,0x00,0x00,0x00,0x00,0x00,0x00,0x00,0x00,0x00,0x00,0x00,0x00,
	0x00,0x00,0x00,0x00,0x00,0x00,0x00,0x00,0x00,0x00,0x00,0x00,0x00,0x00,0x00,0x00,
	0x00,0x00,0x00,0x00,0x00,0x00,0x00,0x00,0x00,0x00,0x00,0x00,0x00,0x00,0x00,0x00,
	0x00,0x00,0x00,0x00,0x00,0x00,0x00,0x00,0x00,0x00,0x00,0x00,0x00,0x00,0x00,0x00,
	0x00,0x00,0x00,0x00,0x00,0x00,0x00,0x00,0x00,0x00,0x00,0x00,0x00,0x00,0x00,0x00,
	0x00,0x00,0x00,0x00,0x00,0x00,0x00,0x00,0x00,0x00,0x00,0x00,0x00,0x00,0x00,0x00,
	0x00,0x00,0x00,0x00,0x00,0x00,0x00,0x00,0x00,0x00,0x00,0x00,0x00,0x00,0x00,0x00,
	0x00,0x00,0x00,0x00,0x00,0x00,0x00,0x00,0x00,0x00,0x00,0x00,0x00,0x00,0x00,0x00,
	0x00,0x00,0x00,0x00,0x00,0x00,0x00,0x00,0x00,0x00,0x00,0x00,0x00,0x00,0x00,0x00,
	0x00,0x00,0x00,0x00,0x00,0x00,0x00,0x00,0x00,0x00,0x00,0x00,0x00,0x00,0x00,0x00,
	0x00,0x00,0x00,0x00,0x00,0x00,0x00,0x00,0x00,0x00,0x00,0x00,0x00,0x00,0x00,0x00,
	0x00,0x00,0x00,0x00,0x00,0x00,0x00,0x00,0x00,0x00,0x00,0x00,0x00,0x00,0x00,0x00,
	0x00,0x00,0x00,0x00,0x00,0x00,0x00,0x00,0x00,0x00,0x00,0x00,0x00,0x00,0x00,0x00,
	0x00,0x00,0x00,0x00,0x00,0x00,0x00,0x00,0x00,0x00,0x00,0x00,0x00,0x00,0x00,0x00,
	0x00,0x00,0x00,0x00,0x00,0x00,0x00,0x00,0x00,0x00,0x00,0x00,0x00,0x00,0x00,0x00,
	0x00,0x00,0x00,0x00,0x00,0x00,0x00,0x00,0x00,0x00,0x00,0x00,0x00,0x00,0x00,0x00,
	0x00,0x00,0x00,0x00,0x00,0x00,0x00,0x00,0x00,0x00,0x00,0x00,0x00,0x00,0x00,0x00,
	0x00,0x00,0x00,0x00,0x00,0x00,0x00,0x00,0x00,0x00,0x00,0x00,0x00,0x00,0x00,0x00,
	0x00,0x00,0x00,0x00,0x00,0x00,0x00,0x00,0x00,0x00,0x00,0x00,0x00,0x00,0x00,0x00,
	0x00,0x00,0x00,0x00,0x00,0x00,0x00,0x00,0x00,0x00,0x00,0x00,0x00,0x00,0x00,0x00,
	0x00,0x00,0x00,0x00,0x00,0x00,0x00,0x00,0x00,0x00,0x00,0x00,0x00,0x00,0x00,0x00,
	0x00,0x00,0x00,0x00,0x00,0x00,0x00,0x00,0x00,0x00,0x00,0x00,0x00,0x00,0x00,0x00,
	0x00,0x00,0x00,0x00,0x00,0x00,0x00,0x00,0x00,0x00,0x00,0x00,0x00,0x00,0x00,0x00,
	0x00,0x00,0x00,0x00,0x00,0x00,0x00,0x00,0x00,0x00,0x00,0x00,0x00,0x00,0x00,0x00,
	0x00,0x00,0x00,0x00,0x00,0x00,0x00,0x00,0x00,0x00,0x00,0x00,0x00,0x00,0x00,0x00,
	0x00,0x00,0x00,0x00,0x00,0x00,0x00,0x00,0x00,0x00,0x00,0x00,0x00,0x00,0x00,0x00,
	0x00,0x00,0x00,0x00,0x00,0x00,0x00,0x00,0x00,0x00,0x00,0x00,0x00,0x00,0x00,0x00,
	0x00,0x00,0x00,0x00,0x00,0x00,0x00,0x00,0x00,0x00,0x00,0x00,0x00,0x00,0x00,0x00,
	0x00,0x00,0x00,0x00,0x00,0x00,0x00,0x00,0x00,0x00,0x00,0x00,0x00,0x00,0x00,0x00,
	0x00,0x00,0x00,0x00,0x00,0x00,0x00,0x00,0x00,0x00,0x00,0x00,0x00,0x00,0x00,0x00,
	0x00,0x00,0x00,0x00,0x00,0x00,0x00,0x00,0x00,0x00,0x00,0x00,0x00,0x00,0x00,0x00,
	0x00,0x00,0x00,0x00,0x00,0x00,0x00,0x00,0x00,0x00,0x00,0x00,0x00,0x00,0x00,0x00,
	0x00,0x00,0x00,0x00,0x00,0x00,0x00,0x00,0x00,0x00,0x00,0x00,0x00,0x00,0x00,0x00,
	0x00,0x00,0x00,0x00,0x00,0x00,0x00,0x00,0x00,0x00,0x00,0x00,0x00,0x00,0x00,0x00,
	0x00,0x00,0x00,0x00,0x00,0x00,0x00,0x00,0x00,0x00,0x00,0x00,0x00,0x00,0x00,0x00,
	0x00,0x00,0x00,0x00,0x00,0x00,0x00,0x00,0x00,0x00,0x00,0x00,0x00,0x00,0x00,0x00,
	0x00,0x00,0x00,0x00,0x00,0x00,0x00,0x00,0x00,0x00,0x00,0x00,0x00,0x00,0x00,0x00,
	0x00,0x00,0x00,0x00,0x00,0x00,0x00,0x00,0x00,0x00,0x00,0x00,0x00,0x00,0x00,0x00,
	0x00,0x00,0x00,0x00,0x00,0x00,0x00,0x00,0x00,0x00,0x00,0x00,0x00,0x00,0x00,0x00,
	0x00,0x00,0x00,0x00,0x00,0x00,0x00,0x00,0x00,0x00,0x00,0x00,0x00,0x00,0x00,0x00,
	0x00,0x00,0x00,0x00,0x00,0x00,0x00,0x00,0x00,0x00,0x00,0x00,0x00,0x00,0x00,0x00,
	0x00,0x00,0x00,0x00,0x00,0x00,0x00,0x00,0x00,0x00,0x00,0x00,0x00,0x00,0x00,0x00,
	0x00,0x00,0x00,0x00,0x00,0x00,0x00,0x00,0x00,0x00,0x00,0x00,0x00,0x00,0x00,0x00,
	0x00,0x00,0x00,0x00,0x00,0x00,0x00,0x00,0x00,0x00,0x00,0x00,0x00,0x00,0x00,0x00,
	0x00,0x00,0x00,0x00,0x00,0x00,0x00,0x00,0x00,0x00,0x00,0x00,0x00,0x00,0x00,0x00,
	0x00,0x00,0x00,0x00,0x00,0x00,0x00,0x00,0x00,0x00,0x00,0x00,0x00,0x00,0x00,0x00,
	0x00,0x00,0x00,0x00,0x00,0x00,0x00,0x00,0x00,0x00,0x00,0x00,0x00,0x00,0x00,0x00,
	0x00,0x00,0x00,0x00,0x00,0x00,0x00,0x00,0x00,0x00,0x00,0x00,0x00,0x00,0x00,0x00,
	0x00,0x00,0x00,0x00,0x00,0x00,0x00,0x00,0x00,0x00,0x00,0x00,0x00,0x00,0x00,0x00,
	0x00,0x00,0x00,0x00,0x00,0x00,0x00,0x00,0x00,0x00,0x00,0x00,0x00,0x00,0x00,0x00,
	0x00,0x00,0x00,0x00,0x00,0x00,0x00,0x00,0xa4,0x01,0x00,0x00,0x00,0x00,0x00,0x00,
	0x00,0x00,0x00,0x00,0x00,0x00,0x00,0x00,0x00,0x00,0x00,0x00,0x00,0x00,0x00,0x00,
	0x00,0x00,0x00,0x00,0x00,0x00,0x00,0x00,0x00,0x00,0x00,0x00,0x00,0x00,0x00,0x00,
	0x00,0x00,0x00,0x00,0x00,0x00,0x00,0x00,0x00,0x00,0x00,0x00,0x00,0x00,0x00,0x00,
	0x00,0x00,0x00,0x00,0x00,0x00,0x00,0x00,0x00,0x00,0x00,0x00,0x00,0x00,0x00,0x00,
	0x00,0x00,0x00,0x00,0x00,0x00,0x00,0x00,0x00,0x00,0x00,0x00,0x00,0x00,0x00,0x00,
	0x00,0x00,0x00,0x00,0x00,0x00,0x00,0x00,0x00,0x00,0x00,0x00,0x00,0x00,0x00,0x00,
	0x00,0x00,0x00,0x00,0x00,0x00,0x00,0x00,0x00,0x00,0x00,0x00,0x00,0x00,0x00,0x00,
	0x00,0x00,0x00,0x00,0x00,0x00,0x00,0x00,0x00,0x00,0x00,0x00,0x00,0x00,0x00,0x00,
	0x00,0x00,0x00,0x00,0x00,0x00,0x00,0x00,0x00,0x00,0x00,0x00,0x00,0x00,0x00,0x00,
	0x00,0x00,0x00,0x00,0x00,0x00,0x00,0x00,0x00,0x00,0x00,0x00,0x00,0x00,0x00,0x00,
	0x00,0x00,0x00,0x00,0x00,0x00,0x00,0x00,0x00,0x00,0x00,0x00,0x00,0x00,0x00,0x00,
	0x00,0x00,0x00,0x00,0x00,0x00,0x00,0x00,0x00,0x00,0x00,0x00,0x00,0x00,0x00,0x00,
	0x00,0x00,0x00,0x00,0x00,0x00,0x00,0x00,0x00,0x00,0x00,0x00,0x00,0x00,0x00,0x00,
	0x00,0x00,0x00,0x00,0x00,0x00,0x00,0x00,0x00,0x00,0x00,0x00,0x00,0x00,0x00,0x00,
	0x00,0x00,0x00,0x00,0x00,0x00,0x00,0x00,0x00,0x00,0x00,0x00,0x00,0x00,0x00,0x00,
	0x00,0x00,0x00,0x00,0x00,0x00,0x00,0x00,0x00,0x00,0x00,0x00,0x00,0x00,0x00,0x00,
	0x00,0x00,0x00,0x00,0x00,0x00,0x00,0x00,0x00,0x00,0x00,0x00,0x00,0x00,0x00,0x00,
	0x00,0x00,0x00,0x00,0x00,0x00,0x00,0x00,0x00,0x00,0x00,0x00,0x00,0x00,0x00,0x00,
	0x00,0x00,0x00,0x00,0x00,0x00,0x00,0x00,0xa4,0x01,0x00,0x00,0x00,0x00,0x00,0x00,
	0x00,0x00,0x00,0x00,0x00,0x00,0x00,0x00,0x00,0x00,0x00,0x00,0x00,0x00,0x00,0x00,
	0x00,0x00,0x00,0x00,0x00,0x00,0x00,0x00,0x00,0x00,0x00,0x00,0x00,0x00,0x00,0x00,
	0x00,0x00,0x00,0x00,0x00,0x00,0x00,0x00,0x00,0x00,0x00,0x00,0x00,0x00,0x00,0x00,
	0x00,0x00,0x00,0x00,0x00,0x00,0x00,0x00,0x00,0x00,0x00,0x00,0x00,0x00,0x00,0x00,
	0x00,0x00,0x00,0x00,0x00,0x00,0x00,0x00,0x00,0x00,0x00,0x00,0x00,0x00,0x00,0x00,
	0x00,0x00,0x00,0x00,0x00,0x00,0x00,0x00,0x00,0x00,0x00,0x00,0x00,0x00,0x00,0x00,
	0x00,0x00,0x00,0x00,0x00,0x00,0x00,0x00,0x00,0x00,0x00,0x00,0x00,0x00,0x00,0x00,
	0x00,0x00,0x00,0x00,0x00,0x00,0x00,0x00,0x00,0x00,0x00,0x00,0x00,0x00,0x00,0x00,
	0x00,0x00,0x00,0x00,0x00,0x00,0x00,0x00,0x00,0x00,0x00,0x00,0x00,0x00,0x00,0x00,
	0x00,0x00,0x00,0x00,0x00,0x00,0x00,0x00,0x00,0x00,0x00,0x00,0x00,0x00,0x00,0x00,
	0x00,0x00,0x00,0x00,0x00,0x00,0x00,0x00,0x00,0x00,0x00,0x00,0x00,0x00,0x00,0x00,
	0x00,0x00,0x00,0x00,0x00,0x00,0x00,0x00,0x00,0x00,0x00,0x00,0x00,0x00,0x00,0x00,
	0x00,0x00,0x00,0x00,0x00,0x00,0x00,0x00,0x00,0x00,0x00,0x00,0x00,0x00,0x00,0x00,
	0x00,0x00,0x00,0x00,0x00,0x00,0x00,0x00,0x00,0x00,0x00,0x00,0x00,0x00,0x00,0x00,
	0x00,0x00,0x00,0x00,0x00,0x00,0x00,0x00,0x00,0x00,0x00,0x00,0x00,0x00,0x00,0x00,
	0x00,0x00,0x00,0x00,0x00,0x00,0x00,0x00,0x00,0x00,0x00,0x00,0x00,0x00,0x00,0x00,
	0x00,0x00,0x00,0x00,0x00,0x00,0x00,0x00,0x00,0x00,0x00,0x00,0x00,0x00,0x00,0x00,
	0x00,0x00,0x00,0x00,0x00,0x00,0x00,0x00,0x00,0x00,0x00,0x00,0x00,0x00,0x00,0x00,
	0x00,0x00,0x00,0x00,0x00,0x00,0x00,0x00,0x00,0x00,0x00,0x00,0x00,0x00,0x00,0x00,
	0x00,0x00,0x00,0x00,0x00,0x00,0x00,0x00,0x00,0x00,0x00,0x00,0x00,0x00,0x00,0x00,
	0x00,0x00,0x00,0x00,0x00,0x00,0x00,0x00,0x00,0x00,0x00,0x00,0x00,0x00,0x00,0x00,
	0x00,0x00,0x00,0x00,0x00,0x00,0x00,0x00,0x00,0x00,0x00,0x00,0x00,0x00,0x00,0x00,
	0x00,0x00,0x00,0x00,0x00,0x00,0x00,0x00,0x00,0x00,0x00,0x00,0x00,0x00,0x00,0x00,
	0x00,0x00,0x00,0x00,0x00,0x00,0x00,0x00,0x00,0x00,0x00,0x00,0x00,0x00,0x00,0x00,
	0x00,0x00,0x00,0x00,0x00,0x00,0x00,0x00,0x00,0x00,0x00,0x00,0x00,0x00,0x00,0x00,
	0x00,0x00,0x00,0x00,0x00,0x00,0x00,0x00,0x00,0x00,0x00,0x00,0x00,0x00,0x00,0x00,
	0x00,0x00,0x00,0x00,0x00,0x00,0x00,0x00,0x00,0x00,0x00,0x00,0x00,0x00,0x00,0x00,
	0x00,0x00,0x00,0x00,0x00,0x00,0x00,0x00,0x00,0x00,0x00,0x00,0x00,0x00,0x00,0x00,
	0x00,0x00,0x00,0x00,0x00,0x00,0x00,0x00,0x00,0x00,0x00,0x00,0x00,0x00,0x00,0x00,
	0x00,0x00,0x00,0x00,0x00,0x00,0x00,0x00,0x00,0x00,0x00,0x00,0x00,0x00,0x00,0x00,
	0x00,0x00,0x00,0x00,0x00,0x00,0x00,0x00,0x00,0x00,0x00,0x00,0x00,0x00,0x00,0x00,
	0x00,0x00,0x00,0x00,0x00,0x00,0x00,0x00,0x00,0x00,0x00,0x00,0x00,0x00,0x00,0x00,
	0x00,0x00,0x00,0x00,0x00,0x00,0x00,0x00,0x00,0x00,0x00,0x00,0x00,0x00,0x00,0x00,
	0x00,0x00,0x00,0x00,0x00,0x00,0x00,0x00,0xa4,0x01,0x00,0x00,0x00,0x00,0x00,0x00,
	0x00,0x00,0x00,0x00,0x00,0x00,0x00,0x00,0x00,0x00,0x00,0x00,0x00,0x00,0x00,0x00,
	0x00,0x00,0x00,0x00,0x00,0x00,0x00,0x00,0x00,0x00,0x00,0x00,0x00,0x00,0x00,0x00,
	0x00,0x00,0x00,0x00,0x00,0x00,0x00,0x00,0x00,0x00,0x00,0x00,0x00,0x00,0x00,0x00,
	0x00,0x00,0x00,0x00,0x00,0x00,0x00,0x00,0x00,0x00,0x00,0x00,0x00,0x00,0x00,0x00,
	0x00,0x00,0x00,0x00,0x00,0x00,0x00,0x00,0x00,0x00,0x00,0x00,0x00,0x00,0x00,0x00,
	0x00,0x00,0x00,0x00,0x00,0x00,0x00,0x00,0x00,0x00,0x00,0x00,0x00,0x00,0x00,0x00,
	0x00,0x00,0x00,0x00,0x00,0x00,0x00,0x00,0x00,0x00,0x00,0x00,0x00,0x00,0x00,0x00,
	0x00,0x00,0x00,0x00,0x00,0x00,0x00,0x00,0x00,0x00,0x00,0x00,0x00,0x00,0x00,0x00,
	0x00,0x00,0x00,0x00,0x00,0x00,0x00,0x00,0x00,0x00,0x00,0x00,0x00,0x00,0x00,0x00,
},
};

#define BD_BSS_N 5
static const u32 bd_bss_stock_page[BD_BSS_N] = {
	0x0143a000,
	0x0143b000,
	0x0143c000,
	0x0143d000,
	0x01462000,
};

#define BD_API_LIST(X) \
	X(__const_udelay) \
	X(__init_waitqueue_head) \
	X(__stack_chk_fail) \
	X(complete) \
	X(dev_err) \
	X(dev_warn) \
	X(i2c_recover_bus) \
	X(i2c_smbus_read_i2c_block_data) \
	X(i2c_transfer) \
	X(input_event) \
	X(kthread_create_on_node) \
	X(kthread_should_stop) \
	X(kthread_stop) \
	X(memset) \
	X(msleep) \
	X(printk) \
	X(usleep_range) \
	X(wake_up_process)

enum { BD_API_MAX = 18 };
/* patch entries */
struct bd_lift_patch { u32 off; u8 kind; u32 arg; };
#define BD_LIFT_PATCH_ADRP 1
#define BD_LIFT_PATCH_BL   2
static const struct bd_lift_patch bd_lift_patches[] = {
	{ 0x000f24, BD_LIFT_PATCH_ADRP, 0x0099d000 },
	{ 0x000f38, BD_LIFT_PATCH_ADRP, 0x00bef000 },
	{ 0x000f44, BD_LIFT_PATCH_BL, (BD_API_PRINTK << 1) | 1 },
	{ 0x000f4c, BD_LIFT_PATCH_BL, (BD_API_MSLEEP << 1) | 1 },
	{ 0x000f60, BD_LIFT_PATCH_ADRP, 0x0099d000 },
	{ 0x000f6c, BD_LIFT_PATCH_ADRP, 0x00bef000 },
	{ 0x000f80, BD_LIFT_PATCH_BL, (BD_API_PRINTK << 1) | 1 },
	{ 0x000f90, BD_LIFT_PATCH_ADRP, 0x0099d000 },
	{ 0x000f94, BD_LIFT_PATCH_ADRP, 0x00bef000 },
	{ 0x000fac, BD_LIFT_PATCH_BL, (BD_API_PRINTK << 1) | 1 },
	{ 0x000fc4, BD_LIFT_PATCH_ADRP, 0x0143a000 },
	{ 0x001068, BD_LIFT_PATCH_ADRP, 0x0099d000 },
	{ 0x001074, BD_LIFT_PATCH_ADRP, 0x00bef000 },
	{ 0x00108c, BD_LIFT_PATCH_BL, (BD_API_PRINTK << 1) | 1 },
	{ 0x0010d8, BD_LIFT_PATCH_ADRP, 0x00bef000 },
	{ 0x0010e4, BD_LIFT_PATCH_BL, (BD_API_PRINTK << 1) | 1 },
	{ 0x0010ec, BD_LIFT_PATCH_BL, (BD_API_COMPLETE << 1) | 1 },
	{ 0x0011e8, BD_LIFT_PATCH_ADRP, 0x0099d000 },
	{ 0x0011ec, BD_LIFT_PATCH_ADRP, 0x00bef000 },
	{ 0x001204, BD_LIFT_PATCH_BL, (BD_API_PRINTK << 1) | 1 },
	{ 0x001208, BD_LIFT_PATCH_ADRP, 0x0143a000 },
	{ 0x0014bc, BD_LIFT_PATCH_ADRP, 0x0143a000 },
	{ 0x0014d4, BD_LIFT_PATCH_ADRP, 0x0143d000 },
	{ 0x0014e0, BD_LIFT_PATCH_ADRP, 0x0099d000 },
	{ 0x0014f4, BD_LIFT_PATCH_ADRP, 0x00bef000 },
	{ 0x001504, BD_LIFT_PATCH_BL, (BD_API_PRINTK << 1) | 1 },
	{ 0x00150c, BD_LIFT_PATCH_BL, (BD_API_MSLEEP << 1) | 1 },
	{ 0x001518, BD_LIFT_PATCH_ADRP, 0x00bef000 },
	{ 0x001528, BD_LIFT_PATCH_BL, (BD_API_PRINTK << 1) | 1 },
	{ 0x001560, BD_LIFT_PATCH_ADRP, 0x00bef000 },
	{ 0x00159c, BD_LIFT_PATCH_BL, (BD_API_PRINTK << 1) | 1 },
	{ 0x0015b8, BD_LIFT_PATCH_BL, (BD_API_INPUT_EVENT << 1) | 1 },
	{ 0x0015cc, BD_LIFT_PATCH_BL, (BD_API_INPUT_EVENT << 1) | 1 },
	{ 0x0015e0, BD_LIFT_PATCH_BL, (BD_API_INPUT_EVENT << 1) | 1 },
	{ 0x0015f4, BD_LIFT_PATCH_BL, (BD_API_INPUT_EVENT << 1) | 1 },
	{ 0x001608, BD_LIFT_PATCH_BL, (BD_API_INPUT_EVENT << 1) | 1 },
	{ 0x00161c, BD_LIFT_PATCH_BL, (BD_API_INPUT_EVENT << 1) | 1 },
	{ 0x0016a8, BD_LIFT_PATCH_ADRP, 0x00f7d000 },
	{ 0x0016bc, BD_LIFT_PATCH_ADRP, 0x0143a000 },
	{ 0x0016d0, BD_LIFT_PATCH_ADRP, 0x0099d000 },
	{ 0x0016d4, BD_LIFT_PATCH_ADRP, 0x00bef000 },
	{ 0x0016ec, BD_LIFT_PATCH_BL, (BD_API_PRINTK << 1) | 1 },
	{ 0x0016f8, BD_LIFT_PATCH_ADRP, 0x0099d000 },
	{ 0x001700, BD_LIFT_PATCH_ADRP, 0x00bef000 },
	{ 0x001744, BD_LIFT_PATCH_BL, (BD_API_I2C_TRANSFER << 1) | 1 },
	{ 0x001770, BD_LIFT_PATCH_BL, (BD_API_PRINTK << 1) | 1 },
	{ 0x001778, BD_LIFT_PATCH_BL, (BD_API_I2C_RECOVER_BUS << 1) | 1 },
	{ 0x001784, BD_LIFT_PATCH_BL, (BD_API___CONST_UDELAY << 1) | 1 },
	{ 0x001794, BD_LIFT_PATCH_ADRP, 0x0099d000 },
	{ 0x001798, BD_LIFT_PATCH_ADRP, 0x00bef000 },
	{ 0x0017b0, BD_LIFT_PATCH_BL, (BD_API_PRINTK << 1) | 1 },
	{ 0x0017d0, BD_LIFT_PATCH_BL, (BD_API___STACK_CHK_FAIL << 1) | 1 },
	{ 0x0017f4, BD_LIFT_PATCH_ADRP, 0x00f7d000 },
	{ 0x00184c, BD_LIFT_PATCH_BL, (BD_API___STACK_CHK_FAIL << 1) | 1 },
	{ 0x001868, BD_LIFT_PATCH_ADRP, 0x00f7d000 },
	{ 0x00187c, BD_LIFT_PATCH_ADRP, 0x0143a000 },
	{ 0x001890, BD_LIFT_PATCH_ADRP, 0x0099d000 },
	{ 0x001894, BD_LIFT_PATCH_ADRP, 0x00bef000 },
	{ 0x0018ac, BD_LIFT_PATCH_BL, (BD_API_PRINTK << 1) | 1 },
	{ 0x0018b4, BD_LIFT_PATCH_ADRP, 0x0099d000 },
	{ 0x0018bc, BD_LIFT_PATCH_ADRP, 0x00bef000 },
	{ 0x0018ec, BD_LIFT_PATCH_BL, (BD_API_I2C_TRANSFER << 1) | 1 },
	{ 0x001918, BD_LIFT_PATCH_BL, (BD_API_PRINTK << 1) | 1 },
	{ 0x001920, BD_LIFT_PATCH_BL, (BD_API_I2C_RECOVER_BUS << 1) | 1 },
	{ 0x00192c, BD_LIFT_PATCH_BL, (BD_API___CONST_UDELAY << 1) | 1 },
	{ 0x00193c, BD_LIFT_PATCH_ADRP, 0x0099d000 },
	{ 0x001940, BD_LIFT_PATCH_ADRP, 0x00bef000 },
	{ 0x001958, BD_LIFT_PATCH_BL, (BD_API_PRINTK << 1) | 1 },
	{ 0x001978, BD_LIFT_PATCH_BL, (BD_API___STACK_CHK_FAIL << 1) | 1 },
	{ 0x00199c, BD_LIFT_PATCH_ADRP, 0x00f7d000 },
	{ 0x0019d4, BD_LIFT_PATCH_BL, (BD_API___STACK_CHK_FAIL << 1) | 1 },
	{ 0x001ca4, BD_LIFT_PATCH_ADRP, 0x0099d000 },
	{ 0x001cbc, BD_LIFT_PATCH_ADRP, 0x00bef000 },
	{ 0x001cc8, BD_LIFT_PATCH_BL, (BD_API_PRINTK << 1) | 1 },
	{ 0x001cd0, BD_LIFT_PATCH_ADRP, 0x0143a000 },
	{ 0x001cd4, BD_LIFT_PATCH_ADRP, 0x00b7d000 },
	{ 0x001ce8, BD_LIFT_PATCH_BL, (BD_API___INIT_WAITQUEUE_HEAD << 1) | 1 },
	{ 0x001cec, BD_LIFT_PATCH_ADRP, 0x0056d000 },
	{ 0x001cf0, BD_LIFT_PATCH_ADRP, 0x00bef000 },
	{ 0x001d04, BD_LIFT_PATCH_BL, (BD_API_KTHREAD_CREATE_ON_NODE << 1) | 1 },
	{ 0x001d14, BD_LIFT_PATCH_BL, (BD_API_WAKE_UP_PROCESS << 1) | 1 },
	{ 0x002024, BD_LIFT_PATCH_ADRP, 0x0143d000 },
	{ 0x002034, BD_LIFT_PATCH_ADRP, 0x0143a000 },
	{ 0x002040, BD_LIFT_PATCH_ADRP, 0x0143d000 },
	{ 0x00204c, BD_LIFT_PATCH_ADRP, 0x0143d000 },
	{ 0x002058, BD_LIFT_PATCH_ADRP, 0x0143d000 },
	{ 0x002064, BD_LIFT_PATCH_ADRP, 0x01462000 },
	{ 0x002074, BD_LIFT_PATCH_ADRP, 0x01462000 },
	{ 0x002084, BD_LIFT_PATCH_ADRP, 0x0143a000 },
	{ 0x002090, BD_LIFT_PATCH_ADRP, 0x0143d000 },
	{ 0x00209c, BD_LIFT_PATCH_ADRP, 0x01020000 },
	{ 0x0020ac, BD_LIFT_PATCH_ADRP, 0x01462000 },
	{ 0x0020b8, BD_LIFT_PATCH_ADRP, 0x01462000 },
	{ 0x0020c4, BD_LIFT_PATCH_ADRP, 0x0143d000 },
	{ 0x0020d4, BD_LIFT_PATCH_ADRP, 0x01462000 },
	{ 0x0020e4, BD_LIFT_PATCH_ADRP, 0x0143d000 },
	{ 0x0020f4, BD_LIFT_PATCH_ADRP, 0x0143d000 },
	{ 0x00211c, BD_LIFT_PATCH_ADRP, 0x01462000 },
	{ 0x002130, BD_LIFT_PATCH_ADRP, 0x01462000 },
	{ 0x002144, BD_LIFT_PATCH_ADRP, 0x01462000 },
	{ 0x002150, BD_LIFT_PATCH_ADRP, 0x01462000 },
	{ 0x002160, BD_LIFT_PATCH_ADRP, 0x01462000 },
	{ 0x002170, BD_LIFT_PATCH_ADRP, 0x01462000 },
	{ 0x00219c, BD_LIFT_PATCH_ADRP, 0x01462000 },
	{ 0x0025ec, BD_LIFT_PATCH_ADRP, 0x01462000 },
	{ 0x002634, BD_LIFT_PATCH_ADRP, 0x01462000 },
	{ 0x00267c, BD_LIFT_PATCH_ADRP, 0x01462000 },
	{ 0x0026c4, BD_LIFT_PATCH_ADRP, 0x01462000 },
	{ 0x002710, BD_LIFT_PATCH_ADRP, 0x01462000 },
	{ 0x002e44, BD_LIFT_PATCH_ADRP, 0x01462000 },
	{ 0x002e8c, BD_LIFT_PATCH_ADRP, 0x01462000 },
	{ 0x002ed4, BD_LIFT_PATCH_ADRP, 0x01462000 },
	{ 0x002f1c, BD_LIFT_PATCH_ADRP, 0x01462000 },
	{ 0x002f68, BD_LIFT_PATCH_ADRP, 0x01462000 },
	{ 0x002fbc, BD_LIFT_PATCH_ADRP, 0x01462000 },
	{ 0x003008, BD_LIFT_PATCH_ADRP, 0x01462000 },
	{ 0x00305c, BD_LIFT_PATCH_ADRP, 0x01462000 },
	{ 0x0030a8, BD_LIFT_PATCH_ADRP, 0x01462000 },
	{ 0x0036ec, BD_LIFT_PATCH_ADRP, 0x01462000 },
	{ 0x003734, BD_LIFT_PATCH_ADRP, 0x01462000 },
	{ 0x00377c, BD_LIFT_PATCH_ADRP, 0x01462000 },
	{ 0x0037c4, BD_LIFT_PATCH_ADRP, 0x01462000 },
	{ 0x003810, BD_LIFT_PATCH_ADRP, 0x01462000 },
	{ 0x003b4c, BD_LIFT_PATCH_ADRP, 0x0143a000 },
	{ 0x003b80, BD_LIFT_PATCH_ADRP, 0x0143b000 },
	{ 0x003b94, BD_LIFT_PATCH_ADRP, 0x0143c000 },
	{ 0x003ba8, BD_LIFT_PATCH_ADRP, 0x0143c000 },
	{ 0x003bdc, BD_LIFT_PATCH_ADRP, 0x0143a000 },
	{ 0x003c10, BD_LIFT_PATCH_ADRP, 0x0143d000 },
	{ 0x003c44, BD_LIFT_PATCH_ADRP, 0x0143a000 },
	{ 0x003c58, BD_LIFT_PATCH_ADRP, 0x0143a000 },
	{ 0x003c8c, BD_LIFT_PATCH_ADRP, 0x0143d000 },
	{ 0x003cc0, BD_LIFT_PATCH_ADRP, 0x0143d000 },
	{ 0x003cd4, BD_LIFT_PATCH_ADRP, 0x0143d000 },
	{ 0x003ce8, BD_LIFT_PATCH_ADRP, 0x0143d000 },
	{ 0x003cfc, BD_LIFT_PATCH_ADRP, 0x0143d000 },
	{ 0x003d10, BD_LIFT_PATCH_ADRP, 0x0143d000 },
	{ 0x003d24, BD_LIFT_PATCH_ADRP, 0x0143d000 },
	{ 0x003d38, BD_LIFT_PATCH_ADRP, 0x0143d000 },
	{ 0x003d4c, BD_LIFT_PATCH_ADRP, 0x0143d000 },
	{ 0x003d60, BD_LIFT_PATCH_ADRP, 0x0143d000 },
	{ 0x003d88, BD_LIFT_PATCH_ADRP, 0x0143a000 },
	{ 0x003d94, BD_LIFT_PATCH_ADRP, 0x0143d000 },
	{ 0x003da0, BD_LIFT_PATCH_ADRP, 0x0143a000 },
	{ 0x003dac, BD_LIFT_PATCH_ADRP, 0x0143a000 },
	{ 0x003db8, BD_LIFT_PATCH_ADRP, 0x0143a000 },
	{ 0x003dc4, BD_LIFT_PATCH_ADRP, 0x0143a000 },
	{ 0x003dd0, BD_LIFT_PATCH_ADRP, 0x0143d000 },
	{ 0x003ddc, BD_LIFT_PATCH_ADRP, 0x0143d000 },
	{ 0x003de8, BD_LIFT_PATCH_ADRP, 0x0143d000 },
	{ 0x003df4, BD_LIFT_PATCH_ADRP, 0x0143d000 },
	{ 0x003e00, BD_LIFT_PATCH_ADRP, 0x0143d000 },
	{ 0x003e0c, BD_LIFT_PATCH_ADRP, 0x0143d000 },
	{ 0x003e18, BD_LIFT_PATCH_ADRP, 0x0143d000 },
	{ 0x003e24, BD_LIFT_PATCH_ADRP, 0x0143d000 },
	{ 0x003e30, BD_LIFT_PATCH_ADRP, 0x0143a000 },
	{ 0x003e40, BD_LIFT_PATCH_ADRP, 0x0143a000 },
	{ 0x003e50, BD_LIFT_PATCH_ADRP, 0x0143d000 },
	{ 0x003e5c, BD_LIFT_PATCH_ADRP, 0x0143d000 },
	{ 0x003e68, BD_LIFT_PATCH_ADRP, 0x0143d000 },
	{ 0x003e74, BD_LIFT_PATCH_ADRP, 0x0143d000 },
	{ 0x003e80, BD_LIFT_PATCH_ADRP, 0x0143d000 },
	{ 0x003e8c, BD_LIFT_PATCH_ADRP, 0x0143d000 },
	{ 0x003e98, BD_LIFT_PATCH_ADRP, 0x0143d000 },
	{ 0x003ea4, BD_LIFT_PATCH_ADRP, 0x0143d000 },
	{ 0x003eb0, BD_LIFT_PATCH_ADRP, 0x0143d000 },
	{ 0x003ebc, BD_LIFT_PATCH_ADRP, 0x0143d000 },
	{ 0x003ec8, BD_LIFT_PATCH_ADRP, 0x0143d000 },
	{ 0x003ed4, BD_LIFT_PATCH_ADRP, 0x0143d000 },
	{ 0x003ee0, BD_LIFT_PATCH_ADRP, 0x0143d000 },
	{ 0x003eec, BD_LIFT_PATCH_ADRP, 0x0143d000 },
	{ 0x003ef8, BD_LIFT_PATCH_ADRP, 0x0143d000 },
	{ 0x003f04, BD_LIFT_PATCH_ADRP, 0x0143d000 },
	{ 0x003f10, BD_LIFT_PATCH_ADRP, 0x0143d000 },
	{ 0x003f1c, BD_LIFT_PATCH_ADRP, 0x0143d000 },
	{ 0x003f28, BD_LIFT_PATCH_ADRP, 0x0143a000 },
	{ 0x003f34, BD_LIFT_PATCH_ADRP, 0x0143a000 },
	{ 0x003f40, BD_LIFT_PATCH_ADRP, 0x0143d000 },
	{ 0x003f4c, BD_LIFT_PATCH_ADRP, 0x0143d000 },
	{ 0x003f58, BD_LIFT_PATCH_ADRP, 0x0143d000 },
	{ 0x003f64, BD_LIFT_PATCH_ADRP, 0x0143d000 },
	{ 0x003f70, BD_LIFT_PATCH_ADRP, 0x0143d000 },
	{ 0x003f7c, BD_LIFT_PATCH_ADRP, 0x0143d000 },
	{ 0x003f88, BD_LIFT_PATCH_ADRP, 0x0143d000 },
	{ 0x003f94, BD_LIFT_PATCH_ADRP, 0x0143d000 },
	{ 0x003fa0, BD_LIFT_PATCH_ADRP, 0x0143d000 },
	{ 0x003fac, BD_LIFT_PATCH_ADRP, 0x0143a000 },
	{ 0x003fb8, BD_LIFT_PATCH_ADRP, 0x0143a000 },
	{ 0x003fc4, BD_LIFT_PATCH_ADRP, 0x0143d000 },
	{ 0x003fd0, BD_LIFT_PATCH_ADRP, 0x0143d000 },
	{ 0x003fdc, BD_LIFT_PATCH_ADRP, 0x0143d000 },
	{ 0x003fe8, BD_LIFT_PATCH_ADRP, 0x0143d000 },
	{ 0x003ff4, BD_LIFT_PATCH_ADRP, 0x0143d000 },
	{ 0x004000, BD_LIFT_PATCH_ADRP, 0x0143d000 },
	{ 0x00400c, BD_LIFT_PATCH_ADRP, 0x0143d000 },
	{ 0x004018, BD_LIFT_PATCH_ADRP, 0x0143d000 },
	{ 0x004024, BD_LIFT_PATCH_ADRP, 0x0143d000 },
	{ 0x004030, BD_LIFT_PATCH_ADRP, 0x0143d000 },
	{ 0x00403c, BD_LIFT_PATCH_ADRP, 0x0143d000 },
	{ 0x004048, BD_LIFT_PATCH_ADRP, 0x0143d000 },
	{ 0x004054, BD_LIFT_PATCH_ADRP, 0x01462000 },
	{ 0x004060, BD_LIFT_PATCH_ADRP, 0x0143a000 },
	{ 0x00406c, BD_LIFT_PATCH_ADRP, 0x01020000 },
	{ 0x00407c, BD_LIFT_PATCH_ADRP, 0x0143d000 },
	{ 0x004088, BD_LIFT_PATCH_ADRP, 0x0143a000 },
	{ 0x004094, BD_LIFT_PATCH_ADRP, 0x0143a000 },
	{ 0x0040a0, BD_LIFT_PATCH_ADRP, 0x0143d000 },
	{ 0x0040ac, BD_LIFT_PATCH_ADRP, 0x01020000 },
	{ 0x0040bc, BD_LIFT_PATCH_ADRP, 0x01462000 },
	{ 0x0040c8, BD_LIFT_PATCH_ADRP, 0x01462000 },
	{ 0x0040d4, BD_LIFT_PATCH_ADRP, 0x0143d000 },
	{ 0x0040e0, BD_LIFT_PATCH_ADRP, 0x0143d000 },
	{ 0x0040ec, BD_LIFT_PATCH_ADRP, 0x0143d000 },
	{ 0x0040f8, BD_LIFT_PATCH_ADRP, 0x0143d000 },
	{ 0x004108, BD_LIFT_PATCH_ADRP, 0x0143d000 },
	{ 0x004118, BD_LIFT_PATCH_ADRP, 0x0143a000 },
	{ 0x004128, BD_LIFT_PATCH_ADRP, 0x01462000 },
	{ 0x004138, BD_LIFT_PATCH_ADRP, 0x0143d000 },
	{ 0x004144, BD_LIFT_PATCH_ADRP, 0x0143d000 },
	{ 0x004150, BD_LIFT_PATCH_ADRP, 0x0143d000 },
	{ 0x00415c, BD_LIFT_PATCH_ADRP, 0x0143d000 },
	{ 0x004168, BD_LIFT_PATCH_ADRP, 0x0143a000 },
	{ 0x004174, BD_LIFT_PATCH_ADRP, 0x0143a000 },
	{ 0x004180, BD_LIFT_PATCH_ADRP, 0x0143a000 },
	{ 0x00418c, BD_LIFT_PATCH_ADRP, 0x0143d000 },
	{ 0x004198, BD_LIFT_PATCH_ADRP, 0x0143d000 },
	{ 0x0041a4, BD_LIFT_PATCH_ADRP, 0x0143d000 },
	{ 0x0041b0, BD_LIFT_PATCH_ADRP, 0x0143d000 },
	{ 0x0041bc, BD_LIFT_PATCH_ADRP, 0x0143d000 },
	{ 0x0041c8, BD_LIFT_PATCH_ADRP, 0x0143d000 },
	{ 0x0041d4, BD_LIFT_PATCH_ADRP, 0x0143d000 },
	{ 0x0041e0, BD_LIFT_PATCH_ADRP, 0x0143d000 },
	{ 0x0041ec, BD_LIFT_PATCH_ADRP, 0x0143d000 },
	{ 0x0041f8, BD_LIFT_PATCH_ADRP, 0x0143d000 },
	{ 0x004204, BD_LIFT_PATCH_ADRP, 0x0143d000 },
	{ 0x004210, BD_LIFT_PATCH_ADRP, 0x0143d000 },
	{ 0x00421c, BD_LIFT_PATCH_ADRP, 0x0143d000 },
	{ 0x004228, BD_LIFT_PATCH_ADRP, 0x0143d000 },
	{ 0x004234, BD_LIFT_PATCH_ADRP, 0x0143d000 },
	{ 0x004240, BD_LIFT_PATCH_ADRP, 0x0143d000 },
	{ 0x00424c, BD_LIFT_PATCH_ADRP, 0x0143d000 },
	{ 0x004258, BD_LIFT_PATCH_ADRP, 0x0143d000 },
	{ 0x004264, BD_LIFT_PATCH_ADRP, 0x0143d000 },
	{ 0x004270, BD_LIFT_PATCH_ADRP, 0x0143d000 },
	{ 0x004288, BD_LIFT_PATCH_ADRP, 0x0143d000 },
	{ 0x0042b4, BD_LIFT_PATCH_ADRP, 0x01462000 },
	{ 0x0042cc, BD_LIFT_PATCH_ADRP, 0x01462000 },
	{ 0x0042e0, BD_LIFT_PATCH_ADRP, 0x01462000 },
	{ 0x0042f4, BD_LIFT_PATCH_ADRP, 0x01462000 },
	{ 0x004318, BD_LIFT_PATCH_ADRP, 0x0143d000 },
	{ 0x004324, BD_LIFT_PATCH_ADRP, 0x0143a000 },
	{ 0x004330, BD_LIFT_PATCH_ADRP, 0x0143d000 },
	{ 0x0043b4, BD_LIFT_PATCH_ADRP, 0x0143a000 },
	{ 0x0044a0, BD_LIFT_PATCH_ADRP, 0x0143d000 },
	{ 0x0044d0, BD_LIFT_PATCH_ADRP, 0x0143d000 },
	{ 0x004560, BD_LIFT_PATCH_ADRP, 0x0143d000 },
	{ 0x004598, BD_LIFT_PATCH_ADRP, 0x0143d000 },
	{ 0x0045a8, BD_LIFT_PATCH_ADRP, 0x0143d000 },
	{ 0x0045bc, BD_LIFT_PATCH_ADRP, 0x0143d000 },
	{ 0x0045c8, BD_LIFT_PATCH_ADRP, 0x0143d000 },
	{ 0x0045dc, BD_LIFT_PATCH_ADRP, 0x0143d000 },
	{ 0x0045ec, BD_LIFT_PATCH_ADRP, 0x0143d000 },
	{ 0x0045fc, BD_LIFT_PATCH_ADRP, 0x0143d000 },
	{ 0x004618, BD_LIFT_PATCH_ADRP, 0x0143d000 },
	{ 0x004628, BD_LIFT_PATCH_ADRP, 0x0143d000 },
	{ 0x004644, BD_LIFT_PATCH_ADRP, 0x0143d000 },
	{ 0x004654, BD_LIFT_PATCH_ADRP, 0x0143d000 },
	{ 0x004664, BD_LIFT_PATCH_ADRP, 0x0143d000 },
	{ 0x004680, BD_LIFT_PATCH_ADRP, 0x01462000 },
	{ 0x004694, BD_LIFT_PATCH_ADRP, 0x0143d000 },
	{ 0x0046a4, BD_LIFT_PATCH_ADRP, 0x0143d000 },
	{ 0x0046c0, BD_LIFT_PATCH_ADRP, 0x01462000 },
	{ 0x0046d4, BD_LIFT_PATCH_ADRP, 0x01462000 },
	{ 0x0046e4, BD_LIFT_PATCH_ADRP, 0x01462000 },
	{ 0x0046f8, BD_LIFT_PATCH_ADRP, 0x01462000 },
	{ 0x004708, BD_LIFT_PATCH_ADRP, 0x0143d000 },
	{ 0x004718, BD_LIFT_PATCH_ADRP, 0x0143d000 },
	{ 0x004734, BD_LIFT_PATCH_ADRP, 0x01462000 },
	{ 0x004748, BD_LIFT_PATCH_ADRP, 0x0143d000 },
	{ 0x004758, BD_LIFT_PATCH_ADRP, 0x0143d000 },
	{ 0x004774, BD_LIFT_PATCH_ADRP, 0x01462000 },
	{ 0x004788, BD_LIFT_PATCH_ADRP, 0x01462000 },
	{ 0x004798, BD_LIFT_PATCH_ADRP, 0x01462000 },
	{ 0x0047ac, BD_LIFT_PATCH_ADRP, 0x01462000 },
	{ 0x0047b8, BD_LIFT_PATCH_ADRP, 0x0143d000 },
	{ 0x0047cc, BD_LIFT_PATCH_ADRP, 0x01462000 },
	{ 0x00481c, BD_LIFT_PATCH_ADRP, 0x01462000 },
	{ 0x0048b8, BD_LIFT_PATCH_ADRP, 0x0143d000 },
	{ 0x0048c8, BD_LIFT_PATCH_ADRP, 0x0143d000 },
	{ 0x0048e4, BD_LIFT_PATCH_ADRP, 0x0143d000 },
	{ 0x0048f4, BD_LIFT_PATCH_ADRP, 0x0143d000 },
	{ 0x004910, BD_LIFT_PATCH_ADRP, 0x0143d000 },
	{ 0x0049e0, BD_LIFT_PATCH_ADRP, 0x0143d000 },
	{ 0x004a10, BD_LIFT_PATCH_ADRP, 0x0143d000 },
	{ 0x004aa0, BD_LIFT_PATCH_ADRP, 0x0143d000 },
	{ 0x004ad8, BD_LIFT_PATCH_ADRP, 0x0143d000 },
	{ 0x004ae8, BD_LIFT_PATCH_ADRP, 0x0143d000 },
	{ 0x004afc, BD_LIFT_PATCH_ADRP, 0x0143d000 },
	{ 0x004b08, BD_LIFT_PATCH_ADRP, 0x0143d000 },
	{ 0x004b1c, BD_LIFT_PATCH_ADRP, 0x0143d000 },
	{ 0x004b2c, BD_LIFT_PATCH_ADRP, 0x0143d000 },
	{ 0x004b3c, BD_LIFT_PATCH_ADRP, 0x0143d000 },
	{ 0x004b58, BD_LIFT_PATCH_ADRP, 0x0143d000 },
	{ 0x004b68, BD_LIFT_PATCH_ADRP, 0x0143d000 },
	{ 0x004b84, BD_LIFT_PATCH_ADRP, 0x0143d000 },
	{ 0x004b94, BD_LIFT_PATCH_ADRP, 0x0143d000 },
	{ 0x004ba4, BD_LIFT_PATCH_ADRP, 0x0143d000 },
	{ 0x004bc0, BD_LIFT_PATCH_ADRP, 0x01462000 },
	{ 0x004bd4, BD_LIFT_PATCH_ADRP, 0x0143d000 },
	{ 0x004be4, BD_LIFT_PATCH_ADRP, 0x0143d000 },
	{ 0x004c00, BD_LIFT_PATCH_ADRP, 0x01462000 },
	{ 0x004c14, BD_LIFT_PATCH_ADRP, 0x01462000 },
	{ 0x004c24, BD_LIFT_PATCH_ADRP, 0x01462000 },
	{ 0x004c38, BD_LIFT_PATCH_ADRP, 0x01462000 },
	{ 0x004c48, BD_LIFT_PATCH_ADRP, 0x0143d000 },
	{ 0x004c58, BD_LIFT_PATCH_ADRP, 0x0143d000 },
	{ 0x004c74, BD_LIFT_PATCH_ADRP, 0x01462000 },
	{ 0x004c88, BD_LIFT_PATCH_ADRP, 0x0143d000 },
	{ 0x004c98, BD_LIFT_PATCH_ADRP, 0x0143d000 },
	{ 0x004cb4, BD_LIFT_PATCH_ADRP, 0x01462000 },
	{ 0x004cc8, BD_LIFT_PATCH_ADRP, 0x01462000 },
	{ 0x004cd8, BD_LIFT_PATCH_ADRP, 0x01462000 },
	{ 0x004cec, BD_LIFT_PATCH_ADRP, 0x01462000 },
	{ 0x004cf8, BD_LIFT_PATCH_ADRP, 0x0143d000 },
	{ 0x004d0c, BD_LIFT_PATCH_ADRP, 0x01462000 },
	{ 0x004d5c, BD_LIFT_PATCH_ADRP, 0x01462000 },
	{ 0x004df8, BD_LIFT_PATCH_ADRP, 0x0143d000 },
	{ 0x004e08, BD_LIFT_PATCH_ADRP, 0x0143d000 },
	{ 0x004e24, BD_LIFT_PATCH_ADRP, 0x0143d000 },
	{ 0x004e34, BD_LIFT_PATCH_ADRP, 0x0143d000 },
	{ 0x004e50, BD_LIFT_PATCH_ADRP, 0x0143d000 },
	{ 0x004f20, BD_LIFT_PATCH_ADRP, 0x0143d000 },
	{ 0x004f50, BD_LIFT_PATCH_ADRP, 0x0143d000 },
	{ 0x004fe0, BD_LIFT_PATCH_ADRP, 0x0143d000 },
	{ 0x005018, BD_LIFT_PATCH_ADRP, 0x0143d000 },
	{ 0x005028, BD_LIFT_PATCH_ADRP, 0x01462000 },
	{ 0x005034, BD_LIFT_PATCH_ADRP, 0x01462000 },
	{ 0x005048, BD_LIFT_PATCH_ADRP, 0x01462000 },
	{ 0x005054, BD_LIFT_PATCH_ADRP, 0x01462000 },
	{ 0x005060, BD_LIFT_PATCH_ADRP, 0x01462000 },
	{ 0x005074, BD_LIFT_PATCH_ADRP, 0x01462000 },
	{ 0x0050cc, BD_LIFT_PATCH_ADRP, 0x01462000 },
	{ 0x005164, BD_LIFT_PATCH_ADRP, 0x0143d000 },
	{ 0x005178, BD_LIFT_PATCH_ADRP, 0x0143d000 },
	{ 0x00518c, BD_LIFT_PATCH_ADRP, 0x0143d000 },
	{ 0x00519c, BD_LIFT_PATCH_ADRP, 0x0143d000 },
	{ 0x0051a8, BD_LIFT_PATCH_ADRP, 0x0143d000 },
	{ 0x0051b4, BD_LIFT_PATCH_ADRP, 0x0143d000 },
	{ 0x0051d0, BD_LIFT_PATCH_ADRP, 0x0143d000 },
	{ 0x0051e0, BD_LIFT_PATCH_ADRP, 0x0143d000 },
	{ 0x0051f8, BD_LIFT_PATCH_ADRP, 0x0143d000 },
	{ 0x005208, BD_LIFT_PATCH_ADRP, 0x0143d000 },
	{ 0x005220, BD_LIFT_PATCH_ADRP, 0x0143d000 },
	{ 0x005230, BD_LIFT_PATCH_ADRP, 0x0143d000 },
	{ 0x00524c, BD_LIFT_PATCH_ADRP, 0x0143d000 },
	{ 0x00525c, BD_LIFT_PATCH_ADRP, 0x0143d000 },
	{ 0x005278, BD_LIFT_PATCH_ADRP, 0x0143d000 },
	{ 0x005284, BD_LIFT_PATCH_ADRP, 0x0143d000 },
	{ 0x005294, BD_LIFT_PATCH_ADRP, 0x0143d000 },
	{ 0x0052b0, BD_LIFT_PATCH_ADRP, 0x0143d000 },
	{ 0x0052bc, BD_LIFT_PATCH_ADRP, 0x0143d000 },
	{ 0x0052cc, BD_LIFT_PATCH_ADRP, 0x0143d000 },
	{ 0x0052e8, BD_LIFT_PATCH_ADRP, 0x0143d000 },
	{ 0x00530c, BD_LIFT_PATCH_ADRP, 0x01462000 },
	{ 0x00531c, BD_LIFT_PATCH_ADRP, 0x0143d000 },
	{ 0x005328, BD_LIFT_PATCH_ADRP, 0x01462000 },
	{ 0x005338, BD_LIFT_PATCH_ADRP, 0x0143d000 },
	{ 0x005344, BD_LIFT_PATCH_ADRP, 0x01462000 },
	{ 0x005354, BD_LIFT_PATCH_ADRP, 0x0143d000 },
	{ 0x005360, BD_LIFT_PATCH_ADRP, 0x0143d000 },
	{ 0x005370, BD_LIFT_PATCH_ADRP, 0x0143d000 },
	{ 0x00537c, BD_LIFT_PATCH_ADRP, 0x0143d000 },
	{ 0x00538c, BD_LIFT_PATCH_ADRP, 0x0143d000 },
	{ 0x005398, BD_LIFT_PATCH_ADRP, 0x0143d000 },
	{ 0x0053a8, BD_LIFT_PATCH_ADRP, 0x0143d000 },
	{ 0x0053bc, BD_LIFT_PATCH_ADRP, 0x0143d000 },
	{ 0x00548c, BD_LIFT_PATCH_ADRP, 0x0143d000 },
	{ 0x0054bc, BD_LIFT_PATCH_ADRP, 0x0143d000 },
	{ 0x00554c, BD_LIFT_PATCH_ADRP, 0x0143d000 },
	{ 0x005584, BD_LIFT_PATCH_ADRP, 0x0143d000 },
	{ 0x005594, BD_LIFT_PATCH_ADRP, 0x0143d000 },
	{ 0x0055a8, BD_LIFT_PATCH_ADRP, 0x0143d000 },
	{ 0x0055b8, BD_LIFT_PATCH_ADRP, 0x0143d000 },
	{ 0x0055d4, BD_LIFT_PATCH_ADRP, 0x0143d000 },
	{ 0x0055e4, BD_LIFT_PATCH_ADRP, 0x0143d000 },
	{ 0x005600, BD_LIFT_PATCH_ADRP, 0x0143d000 },
	{ 0x005610, BD_LIFT_PATCH_ADRP, 0x0143d000 },
	{ 0x005620, BD_LIFT_PATCH_ADRP, 0x0143d000 },
	{ 0x00563c, BD_LIFT_PATCH_ADRP, 0x01462000 },
	{ 0x005650, BD_LIFT_PATCH_ADRP, 0x0143d000 },
	{ 0x005660, BD_LIFT_PATCH_ADRP, 0x0143d000 },
	{ 0x00567c, BD_LIFT_PATCH_ADRP, 0x01462000 },
	{ 0x005690, BD_LIFT_PATCH_ADRP, 0x01462000 },
	{ 0x0056a0, BD_LIFT_PATCH_ADRP, 0x01462000 },
	{ 0x0056b4, BD_LIFT_PATCH_ADRP, 0x01462000 },
	{ 0x0056c4, BD_LIFT_PATCH_ADRP, 0x0143d000 },
	{ 0x0056d4, BD_LIFT_PATCH_ADRP, 0x0143d000 },
	{ 0x0056f0, BD_LIFT_PATCH_ADRP, 0x01462000 },
	{ 0x005704, BD_LIFT_PATCH_ADRP, 0x0143d000 },
	{ 0x005714, BD_LIFT_PATCH_ADRP, 0x0143d000 },
	{ 0x005730, BD_LIFT_PATCH_ADRP, 0x01462000 },
	{ 0x005744, BD_LIFT_PATCH_ADRP, 0x01462000 },
	{ 0x005754, BD_LIFT_PATCH_ADRP, 0x01462000 },
	{ 0x005768, BD_LIFT_PATCH_ADRP, 0x01462000 },
	{ 0x005774, BD_LIFT_PATCH_ADRP, 0x0143d000 },
	{ 0x005788, BD_LIFT_PATCH_ADRP, 0x01462000 },
	{ 0x0057d8, BD_LIFT_PATCH_ADRP, 0x01462000 },
	{ 0x005874, BD_LIFT_PATCH_ADRP, 0x0143d000 },
	{ 0x005884, BD_LIFT_PATCH_ADRP, 0x0143d000 },
	{ 0x0058a0, BD_LIFT_PATCH_ADRP, 0x0143d000 },
	{ 0x0058b0, BD_LIFT_PATCH_ADRP, 0x0143d000 },
	{ 0x0058cc, BD_LIFT_PATCH_ADRP, 0x0143d000 },
	{ 0x00599c, BD_LIFT_PATCH_ADRP, 0x0143d000 },
	{ 0x0059cc, BD_LIFT_PATCH_ADRP, 0x0143d000 },
	{ 0x005a5c, BD_LIFT_PATCH_ADRP, 0x0143d000 },
	{ 0x005a94, BD_LIFT_PATCH_ADRP, 0x0143d000 },
	{ 0x005b64, BD_LIFT_PATCH_ADRP, 0x0143d000 },
	{ 0x005b94, BD_LIFT_PATCH_ADRP, 0x0143d000 },
	{ 0x005c24, BD_LIFT_PATCH_ADRP, 0x0143d000 },
	{ 0x005c5c, BD_LIFT_PATCH_ADRP, 0x0143d000 },
	{ 0x005c6c, BD_LIFT_PATCH_ADRP, 0x01462000 },
	{ 0x005c78, BD_LIFT_PATCH_ADRP, 0x01462000 },
	{ 0x005c8c, BD_LIFT_PATCH_ADRP, 0x01462000 },
	{ 0x005c98, BD_LIFT_PATCH_ADRP, 0x01462000 },
	{ 0x005ca4, BD_LIFT_PATCH_ADRP, 0x01462000 },
	{ 0x005cb8, BD_LIFT_PATCH_ADRP, 0x01462000 },
	{ 0x005d10, BD_LIFT_PATCH_ADRP, 0x01462000 },
	{ 0x005da8, BD_LIFT_PATCH_ADRP, 0x0143d000 },
	{ 0x005dbc, BD_LIFT_PATCH_ADRP, 0x0143d000 },
	{ 0x005dd0, BD_LIFT_PATCH_ADRP, 0x0143d000 },
	{ 0x005de0, BD_LIFT_PATCH_ADRP, 0x0143d000 },
	{ 0x005dec, BD_LIFT_PATCH_ADRP, 0x0143d000 },
	{ 0x005df8, BD_LIFT_PATCH_ADRP, 0x0143d000 },
	{ 0x005e14, BD_LIFT_PATCH_ADRP, 0x0143d000 },
	{ 0x005e24, BD_LIFT_PATCH_ADRP, 0x0143d000 },
	{ 0x005e3c, BD_LIFT_PATCH_ADRP, 0x0143d000 },
	{ 0x005e4c, BD_LIFT_PATCH_ADRP, 0x0143d000 },
	{ 0x005e64, BD_LIFT_PATCH_ADRP, 0x0143d000 },
	{ 0x005e74, BD_LIFT_PATCH_ADRP, 0x0143d000 },
	{ 0x005e88, BD_LIFT_PATCH_ADRP, 0x0143d000 },
	{ 0x005ea4, BD_LIFT_PATCH_ADRP, 0x0143d000 },
	{ 0x005eb4, BD_LIFT_PATCH_ADRP, 0x0143d000 },
	{ 0x005ed0, BD_LIFT_PATCH_ADRP, 0x0143d000 },
	{ 0x005ee0, BD_LIFT_PATCH_ADRP, 0x0143d000 },
	{ 0x005efc, BD_LIFT_PATCH_ADRP, 0x0143d000 },
	{ 0x005f20, BD_LIFT_PATCH_ADRP, 0x01462000 },
	{ 0x005f30, BD_LIFT_PATCH_ADRP, 0x0143d000 },
	{ 0x005f3c, BD_LIFT_PATCH_ADRP, 0x01462000 },
	{ 0x005f4c, BD_LIFT_PATCH_ADRP, 0x0143d000 },
	{ 0x005f58, BD_LIFT_PATCH_ADRP, 0x01462000 },
	{ 0x005f68, BD_LIFT_PATCH_ADRP, 0x0143d000 },
	{ 0x005f7c, BD_LIFT_PATCH_ADRP, 0x0143d000 },
	{ 0x00604c, BD_LIFT_PATCH_ADRP, 0x0143d000 },
	{ 0x00607c, BD_LIFT_PATCH_ADRP, 0x0143d000 },
	{ 0x00610c, BD_LIFT_PATCH_ADRP, 0x0143d000 },
	{ 0x006144, BD_LIFT_PATCH_ADRP, 0x0143d000 },
	{ 0x006154, BD_LIFT_PATCH_ADRP, 0x0143d000 },
	{ 0x006168, BD_LIFT_PATCH_ADRP, 0x0143d000 },
	{ 0x006178, BD_LIFT_PATCH_ADRP, 0x0143d000 },
	{ 0x006194, BD_LIFT_PATCH_ADRP, 0x0143d000 },
	{ 0x0061a4, BD_LIFT_PATCH_ADRP, 0x0143d000 },
	{ 0x0061c0, BD_LIFT_PATCH_ADRP, 0x0143d000 },
	{ 0x0061d0, BD_LIFT_PATCH_ADRP, 0x0143d000 },
	{ 0x0061e0, BD_LIFT_PATCH_ADRP, 0x0143d000 },
	{ 0x0061fc, BD_LIFT_PATCH_ADRP, 0x01462000 },
	{ 0x006210, BD_LIFT_PATCH_ADRP, 0x0143d000 },
	{ 0x006220, BD_LIFT_PATCH_ADRP, 0x0143d000 },
	{ 0x00623c, BD_LIFT_PATCH_ADRP, 0x01462000 },
	{ 0x006250, BD_LIFT_PATCH_ADRP, 0x01462000 },
	{ 0x006260, BD_LIFT_PATCH_ADRP, 0x01462000 },
	{ 0x006274, BD_LIFT_PATCH_ADRP, 0x01462000 },
	{ 0x006284, BD_LIFT_PATCH_ADRP, 0x0143d000 },
	{ 0x006294, BD_LIFT_PATCH_ADRP, 0x0143d000 },
	{ 0x0062b0, BD_LIFT_PATCH_ADRP, 0x01462000 },
	{ 0x0062c4, BD_LIFT_PATCH_ADRP, 0x0143d000 },
	{ 0x0062d4, BD_LIFT_PATCH_ADRP, 0x0143d000 },
	{ 0x0062f0, BD_LIFT_PATCH_ADRP, 0x01462000 },
	{ 0x006304, BD_LIFT_PATCH_ADRP, 0x01462000 },
	{ 0x006314, BD_LIFT_PATCH_ADRP, 0x01462000 },
	{ 0x006328, BD_LIFT_PATCH_ADRP, 0x01462000 },
	{ 0x006334, BD_LIFT_PATCH_ADRP, 0x0143d000 },
	{ 0x006348, BD_LIFT_PATCH_ADRP, 0x01462000 },
	{ 0x006398, BD_LIFT_PATCH_ADRP, 0x01462000 },
	{ 0x006434, BD_LIFT_PATCH_ADRP, 0x0143d000 },
	{ 0x006444, BD_LIFT_PATCH_ADRP, 0x0143d000 },
	{ 0x006460, BD_LIFT_PATCH_ADRP, 0x0143d000 },
	{ 0x006470, BD_LIFT_PATCH_ADRP, 0x0143d000 },
	{ 0x00648c, BD_LIFT_PATCH_ADRP, 0x0143d000 },
	{ 0x00655c, BD_LIFT_PATCH_ADRP, 0x0143d000 },
	{ 0x00658c, BD_LIFT_PATCH_ADRP, 0x0143d000 },
	{ 0x00661c, BD_LIFT_PATCH_ADRP, 0x0143d000 },
	{ 0x006654, BD_LIFT_PATCH_ADRP, 0x0143d000 },
	{ 0x006724, BD_LIFT_PATCH_ADRP, 0x0143d000 },
	{ 0x006754, BD_LIFT_PATCH_ADRP, 0x0143d000 },
	{ 0x0067e4, BD_LIFT_PATCH_ADRP, 0x0143d000 },
	{ 0x00681c, BD_LIFT_PATCH_ADRP, 0x0143d000 },
	{ 0x00682c, BD_LIFT_PATCH_ADRP, 0x01462000 },
	{ 0x006838, BD_LIFT_PATCH_ADRP, 0x01462000 },
	{ 0x00684c, BD_LIFT_PATCH_ADRP, 0x01462000 },
	{ 0x006858, BD_LIFT_PATCH_ADRP, 0x01462000 },
	{ 0x006864, BD_LIFT_PATCH_ADRP, 0x01462000 },
	{ 0x006878, BD_LIFT_PATCH_ADRP, 0x01462000 },
	{ 0x0068d0, BD_LIFT_PATCH_ADRP, 0x01462000 },
	{ 0x006968, BD_LIFT_PATCH_ADRP, 0x0143d000 },
	{ 0x00697c, BD_LIFT_PATCH_ADRP, 0x0143d000 },
	{ 0x006990, BD_LIFT_PATCH_ADRP, 0x0143d000 },
	{ 0x0069a0, BD_LIFT_PATCH_ADRP, 0x0143d000 },
	{ 0x0069ac, BD_LIFT_PATCH_ADRP, 0x0143d000 },
	{ 0x0069b8, BD_LIFT_PATCH_ADRP, 0x0143d000 },
	{ 0x0069d4, BD_LIFT_PATCH_ADRP, 0x0143d000 },
	{ 0x0069e4, BD_LIFT_PATCH_ADRP, 0x0143d000 },
	{ 0x0069fc, BD_LIFT_PATCH_ADRP, 0x0143d000 },
	{ 0x006a0c, BD_LIFT_PATCH_ADRP, 0x0143d000 },
	{ 0x006a24, BD_LIFT_PATCH_ADRP, 0x0143d000 },
	{ 0x006a34, BD_LIFT_PATCH_ADRP, 0x0143d000 },
	{ 0x006a50, BD_LIFT_PATCH_ADRP, 0x0143d000 },
	{ 0x006a60, BD_LIFT_PATCH_ADRP, 0x0143d000 },
	{ 0x006a7c, BD_LIFT_PATCH_ADRP, 0x0143d000 },
	{ 0x006a88, BD_LIFT_PATCH_ADRP, 0x0143d000 },
	{ 0x006a98, BD_LIFT_PATCH_ADRP, 0x0143d000 },
	{ 0x006ab4, BD_LIFT_PATCH_ADRP, 0x0143d000 },
	{ 0x006ac0, BD_LIFT_PATCH_ADRP, 0x0143d000 },
	{ 0x006ad0, BD_LIFT_PATCH_ADRP, 0x0143d000 },
	{ 0x006aec, BD_LIFT_PATCH_ADRP, 0x0143d000 },
	{ 0x006b10, BD_LIFT_PATCH_ADRP, 0x01462000 },
	{ 0x006b20, BD_LIFT_PATCH_ADRP, 0x0143d000 },
	{ 0x006b2c, BD_LIFT_PATCH_ADRP, 0x01462000 },
	{ 0x006b3c, BD_LIFT_PATCH_ADRP, 0x0143d000 },
	{ 0x006b48, BD_LIFT_PATCH_ADRP, 0x01462000 },
	{ 0x006b58, BD_LIFT_PATCH_ADRP, 0x0143d000 },
	{ 0x006b6c, BD_LIFT_PATCH_ADRP, 0x0143d000 },
	{ 0x006e28, BD_LIFT_PATCH_ADRP, 0x01462000 },
	{ 0x00702c, BD_LIFT_PATCH_ADRP, 0x01462000 },
	{ 0x00758c, BD_LIFT_PATCH_ADRP, 0x01462000 },
	{ 0x0080c4, BD_LIFT_PATCH_ADRP, 0x0143a000 },
	{ 0x0080dc, BD_LIFT_PATCH_ADRP, 0x0143a000 },
	{ 0x0080e8, BD_LIFT_PATCH_ADRP, 0x0143a000 },
	{ 0x0080f4, BD_LIFT_PATCH_ADRP, 0x0143a000 },
	{ 0x008104, BD_LIFT_PATCH_ADRP, 0x0143a000 },
	{ 0x008118, BD_LIFT_PATCH_ADRP, 0x0143a000 },
	{ 0x00813c, BD_LIFT_PATCH_ADRP, 0x0143a000 },
	{ 0x008148, BD_LIFT_PATCH_ADRP, 0x0143a000 },
	{ 0x008154, BD_LIFT_PATCH_ADRP, 0x0143a000 },
	{ 0x008160, BD_LIFT_PATCH_ADRP, 0x0143a000 },
	{ 0x00816c, BD_LIFT_PATCH_ADRP, 0x0143a000 },
	{ 0x008178, BD_LIFT_PATCH_ADRP, 0x0143a000 },
	{ 0x008184, BD_LIFT_PATCH_ADRP, 0x0143a000 },
	{ 0x008198, BD_LIFT_PATCH_ADRP, 0x0143a000 },
	{ 0x0081a4, BD_LIFT_PATCH_ADRP, 0x0143a000 },
	{ 0x0081b0, BD_LIFT_PATCH_ADRP, 0x0143a000 },
	{ 0x0081bc, BD_LIFT_PATCH_ADRP, 0x0143a000 },
	{ 0x0081c8, BD_LIFT_PATCH_ADRP, 0x0143a000 },
	{ 0x0081e4, BD_LIFT_PATCH_ADRP, 0x0143a000 },
	{ 0x00820c, BD_LIFT_PATCH_ADRP, 0x0143a000 },
	{ 0x008218, BD_LIFT_PATCH_ADRP, 0x0143a000 },
	{ 0x008224, BD_LIFT_PATCH_ADRP, 0x0143a000 },
	{ 0x008230, BD_LIFT_PATCH_ADRP, 0x0143a000 },
	{ 0x00823c, BD_LIFT_PATCH_ADRP, 0x0143a000 },
	{ 0x008248, BD_LIFT_PATCH_ADRP, 0x0143a000 },
	{ 0x008274, BD_LIFT_PATCH_ADRP, 0x0143a000 },
	{ 0x0082a0, BD_LIFT_PATCH_ADRP, 0x0143a000 },
	{ 0x0082e4, BD_LIFT_PATCH_ADRP, 0x0143a000 },
	{ 0x0082f4, BD_LIFT_PATCH_ADRP, 0x0143a000 },
	{ 0x008314, BD_LIFT_PATCH_ADRP, 0x0143a000 },
	{ 0x008324, BD_LIFT_PATCH_ADRP, 0x0143a000 },
	{ 0x008338, BD_LIFT_PATCH_ADRP, 0x0143a000 },
	{ 0x008364, BD_LIFT_PATCH_ADRP, 0x0143a000 },
	{ 0x008388, BD_LIFT_PATCH_ADRP, 0x0143a000 },
	{ 0x008398, BD_LIFT_PATCH_ADRP, 0x0143a000 },
	{ 0x0083ac, BD_LIFT_PATCH_ADRP, 0x0143a000 },
	{ 0x0083d8, BD_LIFT_PATCH_ADRP, 0x0143d000 },
	{ 0x0083fc, BD_LIFT_PATCH_ADRP, 0x0143a000 },
	{ 0x008420, BD_LIFT_PATCH_ADRP, 0x0143a000 },
	{ 0x00843c, BD_LIFT_PATCH_ADRP, 0x0143a000 },
	{ 0x008480, BD_LIFT_PATCH_ADRP, 0x0143a000 },
	{ 0x0084bc, BD_LIFT_PATCH_ADRP, 0x0143a000 },
	{ 0x0084f4, BD_LIFT_PATCH_ADRP, 0x0143a000 },
	{ 0x008524, BD_LIFT_PATCH_ADRP, 0x0143a000 },
	{ 0x008548, BD_LIFT_PATCH_ADRP, 0x0143a000 },
	{ 0x008564, BD_LIFT_PATCH_ADRP, 0x0143a000 },
	{ 0x008590, BD_LIFT_PATCH_ADRP, 0x0143a000 },
	{ 0x0085dc, BD_LIFT_PATCH_ADRP, 0x0143a000 },
	{ 0x0085f8, BD_LIFT_PATCH_ADRP, 0x0143a000 },
	{ 0x008618, BD_LIFT_PATCH_ADRP, 0x0143a000 },
	{ 0x00862c, BD_LIFT_PATCH_ADRP, 0x01462000 },
	{ 0x00863c, BD_LIFT_PATCH_ADRP, 0x01462000 },
	{ 0x008660, BD_LIFT_PATCH_ADRP, 0x0143d000 },
	{ 0x008670, BD_LIFT_PATCH_ADRP, 0x0143d000 },
	{ 0x008698, BD_LIFT_PATCH_ADRP, 0x01462000 },
	{ 0x0086b0, BD_LIFT_PATCH_ADRP, 0x0143d000 },
	{ 0x0086c4, BD_LIFT_PATCH_ADRP, 0x01462000 },
	{ 0x0086d4, BD_LIFT_PATCH_ADRP, 0x0143d000 },
	{ 0x0086e4, BD_LIFT_PATCH_ADRP, 0x0143d000 },
	{ 0x0086f8, BD_LIFT_PATCH_ADRP, 0x0143d000 },
	{ 0x008710, BD_LIFT_PATCH_ADRP, 0x0143d000 },
	{ 0x008724, BD_LIFT_PATCH_ADRP, 0x0143d000 },
	{ 0x008748, BD_LIFT_PATCH_ADRP, 0x01462000 },
	{ 0x00875c, BD_LIFT_PATCH_ADRP, 0x0143d000 },
	{ 0x008770, BD_LIFT_PATCH_ADRP, 0x0143d000 },
	{ 0x008784, BD_LIFT_PATCH_ADRP, 0x0143d000 },
	{ 0x008794, BD_LIFT_PATCH_ADRP, 0x0143d000 },
	{ 0x0087a8, BD_LIFT_PATCH_ADRP, 0x0143d000 },
	{ 0x0087bc, BD_LIFT_PATCH_ADRP, 0x0143d000 },
	{ 0x0087cc, BD_LIFT_PATCH_ADRP, 0x0143d000 },
	{ 0x0087d8, BD_LIFT_PATCH_ADRP, 0x0143d000 },
	{ 0x0087ec, BD_LIFT_PATCH_ADRP, 0x01462000 },
	{ 0x008800, BD_LIFT_PATCH_ADRP, 0x01462000 },
	{ 0x008814, BD_LIFT_PATCH_ADRP, 0x01462000 },
	{ 0x008820, BD_LIFT_PATCH_ADRP, 0x01462000 },
	{ 0x008834, BD_LIFT_PATCH_ADRP, 0x0143a000 },
	{ 0x008848, BD_LIFT_PATCH_ADRP, 0x0143d000 },
	{ 0x008858, BD_LIFT_PATCH_ADRP, 0x0143d000 },
	{ 0x008864, BD_LIFT_PATCH_ADRP, 0x0143d000 },
	{ 0x008870, BD_LIFT_PATCH_ADRP, 0x01462000 },
	{ 0x00887c, BD_LIFT_PATCH_ADRP, 0x0143d000 },
	{ 0x00888c, BD_LIFT_PATCH_ADRP, 0x01020000 },
	{ 0x0088a0, BD_LIFT_PATCH_ADRP, 0x01462000 },
	{ 0x0088b4, BD_LIFT_PATCH_ADRP, 0x01462000 },
	{ 0x0088c8, BD_LIFT_PATCH_ADRP, 0x01462000 },
	{ 0x0088d8, BD_LIFT_PATCH_ADRP, 0x01462000 },
	{ 0x0088e8, BD_LIFT_PATCH_ADRP, 0x01462000 },
	{ 0x0088fc, BD_LIFT_PATCH_ADRP, 0x01462000 },
	{ 0x008910, BD_LIFT_PATCH_ADRP, 0x01462000 },
	{ 0x00891c, BD_LIFT_PATCH_ADRP, 0x01462000 },
	{ 0x008930, BD_LIFT_PATCH_ADRP, 0x01462000 },
	{ 0x00893c, BD_LIFT_PATCH_ADRP, 0x0143d000 },
	{ 0x008948, BD_LIFT_PATCH_ADRP, 0x01020000 },
	{ 0x00895c, BD_LIFT_PATCH_ADRP, 0x01462000 },
	{ 0x008970, BD_LIFT_PATCH_ADRP, 0x01462000 },
	{ 0x008984, BD_LIFT_PATCH_ADRP, 0x01462000 },
	{ 0x008994, BD_LIFT_PATCH_ADRP, 0x01462000 },
	{ 0x0089dc, BD_LIFT_PATCH_ADRP, 0x0143d000 },
	{ 0x008a00, BD_LIFT_PATCH_ADRP, 0x0143d000 },
	{ 0x008a14, BD_LIFT_PATCH_ADRP, 0x0143d000 },
	{ 0x008a24, BD_LIFT_PATCH_ADRP, 0x0143d000 },
	{ 0x008a30, BD_LIFT_PATCH_ADRP, 0x0143d000 },
	{ 0x008a54, BD_LIFT_PATCH_ADRP, 0x0143a000 },
	{ 0x008a6c, BD_LIFT_PATCH_ADRP, 0x0143a000 },
	{ 0x008a78, BD_LIFT_PATCH_ADRP, 0x0143a000 },
	{ 0x008a84, BD_LIFT_PATCH_ADRP, 0x0143a000 },
	{ 0x008a94, BD_LIFT_PATCH_ADRP, 0x01462000 },
	{ 0x008aa8, BD_LIFT_PATCH_ADRP, 0x0143a000 },
	{ 0x008abc, BD_LIFT_PATCH_ADRP, 0x0143a000 },
	{ 0x008ae0, BD_LIFT_PATCH_ADRP, 0x0143a000 },
	{ 0x008af0, BD_LIFT_PATCH_ADRP, 0x0143a000 },
	{ 0x008b04, BD_LIFT_PATCH_ADRP, 0x0143a000 },
	{ 0x008b28, BD_LIFT_PATCH_ADRP, 0x0143a000 },
	{ 0x008b34, BD_LIFT_PATCH_ADRP, 0x0143a000 },
	{ 0x008b40, BD_LIFT_PATCH_ADRP, 0x0143a000 },
	{ 0x008b4c, BD_LIFT_PATCH_ADRP, 0x0143a000 },
	{ 0x008b58, BD_LIFT_PATCH_ADRP, 0x0143a000 },
	{ 0x008b64, BD_LIFT_PATCH_ADRP, 0x0143a000 },
	{ 0x008b70, BD_LIFT_PATCH_ADRP, 0x0143a000 },
	{ 0x008b84, BD_LIFT_PATCH_ADRP, 0x0143a000 },
	{ 0x008b90, BD_LIFT_PATCH_ADRP, 0x0143a000 },
	{ 0x008b9c, BD_LIFT_PATCH_ADRP, 0x0143a000 },
	{ 0x008ba8, BD_LIFT_PATCH_ADRP, 0x0143a000 },
	{ 0x008bb4, BD_LIFT_PATCH_ADRP, 0x01462000 },
	{ 0x008bc8, BD_LIFT_PATCH_ADRP, 0x0143a000 },
	{ 0x008bdc, BD_LIFT_PATCH_ADRP, 0x0143a000 },
	{ 0x008c00, BD_LIFT_PATCH_ADRP, 0x0143a000 },
	{ 0x008c10, BD_LIFT_PATCH_ADRP, 0x0143a000 },
	{ 0x008c28, BD_LIFT_PATCH_ADRP, 0x0143a000 },
	{ 0x008c50, BD_LIFT_PATCH_ADRP, 0x0143a000 },
	{ 0x008c5c, BD_LIFT_PATCH_ADRP, 0x0143a000 },
	{ 0x008c68, BD_LIFT_PATCH_ADRP, 0x0143a000 },
	{ 0x008c74, BD_LIFT_PATCH_ADRP, 0x0143a000 },
	{ 0x008c80, BD_LIFT_PATCH_ADRP, 0x0143a000 },
	{ 0x008c8c, BD_LIFT_PATCH_ADRP, 0x0143a000 },
	{ 0x008c9c, BD_LIFT_PATCH_ADRP, 0x0143d000 },
	{ 0x008cb4, BD_LIFT_PATCH_ADRP, 0x0143a000 },
	{ 0x008ccc, BD_LIFT_PATCH_ADRP, 0x0143a000 },
	{ 0x008cd8, BD_LIFT_PATCH_ADRP, 0x0143a000 },
	{ 0x008ce4, BD_LIFT_PATCH_ADRP, 0x0143a000 },
	{ 0x008cf4, BD_LIFT_PATCH_ADRP, 0x01462000 },
	{ 0x008d08, BD_LIFT_PATCH_ADRP, 0x0143a000 },
	{ 0x008d1c, BD_LIFT_PATCH_ADRP, 0x0143a000 },
	{ 0x008d40, BD_LIFT_PATCH_ADRP, 0x0143a000 },
	{ 0x008d50, BD_LIFT_PATCH_ADRP, 0x0143a000 },
	{ 0x008d64, BD_LIFT_PATCH_ADRP, 0x0143a000 },
	{ 0x008d88, BD_LIFT_PATCH_ADRP, 0x0143a000 },
	{ 0x008d94, BD_LIFT_PATCH_ADRP, 0x0143a000 },
	{ 0x008da0, BD_LIFT_PATCH_ADRP, 0x0143a000 },
	{ 0x008dac, BD_LIFT_PATCH_ADRP, 0x0143a000 },
	{ 0x008db8, BD_LIFT_PATCH_ADRP, 0x0143a000 },
	{ 0x008dc4, BD_LIFT_PATCH_ADRP, 0x0143a000 },
	{ 0x008dd0, BD_LIFT_PATCH_ADRP, 0x0143a000 },
	{ 0x008de4, BD_LIFT_PATCH_ADRP, 0x0143a000 },
	{ 0x008df0, BD_LIFT_PATCH_ADRP, 0x0143a000 },
	{ 0x008dfc, BD_LIFT_PATCH_ADRP, 0x0143a000 },
	{ 0x008e08, BD_LIFT_PATCH_ADRP, 0x0143a000 },
	{ 0x008e14, BD_LIFT_PATCH_ADRP, 0x01462000 },
	{ 0x008e28, BD_LIFT_PATCH_ADRP, 0x0143a000 },
	{ 0x008e44, BD_LIFT_PATCH_ADRP, 0x0143a000 },
	{ 0x008e6c, BD_LIFT_PATCH_ADRP, 0x0143a000 },
	{ 0x008e7c, BD_LIFT_PATCH_ADRP, 0x0143a000 },
	{ 0x008e94, BD_LIFT_PATCH_ADRP, 0x0143a000 },
	{ 0x008ebc, BD_LIFT_PATCH_ADRP, 0x0143a000 },
	{ 0x008ec8, BD_LIFT_PATCH_ADRP, 0x0143a000 },
	{ 0x008ed4, BD_LIFT_PATCH_ADRP, 0x0143a000 },
	{ 0x008ee0, BD_LIFT_PATCH_ADRP, 0x0143a000 },
	{ 0x008eec, BD_LIFT_PATCH_ADRP, 0x0143a000 },
	{ 0x008ef8, BD_LIFT_PATCH_ADRP, 0x0143a000 },
	{ 0x008f08, BD_LIFT_PATCH_ADRP, 0x0143d000 },
	{ 0x008f44, BD_LIFT_PATCH_ADRP, 0x0143d000 },
	{ 0x008f6c, BD_LIFT_PATCH_ADRP, 0x0143d000 },
	{ 0x008f80, BD_LIFT_PATCH_ADRP, 0x0143d000 },
	{ 0x008f90, BD_LIFT_PATCH_ADRP, 0x0143d000 },
	{ 0x008f9c, BD_LIFT_PATCH_ADRP, 0x0143d000 },
	{ 0x008fb4, BD_LIFT_PATCH_ADRP, 0x0143a000 },
	{ 0x008fcc, BD_LIFT_PATCH_ADRP, 0x0143a000 },
	{ 0x008fd8, BD_LIFT_PATCH_ADRP, 0x0143a000 },
	{ 0x008fe4, BD_LIFT_PATCH_ADRP, 0x0143a000 },
	{ 0x008ff4, BD_LIFT_PATCH_ADRP, 0x0143a000 },
	{ 0x009008, BD_LIFT_PATCH_ADRP, 0x0143a000 },
	{ 0x00902c, BD_LIFT_PATCH_ADRP, 0x0143a000 },
	{ 0x009038, BD_LIFT_PATCH_ADRP, 0x0143a000 },
	{ 0x009044, BD_LIFT_PATCH_ADRP, 0x0143a000 },
	{ 0x009050, BD_LIFT_PATCH_ADRP, 0x0143a000 },
	{ 0x00905c, BD_LIFT_PATCH_ADRP, 0x0143a000 },
	{ 0x009068, BD_LIFT_PATCH_ADRP, 0x0143a000 },
	{ 0x009074, BD_LIFT_PATCH_ADRP, 0x0143a000 },
	{ 0x009088, BD_LIFT_PATCH_ADRP, 0x0143a000 },
	{ 0x009094, BD_LIFT_PATCH_ADRP, 0x0143a000 },
	{ 0x0090a0, BD_LIFT_PATCH_ADRP, 0x0143a000 },
	{ 0x0090ac, BD_LIFT_PATCH_ADRP, 0x0143a000 },
	{ 0x0090b8, BD_LIFT_PATCH_ADRP, 0x0143a000 },
	{ 0x0090cc, BD_LIFT_PATCH_ADRP, 0x0143a000 },
	{ 0x0090f0, BD_LIFT_PATCH_ADRP, 0x0143a000 },
	{ 0x0090fc, BD_LIFT_PATCH_ADRP, 0x0143a000 },
	{ 0x009108, BD_LIFT_PATCH_ADRP, 0x0143a000 },
	{ 0x009114, BD_LIFT_PATCH_ADRP, 0x0143a000 },
	{ 0x009120, BD_LIFT_PATCH_ADRP, 0x0143a000 },
	{ 0x00912c, BD_LIFT_PATCH_ADRP, 0x0143a000 },
	{ 0x00913c, BD_LIFT_PATCH_ADRP, 0x0143d000 },
	{ 0x009178, BD_LIFT_PATCH_ADRP, 0x0143d000 },
	{ 0x0091a0, BD_LIFT_PATCH_ADRP, 0x0143d000 },
	{ 0x0091b4, BD_LIFT_PATCH_ADRP, 0x0143d000 },
	{ 0x0091c4, BD_LIFT_PATCH_ADRP, 0x0143d000 },
	{ 0x0091d0, BD_LIFT_PATCH_ADRP, 0x0143d000 },
	{ 0x0091e8, BD_LIFT_PATCH_ADRP, 0x0143a000 },
	{ 0x009200, BD_LIFT_PATCH_ADRP, 0x0143a000 },
	{ 0x00920c, BD_LIFT_PATCH_ADRP, 0x0143a000 },
	{ 0x009218, BD_LIFT_PATCH_ADRP, 0x0143a000 },
	{ 0x009228, BD_LIFT_PATCH_ADRP, 0x0143a000 },
	{ 0x00923c, BD_LIFT_PATCH_ADRP, 0x0143a000 },
	{ 0x009260, BD_LIFT_PATCH_ADRP, 0x0143a000 },
	{ 0x00926c, BD_LIFT_PATCH_ADRP, 0x0143a000 },
	{ 0x009278, BD_LIFT_PATCH_ADRP, 0x0143a000 },
	{ 0x009284, BD_LIFT_PATCH_ADRP, 0x0143a000 },
	{ 0x009290, BD_LIFT_PATCH_ADRP, 0x0143a000 },
	{ 0x00929c, BD_LIFT_PATCH_ADRP, 0x0143a000 },
	{ 0x0092a8, BD_LIFT_PATCH_ADRP, 0x0143a000 },
	{ 0x0092bc, BD_LIFT_PATCH_ADRP, 0x0143a000 },
	{ 0x0092c8, BD_LIFT_PATCH_ADRP, 0x0143a000 },
	{ 0x0092d4, BD_LIFT_PATCH_ADRP, 0x0143a000 },
	{ 0x0092e0, BD_LIFT_PATCH_ADRP, 0x0143a000 },
	{ 0x0092ec, BD_LIFT_PATCH_ADRP, 0x0143a000 },
	{ 0x009300, BD_LIFT_PATCH_ADRP, 0x0143a000 },
	{ 0x009324, BD_LIFT_PATCH_ADRP, 0x0143a000 },
	{ 0x009330, BD_LIFT_PATCH_ADRP, 0x0143a000 },
	{ 0x00933c, BD_LIFT_PATCH_ADRP, 0x0143a000 },
	{ 0x009348, BD_LIFT_PATCH_ADRP, 0x0143a000 },
	{ 0x009354, BD_LIFT_PATCH_ADRP, 0x0143a000 },
	{ 0x009360, BD_LIFT_PATCH_ADRP, 0x0143a000 },
	{ 0x009370, BD_LIFT_PATCH_ADRP, 0x0143d000 },
	{ 0x0093ac, BD_LIFT_PATCH_ADRP, 0x0143d000 },
	{ 0x0093d4, BD_LIFT_PATCH_ADRP, 0x0143d000 },
	{ 0x0093e8, BD_LIFT_PATCH_ADRP, 0x0143d000 },
	{ 0x0093f8, BD_LIFT_PATCH_ADRP, 0x0143d000 },
	{ 0x009404, BD_LIFT_PATCH_ADRP, 0x0143d000 },
	{ 0x00941c, BD_LIFT_PATCH_ADRP, 0x0143a000 },
	{ 0x009434, BD_LIFT_PATCH_ADRP, 0x0143a000 },
	{ 0x009440, BD_LIFT_PATCH_ADRP, 0x0143a000 },
	{ 0x00944c, BD_LIFT_PATCH_ADRP, 0x0143a000 },
	{ 0x00945c, BD_LIFT_PATCH_ADRP, 0x0143a000 },
	{ 0x009470, BD_LIFT_PATCH_ADRP, 0x0143a000 },
	{ 0x009494, BD_LIFT_PATCH_ADRP, 0x0143a000 },
	{ 0x0094a0, BD_LIFT_PATCH_ADRP, 0x0143a000 },
	{ 0x0094ac, BD_LIFT_PATCH_ADRP, 0x0143a000 },
	{ 0x0094b8, BD_LIFT_PATCH_ADRP, 0x0143a000 },
	{ 0x0094c4, BD_LIFT_PATCH_ADRP, 0x0143a000 },
	{ 0x0094d0, BD_LIFT_PATCH_ADRP, 0x0143a000 },
	{ 0x0094dc, BD_LIFT_PATCH_ADRP, 0x0143a000 },
	{ 0x0094f0, BD_LIFT_PATCH_ADRP, 0x0143a000 },
	{ 0x0094fc, BD_LIFT_PATCH_ADRP, 0x0143a000 },
	{ 0x009508, BD_LIFT_PATCH_ADRP, 0x0143a000 },
	{ 0x009514, BD_LIFT_PATCH_ADRP, 0x0143a000 },
	{ 0x009520, BD_LIFT_PATCH_ADRP, 0x0143a000 },
	{ 0x009534, BD_LIFT_PATCH_ADRP, 0x0143a000 },
	{ 0x009558, BD_LIFT_PATCH_ADRP, 0x0143a000 },
	{ 0x009564, BD_LIFT_PATCH_ADRP, 0x0143a000 },
	{ 0x009570, BD_LIFT_PATCH_ADRP, 0x0143a000 },
	{ 0x00957c, BD_LIFT_PATCH_ADRP, 0x0143a000 },
	{ 0x009588, BD_LIFT_PATCH_ADRP, 0x0143a000 },
	{ 0x009594, BD_LIFT_PATCH_ADRP, 0x0143a000 },
	{ 0x0095a4, BD_LIFT_PATCH_ADRP, 0x0143d000 },
	{ 0x0095e0, BD_LIFT_PATCH_ADRP, 0x0143d000 },
	{ 0x009604, BD_LIFT_PATCH_ADRP, 0x0143d000 },
	{ 0x009618, BD_LIFT_PATCH_ADRP, 0x0143d000 },
	{ 0x009628, BD_LIFT_PATCH_ADRP, 0x0143d000 },
	{ 0x009634, BD_LIFT_PATCH_ADRP, 0x0143d000 },
	{ 0x00964c, BD_LIFT_PATCH_ADRP, 0x0143a000 },
	{ 0x009664, BD_LIFT_PATCH_ADRP, 0x0143a000 },
	{ 0x009670, BD_LIFT_PATCH_ADRP, 0x0143a000 },
	{ 0x00967c, BD_LIFT_PATCH_ADRP, 0x0143a000 },
	{ 0x00968c, BD_LIFT_PATCH_ADRP, 0x0143a000 },
	{ 0x0096a0, BD_LIFT_PATCH_ADRP, 0x0143a000 },
	{ 0x0096cc, BD_LIFT_PATCH_ADRP, 0x0143a000 },
	{ 0x0096d8, BD_LIFT_PATCH_ADRP, 0x0143a000 },
	{ 0x0096e4, BD_LIFT_PATCH_ADRP, 0x0143a000 },
	{ 0x0096f0, BD_LIFT_PATCH_ADRP, 0x0143a000 },
	{ 0x0096fc, BD_LIFT_PATCH_ADRP, 0x0143a000 },
	{ 0x009708, BD_LIFT_PATCH_ADRP, 0x0143a000 },
	{ 0x009714, BD_LIFT_PATCH_ADRP, 0x0143a000 },
	{ 0x009728, BD_LIFT_PATCH_ADRP, 0x0143a000 },
	{ 0x009734, BD_LIFT_PATCH_ADRP, 0x0143a000 },
	{ 0x009740, BD_LIFT_PATCH_ADRP, 0x0143a000 },
	{ 0x00974c, BD_LIFT_PATCH_ADRP, 0x0143a000 },
	{ 0x009758, BD_LIFT_PATCH_ADRP, 0x0143a000 },
	{ 0x00976c, BD_LIFT_PATCH_ADRP, 0x0143a000 },
	{ 0x009790, BD_LIFT_PATCH_ADRP, 0x0143a000 },
	{ 0x00979c, BD_LIFT_PATCH_ADRP, 0x0143a000 },
	{ 0x0097a8, BD_LIFT_PATCH_ADRP, 0x0143a000 },
	{ 0x0097b4, BD_LIFT_PATCH_ADRP, 0x0143a000 },
	{ 0x0097c0, BD_LIFT_PATCH_ADRP, 0x0143a000 },
	{ 0x0097cc, BD_LIFT_PATCH_ADRP, 0x0143a000 },
	{ 0x0097dc, BD_LIFT_PATCH_ADRP, 0x0143d000 },
	{ 0x009a08, BD_LIFT_PATCH_ADRP, 0x0143d000 },
	{ 0x009a28, BD_LIFT_PATCH_ADRP, 0x0143d000 },
	{ 0x009a40, BD_LIFT_PATCH_ADRP, 0x0143d000 },
	{ 0x009a80, BD_LIFT_PATCH_ADRP, 0x0143d000 },
	{ 0x009a90, BD_LIFT_PATCH_ADRP, 0x0143d000 },
	{ 0x009aac, BD_LIFT_PATCH_ADRP, 0x0143d000 },
	{ 0x009abc, BD_LIFT_PATCH_ADRP, 0x0143d000 },
	{ 0x009ae4, BD_LIFT_PATCH_ADRP, 0x0143d000 },
	{ 0x009b04, BD_LIFT_PATCH_ADRP, 0x0143d000 },
	{ 0x009b18, BD_LIFT_PATCH_ADRP, 0x0099d000 },
	{ 0x009b60, BD_LIFT_PATCH_ADRP, 0x0143d000 },
	{ 0x009b74, BD_LIFT_PATCH_ADRP, 0x0099d000 },
	{ 0x009bc0, BD_LIFT_PATCH_ADRP, 0x0143d000 },
	{ 0x009bcc, BD_LIFT_PATCH_ADRP, 0x0143d000 },
	{ 0x009c00, BD_LIFT_PATCH_ADRP, 0x0143d000 },
	{ 0x009c20, BD_LIFT_PATCH_ADRP, 0x0143d000 },
	{ 0x009c38, BD_LIFT_PATCH_ADRP, 0x0143d000 },
	{ 0x009c78, BD_LIFT_PATCH_ADRP, 0x0143d000 },
	{ 0x009c88, BD_LIFT_PATCH_ADRP, 0x0143d000 },
	{ 0x009ca4, BD_LIFT_PATCH_ADRP, 0x0143d000 },
	{ 0x009cb4, BD_LIFT_PATCH_ADRP, 0x0143d000 },
	{ 0x009cdc, BD_LIFT_PATCH_ADRP, 0x0143d000 },
	{ 0x009cfc, BD_LIFT_PATCH_ADRP, 0x0143d000 },
	{ 0x009d10, BD_LIFT_PATCH_ADRP, 0x0099d000 },
	{ 0x009d58, BD_LIFT_PATCH_ADRP, 0x0143d000 },
	{ 0x009d6c, BD_LIFT_PATCH_ADRP, 0x0099d000 },
	{ 0x009db8, BD_LIFT_PATCH_ADRP, 0x0143d000 },
	{ 0x009dc4, BD_LIFT_PATCH_ADRP, 0x0143d000 },
	{ 0x009df8, BD_LIFT_PATCH_ADRP, 0x0143d000 },
	{ 0x009e18, BD_LIFT_PATCH_ADRP, 0x0143d000 },
	{ 0x009e30, BD_LIFT_PATCH_ADRP, 0x0143d000 },
	{ 0x009e6c, BD_LIFT_PATCH_ADRP, 0x0143d000 },
	{ 0x009e7c, BD_LIFT_PATCH_ADRP, 0x0143d000 },
	{ 0x009e98, BD_LIFT_PATCH_ADRP, 0x0143d000 },
	{ 0x009ea8, BD_LIFT_PATCH_ADRP, 0x0143d000 },
	{ 0x009ed0, BD_LIFT_PATCH_ADRP, 0x0143d000 },
	{ 0x009ef0, BD_LIFT_PATCH_ADRP, 0x0143d000 },
	{ 0x009f04, BD_LIFT_PATCH_ADRP, 0x0099d000 },
	{ 0x009f4c, BD_LIFT_PATCH_ADRP, 0x0143d000 },
	{ 0x009f60, BD_LIFT_PATCH_ADRP, 0x0099d000 },
	{ 0x009fac, BD_LIFT_PATCH_ADRP, 0x0143d000 },
	{ 0x009fb8, BD_LIFT_PATCH_ADRP, 0x0143d000 },
	{ 0x009fec, BD_LIFT_PATCH_ADRP, 0x0143d000 },
	{ 0x00a00c, BD_LIFT_PATCH_ADRP, 0x0143d000 },
	{ 0x00a024, BD_LIFT_PATCH_ADRP, 0x0143d000 },
	{ 0x00a064, BD_LIFT_PATCH_ADRP, 0x0143d000 },
	{ 0x00a074, BD_LIFT_PATCH_ADRP, 0x0143d000 },
	{ 0x00a090, BD_LIFT_PATCH_ADRP, 0x0143d000 },
	{ 0x00a0a0, BD_LIFT_PATCH_ADRP, 0x0143d000 },
	{ 0x00a0c8, BD_LIFT_PATCH_ADRP, 0x0143d000 },
	{ 0x00a0e8, BD_LIFT_PATCH_ADRP, 0x0143d000 },
	{ 0x00a0fc, BD_LIFT_PATCH_ADRP, 0x0099d000 },
	{ 0x00a144, BD_LIFT_PATCH_ADRP, 0x0143d000 },
	{ 0x00a158, BD_LIFT_PATCH_ADRP, 0x0099d000 },
	{ 0x00a1a4, BD_LIFT_PATCH_ADRP, 0x0143d000 },
	{ 0x00a1b0, BD_LIFT_PATCH_ADRP, 0x0143d000 },
	{ 0x00a1e4, BD_LIFT_PATCH_ADRP, 0x0143d000 },
	{ 0x00a204, BD_LIFT_PATCH_ADRP, 0x0143d000 },
	{ 0x00a21c, BD_LIFT_PATCH_ADRP, 0x0143d000 },
	{ 0x00a258, BD_LIFT_PATCH_ADRP, 0x0143d000 },
	{ 0x00a268, BD_LIFT_PATCH_ADRP, 0x0143d000 },
	{ 0x00a284, BD_LIFT_PATCH_ADRP, 0x0143d000 },
	{ 0x00a294, BD_LIFT_PATCH_ADRP, 0x0143d000 },
	{ 0x00a2bc, BD_LIFT_PATCH_ADRP, 0x0143d000 },
	{ 0x00a2dc, BD_LIFT_PATCH_ADRP, 0x0143d000 },
	{ 0x00a2f0, BD_LIFT_PATCH_ADRP, 0x0099d000 },
	{ 0x00a338, BD_LIFT_PATCH_ADRP, 0x0143d000 },
	{ 0x00a34c, BD_LIFT_PATCH_ADRP, 0x0099d000 },
	{ 0x00a398, BD_LIFT_PATCH_ADRP, 0x0143d000 },
	{ 0x00a3a4, BD_LIFT_PATCH_ADRP, 0x0143d000 },
	{ 0x00a3d8, BD_LIFT_PATCH_ADRP, 0x0143d000 },
	{ 0x00a3f8, BD_LIFT_PATCH_ADRP, 0x0143d000 },
	{ 0x00a410, BD_LIFT_PATCH_ADRP, 0x0143d000 },
	{ 0x00a450, BD_LIFT_PATCH_ADRP, 0x0143d000 },
	{ 0x00a460, BD_LIFT_PATCH_ADRP, 0x0143d000 },
	{ 0x00a47c, BD_LIFT_PATCH_ADRP, 0x0143d000 },
	{ 0x00a48c, BD_LIFT_PATCH_ADRP, 0x0143d000 },
	{ 0x00a4b4, BD_LIFT_PATCH_ADRP, 0x0143d000 },
	{ 0x00a4d4, BD_LIFT_PATCH_ADRP, 0x0143d000 },
	{ 0x00a4e8, BD_LIFT_PATCH_ADRP, 0x0099d000 },
	{ 0x00a530, BD_LIFT_PATCH_ADRP, 0x0143d000 },
	{ 0x00a544, BD_LIFT_PATCH_ADRP, 0x0099d000 },
	{ 0x00a590, BD_LIFT_PATCH_ADRP, 0x0143d000 },
	{ 0x00a59c, BD_LIFT_PATCH_ADRP, 0x0143d000 },
	{ 0x00a5d0, BD_LIFT_PATCH_ADRP, 0x0143d000 },
	{ 0x00a5f0, BD_LIFT_PATCH_ADRP, 0x0143d000 },
	{ 0x00a608, BD_LIFT_PATCH_ADRP, 0x0143d000 },
	{ 0x00a644, BD_LIFT_PATCH_ADRP, 0x0143d000 },
	{ 0x00a654, BD_LIFT_PATCH_ADRP, 0x0143d000 },
	{ 0x00a670, BD_LIFT_PATCH_ADRP, 0x0143d000 },
	{ 0x00a680, BD_LIFT_PATCH_ADRP, 0x0143d000 },
	{ 0x00a6a8, BD_LIFT_PATCH_ADRP, 0x0143d000 },
	{ 0x00a6c8, BD_LIFT_PATCH_ADRP, 0x0143d000 },
	{ 0x00a6dc, BD_LIFT_PATCH_ADRP, 0x0099d000 },
	{ 0x00a724, BD_LIFT_PATCH_ADRP, 0x0143d000 },
	{ 0x00a738, BD_LIFT_PATCH_ADRP, 0x0099d000 },
	{ 0x00a784, BD_LIFT_PATCH_ADRP, 0x0143d000 },
	{ 0x00a790, BD_LIFT_PATCH_ADRP, 0x0143d000 },
	{ 0x00a7ec, BD_LIFT_PATCH_ADRP, 0x0143d000 },
	{ 0x00a83c, BD_LIFT_PATCH_ADRP, 0x01462000 },
	{ 0x00a854, BD_LIFT_PATCH_ADRP, 0x01462000 },
	{ 0x00a864, BD_LIFT_PATCH_ADRP, 0x01462000 },
	{ 0x00a870, BD_LIFT_PATCH_ADRP, 0x01462000 },
	{ 0x00a8e4, BD_LIFT_PATCH_ADRP, 0x0143d000 },
	{ 0x00a934, BD_LIFT_PATCH_ADRP, 0x01462000 },
	{ 0x00a94c, BD_LIFT_PATCH_ADRP, 0x01462000 },
	{ 0x00a95c, BD_LIFT_PATCH_ADRP, 0x01462000 },
	{ 0x00a968, BD_LIFT_PATCH_ADRP, 0x01462000 },
	{ 0x00a974, BD_LIFT_PATCH_ADRP, 0x0143d000 },
	{ 0x00a988, BD_LIFT_PATCH_ADRP, 0x0143d000 },
	{ 0x00a9a8, BD_LIFT_PATCH_ADRP, 0x0143d000 },
	{ 0x00a9b4, BD_LIFT_PATCH_ADRP, 0x0143d000 },
	{ 0x00a9c0, BD_LIFT_PATCH_ADRP, 0x0143d000 },
	{ 0x00a9cc, BD_LIFT_PATCH_ADRP, 0x0143d000 },
	{ 0x00a9d8, BD_LIFT_PATCH_ADRP, 0x0143d000 },
	{ 0x00a9e4, BD_LIFT_PATCH_ADRP, 0x0143d000 },
	{ 0x00aa28, BD_LIFT_PATCH_ADRP, 0x0143d000 },
	{ 0x00aa34, BD_LIFT_PATCH_ADRP, 0x0143d000 },
	{ 0x00aa40, BD_LIFT_PATCH_ADRP, 0x0143d000 },
	{ 0x00aa4c, BD_LIFT_PATCH_ADRP, 0x0143d000 },
	{ 0x00aa70, BD_LIFT_PATCH_ADRP, 0x0143d000 },
	{ 0x00aa7c, BD_LIFT_PATCH_ADRP, 0x0143d000 },
	{ 0x00aa88, BD_LIFT_PATCH_ADRP, 0x0143d000 },
	{ 0x00aa98, BD_LIFT_PATCH_ADRP, 0x0143d000 },
	{ 0x00aab0, BD_LIFT_PATCH_ADRP, 0x0143d000 },
	{ 0x00aabc, BD_LIFT_PATCH_ADRP, 0x0143d000 },
	{ 0x00aacc, BD_LIFT_PATCH_ADRP, 0x0143d000 },
	{ 0x00aae4, BD_LIFT_PATCH_ADRP, 0x0143d000 },
	{ 0x00aaf4, BD_LIFT_PATCH_ADRP, 0x0143d000 },
	{ 0x00ab10, BD_LIFT_PATCH_ADRP, 0x0143d000 },
	{ 0x00ab34, BD_LIFT_PATCH_ADRP, 0x0143d000 },
	{ 0x00ab48, BD_LIFT_PATCH_ADRP, 0x0143d000 },
	{ 0x00ab64, BD_LIFT_PATCH_ADRP, 0x0143d000 },
	{ 0x00ab74, BD_LIFT_PATCH_ADRP, 0x0143d000 },
	{ 0x00aba0, BD_LIFT_PATCH_ADRP, 0x0143d000 },
	{ 0x00abd4, BD_LIFT_PATCH_ADRP, 0x0143d000 },
	{ 0x00ac6c, BD_LIFT_PATCH_ADRP, 0x0143d000 },
	{ 0x00ac78, BD_LIFT_PATCH_ADRP, 0x0143d000 },
	{ 0x00ac84, BD_LIFT_PATCH_ADRP, 0x0143d000 },
	{ 0x00ac90, BD_LIFT_PATCH_ADRP, 0x0143d000 },
	{ 0x00acb4, BD_LIFT_PATCH_ADRP, 0x0143d000 },
	{ 0x00acc0, BD_LIFT_PATCH_ADRP, 0x0143d000 },
	{ 0x00accc, BD_LIFT_PATCH_ADRP, 0x0143d000 },
	{ 0x00acdc, BD_LIFT_PATCH_ADRP, 0x0143d000 },
	{ 0x00acf4, BD_LIFT_PATCH_ADRP, 0x0143d000 },
	{ 0x00ad00, BD_LIFT_PATCH_ADRP, 0x0143d000 },
	{ 0x00ad10, BD_LIFT_PATCH_ADRP, 0x0143d000 },
	{ 0x00ad28, BD_LIFT_PATCH_ADRP, 0x0143d000 },
	{ 0x00ad38, BD_LIFT_PATCH_ADRP, 0x0143d000 },
	{ 0x00ad54, BD_LIFT_PATCH_ADRP, 0x0143d000 },
	{ 0x00ad78, BD_LIFT_PATCH_ADRP, 0x0143d000 },
	{ 0x00ad8c, BD_LIFT_PATCH_ADRP, 0x0143d000 },
	{ 0x00ada8, BD_LIFT_PATCH_ADRP, 0x0143d000 },
	{ 0x00adb8, BD_LIFT_PATCH_ADRP, 0x0143d000 },
	{ 0x00adf0, BD_LIFT_PATCH_ADRP, 0x0143d000 },
	{ 0x00b98c, BD_LIFT_PATCH_ADRP, 0x01462000 },
	{ 0x00b9a4, BD_LIFT_PATCH_ADRP, 0x01462000 },
	{ 0x00b9b4, BD_LIFT_PATCH_ADRP, 0x01462000 },
	{ 0x00b9c0, BD_LIFT_PATCH_ADRP, 0x01462000 },
	{ 0x00b9cc, BD_LIFT_PATCH_ADRP, 0x0143d000 },
	{ 0x00b9e0, BD_LIFT_PATCH_ADRP, 0x0143d000 },
	{ 0x00ba24, BD_LIFT_PATCH_ADRP, 0x0143d000 },
	{ 0x00ba3c, BD_LIFT_PATCH_ADRP, 0x0143d000 },
	{ 0x00ba54, BD_LIFT_PATCH_ADRP, 0x0143d000 },
	{ 0x00ba6c, BD_LIFT_PATCH_ADRP, 0x0143d000 },
	{ 0x00ba80, BD_LIFT_PATCH_ADRP, 0x0143d000 },
	{ 0x00ba98, BD_LIFT_PATCH_ADRP, 0x0143d000 },
	{ 0x00bab0, BD_LIFT_PATCH_ADRP, 0x0143d000 },
	{ 0x00bac8, BD_LIFT_PATCH_ADRP, 0x0143d000 },
	{ 0x00badc, BD_LIFT_PATCH_ADRP, 0x0143d000 },
	{ 0x00baf4, BD_LIFT_PATCH_ADRP, 0x0143d000 },
	{ 0x00bb0c, BD_LIFT_PATCH_ADRP, 0x0143d000 },
	{ 0x00bb24, BD_LIFT_PATCH_ADRP, 0x0143d000 },
	{ 0x00bbc0, BD_LIFT_PATCH_ADRP, 0x0143d000 },
	{ 0x00bbe0, BD_LIFT_PATCH_ADRP, 0x0143d000 },
	{ 0x00bc24, BD_LIFT_PATCH_ADRP, 0x0143d000 },
	{ 0x00bc44, BD_LIFT_PATCH_ADRP, 0x0143d000 },
	{ 0x00bc88, BD_LIFT_PATCH_ADRP, 0x0143d000 },
	{ 0x00bca8, BD_LIFT_PATCH_ADRP, 0x0143d000 },
	{ 0x00bcdc, BD_LIFT_PATCH_ADRP, 0x0143d000 },
	{ 0x00bce8, BD_LIFT_PATCH_ADRP, 0x0143d000 },
	{ 0x00bcf4, BD_LIFT_PATCH_ADRP, 0x0143d000 },
	{ 0x00bd5c, BD_LIFT_PATCH_ADRP, 0x0143d000 },
	{ 0x00bd70, BD_LIFT_PATCH_ADRP, 0x0143d000 },
	{ 0x00bdd4, BD_LIFT_PATCH_ADRP, 0x0143d000 },
	{ 0x00bde8, BD_LIFT_PATCH_ADRP, 0x0143d000 },
	{ 0x00be4c, BD_LIFT_PATCH_ADRP, 0x0143d000 },
	{ 0x00be60, BD_LIFT_PATCH_ADRP, 0x0143d000 },
	{ 0x00bea4, BD_LIFT_PATCH_ADRP, 0x01462000 },
	{ 0x00bee0, BD_LIFT_PATCH_ADRP, 0x0143d000 },
	{ 0x00bef8, BD_LIFT_PATCH_ADRP, 0x0143d000 },
	{ 0x00bf10, BD_LIFT_PATCH_ADRP, 0x0143d000 },
	{ 0x00bf28, BD_LIFT_PATCH_ADRP, 0x0143d000 },
	{ 0x00bf8c, BD_LIFT_PATCH_ADRP, 0x0143d000 },
	{ 0x00bfa0, BD_LIFT_PATCH_ADRP, 0x0143d000 },
	{ 0x00c00c, BD_LIFT_PATCH_ADRP, 0x0143d000 },
	{ 0x00c02c, BD_LIFT_PATCH_ADRP, 0x0143d000 },
	{ 0x00c050, BD_LIFT_PATCH_ADRP, 0x0143d000 },
	{ 0x00c0b8, BD_LIFT_PATCH_ADRP, 0x0143d000 },
	{ 0x00c0d0, BD_LIFT_PATCH_ADRP, 0x0143d000 },
	{ 0x00c0e8, BD_LIFT_PATCH_ADRP, 0x0143d000 },
	{ 0x00c100, BD_LIFT_PATCH_ADRP, 0x0143d000 },
	{ 0x00c164, BD_LIFT_PATCH_ADRP, 0x0143d000 },
	{ 0x00c178, BD_LIFT_PATCH_ADRP, 0x0143d000 },
	{ 0x00c1e4, BD_LIFT_PATCH_ADRP, 0x0143d000 },
	{ 0x00c204, BD_LIFT_PATCH_ADRP, 0x0143d000 },
	{ 0x00c228, BD_LIFT_PATCH_ADRP, 0x0143d000 },
	{ 0x00c290, BD_LIFT_PATCH_ADRP, 0x0143d000 },
	{ 0x00c2a8, BD_LIFT_PATCH_ADRP, 0x0143d000 },
	{ 0x00c2c0, BD_LIFT_PATCH_ADRP, 0x0143d000 },
	{ 0x00c2d8, BD_LIFT_PATCH_ADRP, 0x0143d000 },
	{ 0x00c33c, BD_LIFT_PATCH_ADRP, 0x0143d000 },
	{ 0x00c350, BD_LIFT_PATCH_ADRP, 0x0143d000 },
	{ 0x00c3bc, BD_LIFT_PATCH_ADRP, 0x0143d000 },
	{ 0x00c3dc, BD_LIFT_PATCH_ADRP, 0x0143d000 },
	{ 0x00c400, BD_LIFT_PATCH_ADRP, 0x0143d000 },
	{ 0x00c45c, BD_LIFT_PATCH_ADRP, 0x0143d000 },
	{ 0x00c4a8, BD_LIFT_PATCH_ADRP, 0x0143d000 },
	{ 0x00c4bc, BD_LIFT_PATCH_ADRP, 0x0143d000 },
	{ 0x00c4f0, BD_LIFT_PATCH_ADRP, 0x0143d000 },
	{ 0x00c53c, BD_LIFT_PATCH_ADRP, 0x0143d000 },
	{ 0x00c550, BD_LIFT_PATCH_ADRP, 0x0143d000 },
	{ 0x00c584, BD_LIFT_PATCH_ADRP, 0x0143d000 },
	{ 0x00c5d0, BD_LIFT_PATCH_ADRP, 0x0143d000 },
	{ 0x00c5e4, BD_LIFT_PATCH_ADRP, 0x0143d000 },
	{ 0x00c624, BD_LIFT_PATCH_ADRP, 0x0143d000 },
	{ 0x00c630, BD_LIFT_PATCH_ADRP, 0x0143d000 },
	{ 0x00c650, BD_LIFT_PATCH_ADRP, 0x0143d000 },
	{ 0x00c668, BD_LIFT_PATCH_ADRP, 0x0143d000 },
	{ 0x00c674, BD_LIFT_PATCH_ADRP, 0x0143d000 },
	{ 0x00c694, BD_LIFT_PATCH_ADRP, 0x0143d000 },
	{ 0x00c6ac, BD_LIFT_PATCH_ADRP, 0x0143d000 },
	{ 0x00c6b8, BD_LIFT_PATCH_ADRP, 0x0143d000 },
	{ 0x00c6d8, BD_LIFT_PATCH_ADRP, 0x0143d000 },
	{ 0x00c6e8, BD_LIFT_PATCH_ADRP, 0x0143d000 },
	{ 0x00c6f8, BD_LIFT_PATCH_ADRP, 0x0143d000 },
	{ 0x00c708, BD_LIFT_PATCH_ADRP, 0x0143d000 },
	{ 0x00c718, BD_LIFT_PATCH_ADRP, 0x0143d000 },
	{ 0x00c728, BD_LIFT_PATCH_ADRP, 0x0143d000 },
	{ 0x00c738, BD_LIFT_PATCH_ADRP, 0x0143d000 },
	{ 0x00c7d4, BD_LIFT_PATCH_ADRP, 0x01462000 },
	{ 0x00c7f0, BD_LIFT_PATCH_ADRP, 0x0143d000 },
	{ 0x00c7fc, BD_LIFT_PATCH_ADRP, 0x0143d000 },
	{ 0x00c810, BD_LIFT_PATCH_ADRP, 0x0143d000 },
	{ 0x00c830, BD_LIFT_PATCH_ADRP, 0x0143d000 },
	{ 0x00c83c, BD_LIFT_PATCH_ADRP, 0x0143d000 },
	{ 0x00c848, BD_LIFT_PATCH_ADRP, 0x0143d000 },
	{ 0x00c854, BD_LIFT_PATCH_ADRP, 0x0143d000 },
	{ 0x00c860, BD_LIFT_PATCH_ADRP, 0x0143d000 },
	{ 0x00c86c, BD_LIFT_PATCH_ADRP, 0x0143d000 },
	{ 0x00c8b8, BD_LIFT_PATCH_ADRP, 0x0143d000 },
	{ 0x00c8c4, BD_LIFT_PATCH_ADRP, 0x0143d000 },
	{ 0x00c8d0, BD_LIFT_PATCH_ADRP, 0x0143d000 },
	{ 0x00c8dc, BD_LIFT_PATCH_ADRP, 0x0143d000 },
	{ 0x00c900, BD_LIFT_PATCH_ADRP, 0x0143d000 },
	{ 0x00c90c, BD_LIFT_PATCH_ADRP, 0x0143d000 },
	{ 0x00c918, BD_LIFT_PATCH_ADRP, 0x0143d000 },
	{ 0x00c928, BD_LIFT_PATCH_ADRP, 0x0143d000 },
	{ 0x00c940, BD_LIFT_PATCH_ADRP, 0x0143d000 },
	{ 0x00c94c, BD_LIFT_PATCH_ADRP, 0x0143d000 },
	{ 0x00c95c, BD_LIFT_PATCH_ADRP, 0x0143d000 },
	{ 0x00c974, BD_LIFT_PATCH_ADRP, 0x0143d000 },
	{ 0x00c984, BD_LIFT_PATCH_ADRP, 0x0143d000 },
	{ 0x00c9a0, BD_LIFT_PATCH_ADRP, 0x0143d000 },
	{ 0x00c9f4, BD_LIFT_PATCH_ADRP, 0x0143d000 },
	{ 0x00ca24, BD_LIFT_PATCH_ADRP, 0x0143d000 },
	{ 0x00ca38, BD_LIFT_PATCH_ADRP, 0x0143d000 },
	{ 0x00cab4, BD_LIFT_PATCH_ADRP, 0x0143d000 },
	{ 0x00cac0, BD_LIFT_PATCH_ADRP, 0x0143d000 },
	{ 0x00cacc, BD_LIFT_PATCH_ADRP, 0x0143d000 },
	{ 0x00cad8, BD_LIFT_PATCH_ADRP, 0x0143d000 },
	{ 0x00cafc, BD_LIFT_PATCH_ADRP, 0x0143d000 },
	{ 0x00cb08, BD_LIFT_PATCH_ADRP, 0x0143d000 },
	{ 0x00cb14, BD_LIFT_PATCH_ADRP, 0x0143d000 },
	{ 0x00cb24, BD_LIFT_PATCH_ADRP, 0x0143d000 },
	{ 0x00cb3c, BD_LIFT_PATCH_ADRP, 0x0143d000 },
	{ 0x00cb48, BD_LIFT_PATCH_ADRP, 0x0143d000 },
	{ 0x00cb58, BD_LIFT_PATCH_ADRP, 0x0143d000 },
	{ 0x00cb70, BD_LIFT_PATCH_ADRP, 0x0143d000 },
	{ 0x00cb80, BD_LIFT_PATCH_ADRP, 0x0143d000 },
	{ 0x00cb9c, BD_LIFT_PATCH_ADRP, 0x0143d000 },
	{ 0x00cc20, BD_LIFT_PATCH_ADRP, 0x0143d000 },
	{ 0x00cc68, BD_LIFT_PATCH_ADRP, 0x0143a000 },
	{ 0x00cc74, BD_LIFT_PATCH_ADRP, 0x0143a000 },
	{ 0x00cc88, BD_LIFT_PATCH_ADRP, 0x0143a000 },
	{ 0x00cca0, BD_LIFT_PATCH_ADRP, 0x0143a000 },
	{ 0x00ccac, BD_LIFT_PATCH_ADRP, 0x0143a000 },
	{ 0x00cce0, BD_LIFT_PATCH_ADRP, 0x0143a000 },
	{ 0x00ccf8, BD_LIFT_PATCH_ADRP, 0x01462000 },
	{ 0x00cd0c, BD_LIFT_PATCH_ADRP, 0x01462000 },
	{ 0x00cd18, BD_LIFT_PATCH_ADRP, 0x01462000 },
	{ 0x00cd2c, BD_LIFT_PATCH_ADRP, 0x0143d000 },
	{ 0x00cd38, BD_LIFT_PATCH_ADRP, 0x01462000 },
	{ 0x00cd4c, BD_LIFT_PATCH_ADRP, 0x01462000 },
	{ 0x00cd58, BD_LIFT_PATCH_ADRP, 0x01462000 },
	{ 0x00cd6c, BD_LIFT_PATCH_ADRP, 0x0143d000 },
	{ 0x00cd78, BD_LIFT_PATCH_ADRP, 0x01462000 },
	{ 0x00cd8c, BD_LIFT_PATCH_ADRP, 0x01462000 },
	{ 0x00cda0, BD_LIFT_PATCH_ADRP, 0x01462000 },
	{ 0x00cdb0, BD_LIFT_PATCH_ADRP, 0x01462000 },
	{ 0x00cdc4, BD_LIFT_PATCH_ADRP, 0x01462000 },
	{ 0x00cdd0, BD_LIFT_PATCH_ADRP, 0x01462000 },
	{ 0x00cde4, BD_LIFT_PATCH_ADRP, 0x01462000 },
	{ 0x00cdf4, BD_LIFT_PATCH_ADRP, 0x01462000 },
	{ 0x00ce04, BD_LIFT_PATCH_ADRP, 0x01462000 },
	{ 0x00ce18, BD_LIFT_PATCH_ADRP, 0x01462000 },
	{ 0x00ce2c, BD_LIFT_PATCH_ADRP, 0x01462000 },
	{ 0x00ce3c, BD_LIFT_PATCH_ADRP, 0x01462000 },
	{ 0x00ce50, BD_LIFT_PATCH_ADRP, 0x01462000 },
	{ 0x00ce5c, BD_LIFT_PATCH_ADRP, 0x01462000 },
	{ 0x00ce70, BD_LIFT_PATCH_ADRP, 0x01462000 },
	{ 0x00ce7c, BD_LIFT_PATCH_ADRP, 0x01462000 },
	{ 0x00ce90, BD_LIFT_PATCH_ADRP, 0x01462000 },
	{ 0x00cea4, BD_LIFT_PATCH_ADRP, 0x01462000 },
	{ 0x00ceb4, BD_LIFT_PATCH_ADRP, 0x01462000 },
	{ 0x00cec8, BD_LIFT_PATCH_ADRP, 0x01462000 },
	{ 0x00ced4, BD_LIFT_PATCH_ADRP, 0x01462000 },
	{ 0x00cee8, BD_LIFT_PATCH_ADRP, 0x01462000 },
	{ 0x00cef8, BD_LIFT_PATCH_ADRP, 0x01462000 },
	{ 0x00cf04, BD_LIFT_PATCH_ADRP, 0x0143d000 },
	{ 0x00cf14, BD_LIFT_PATCH_ADRP, 0x01462000 },
	{ 0x00cf28, BD_LIFT_PATCH_ADRP, 0x01462000 },
	{ 0x00cf3c, BD_LIFT_PATCH_ADRP, 0x01462000 },
	{ 0x00d390, BD_LIFT_PATCH_ADRP, 0x0143a000 },
	{ 0x00d3b0, BD_LIFT_PATCH_ADRP, 0x0143a000 },
	{ 0x00d3c8, BD_LIFT_PATCH_ADRP, 0x0143a000 },
	{ 0x00d3d4, BD_LIFT_PATCH_ADRP, 0x0143a000 },
	{ 0x00d3e8, BD_LIFT_PATCH_ADRP, 0x0143a000 },
	{ 0x00d3f4, BD_LIFT_PATCH_ADRP, 0x0143a000 },
	{ 0x00d410, BD_LIFT_PATCH_ADRP, 0x01462000 },
	{ 0x00d424, BD_LIFT_PATCH_ADRP, 0x01462000 },
	{ 0x00d430, BD_LIFT_PATCH_ADRP, 0x01462000 },
	{ 0x00d444, BD_LIFT_PATCH_ADRP, 0x01462000 },
	{ 0x00d454, BD_LIFT_PATCH_ADRP, 0x01462000 },
	{ 0x00d468, BD_LIFT_PATCH_ADRP, 0x01462000 },
	{ 0x00d474, BD_LIFT_PATCH_ADRP, 0x01462000 },
	{ 0x00d488, BD_LIFT_PATCH_ADRP, 0x01462000 },
	{ 0x00d494, BD_LIFT_PATCH_ADRP, 0x01462000 },
	{ 0x00d4a8, BD_LIFT_PATCH_ADRP, 0x01462000 },
	{ 0x00d4b8, BD_LIFT_PATCH_ADRP, 0x01462000 },
	{ 0x00d4cc, BD_LIFT_PATCH_ADRP, 0x01462000 },
	{ 0x00d4d8, BD_LIFT_PATCH_ADRP, 0x01462000 },
	{ 0x00d4ec, BD_LIFT_PATCH_ADRP, 0x01462000 },
	{ 0x00d500, BD_LIFT_PATCH_ADRP, 0x01462000 },
	{ 0x00d510, BD_LIFT_PATCH_ADRP, 0x01462000 },
	{ 0x00d524, BD_LIFT_PATCH_ADRP, 0x01462000 },
	{ 0x00d530, BD_LIFT_PATCH_ADRP, 0x01462000 },
	{ 0x00d544, BD_LIFT_PATCH_ADRP, 0x01462000 },
	{ 0x00d554, BD_LIFT_PATCH_ADRP, 0x01462000 },
	{ 0x00d564, BD_LIFT_PATCH_ADRP, 0x01462000 },
	{ 0x00d578, BD_LIFT_PATCH_ADRP, 0x01462000 },
	{ 0x00d58c, BD_LIFT_PATCH_ADRP, 0x01462000 },
	{ 0x00d59c, BD_LIFT_PATCH_ADRP, 0x01462000 },
	{ 0x00d5b0, BD_LIFT_PATCH_ADRP, 0x01462000 },
	{ 0x00d5bc, BD_LIFT_PATCH_ADRP, 0x01462000 },
	{ 0x00d5d0, BD_LIFT_PATCH_ADRP, 0x01462000 },
	{ 0x00d5dc, BD_LIFT_PATCH_ADRP, 0x01462000 },
	{ 0x00d5f0, BD_LIFT_PATCH_ADRP, 0x01462000 },
	{ 0x00d604, BD_LIFT_PATCH_ADRP, 0x01462000 },
	{ 0x00d614, BD_LIFT_PATCH_ADRP, 0x01462000 },
	{ 0x00d628, BD_LIFT_PATCH_ADRP, 0x01462000 },
	{ 0x00d634, BD_LIFT_PATCH_ADRP, 0x01462000 },
	{ 0x00d648, BD_LIFT_PATCH_ADRP, 0x01462000 },
	{ 0x00d658, BD_LIFT_PATCH_ADRP, 0x01462000 },
	{ 0x00d664, BD_LIFT_PATCH_ADRP, 0x0143d000 },
	{ 0x00d674, BD_LIFT_PATCH_ADRP, 0x01462000 },
	{ 0x00d688, BD_LIFT_PATCH_ADRP, 0x01462000 },
	{ 0x00d69c, BD_LIFT_PATCH_ADRP, 0x01462000 },
	{ 0x00d704, BD_LIFT_PATCH_ADRP, 0x01462000 },
	{ 0x00d714, BD_LIFT_PATCH_ADRP, 0x01462000 },
	{ 0x00d7e4, BD_LIFT_PATCH_ADRP, 0x01462000 },
	{ 0x00d7f4, BD_LIFT_PATCH_ADRP, 0x01462000 },
	{ 0x00d804, BD_LIFT_PATCH_ADRP, 0x01462000 },
	{ 0x00d828, BD_LIFT_PATCH_ADRP, 0x01462000 },
	{ 0x00d848, BD_LIFT_PATCH_ADRP, 0x01462000 },
	{ 0x00d868, BD_LIFT_PATCH_ADRP, 0x01462000 },
	{ 0x00d888, BD_LIFT_PATCH_ADRP, 0x01462000 },
	{ 0x00d8d4, BD_LIFT_PATCH_ADRP, 0x0143d000 },
	{ 0x00d914, BD_LIFT_PATCH_ADRP, 0x01462000 },
	{ 0x00d9a8, BD_LIFT_PATCH_ADRP, 0x0143d000 },
	{ 0x00d9b4, BD_LIFT_PATCH_ADRP, 0x01462000 },
	{ 0x00d9c0, BD_LIFT_PATCH_ADRP, 0x01462000 },
	{ 0x00d9e4, BD_LIFT_PATCH_ADRP, 0x01462000 },
	{ 0x00d9f4, BD_LIFT_PATCH_ADRP, 0x01462000 },
	{ 0x00da08, BD_LIFT_PATCH_ADRP, 0x01462000 },
	{ 0x00da4c, BD_LIFT_PATCH_ADRP, 0x01462000 },
	{ 0x00da58, BD_LIFT_PATCH_ADRP, 0x01462000 },
	{ 0x00da74, BD_LIFT_PATCH_ADRP, 0x01462000 },
	{ 0x00da84, BD_LIFT_PATCH_ADRP, 0x0143d000 },
	{ 0x00da90, BD_LIFT_PATCH_ADRP, 0x0143d000 },
	{ 0x00da9c, BD_LIFT_PATCH_ADRP, 0x01462000 },
	{ 0x00daa8, BD_LIFT_PATCH_ADRP, 0x0143d000 },
	{ 0x00dab4, BD_LIFT_PATCH_ADRP, 0x0143d000 },
	{ 0x00dac0, BD_LIFT_PATCH_ADRP, 0x0143d000 },
	{ 0x00dacc, BD_LIFT_PATCH_ADRP, 0x0143d000 },
	{ 0x00dae8, BD_LIFT_PATCH_ADRP, 0x01462000 },
	{ 0x00dafc, BD_LIFT_PATCH_ADRP, 0x0143d000 },
	{ 0x00db08, BD_LIFT_PATCH_ADRP, 0x0143d000 },
	{ 0x00db14, BD_LIFT_PATCH_ADRP, 0x0143d000 },
	{ 0x00db30, BD_LIFT_PATCH_ADRP, 0x01020000 },
	{ 0x00db44, BD_LIFT_PATCH_ADRP, 0x01020000 },
	{ 0x00db58, BD_LIFT_PATCH_ADRP, 0x01020000 },
	{ 0x00db6c, BD_LIFT_PATCH_ADRP, 0x01020000 },
	{ 0x00db7c, BD_LIFT_PATCH_ADRP, 0x01020000 },
	{ 0x00db90, BD_LIFT_PATCH_ADRP, 0x01020000 },
	{ 0x00dba4, BD_LIFT_PATCH_ADRP, 0x01020000 },
	{ 0x00dbb8, BD_LIFT_PATCH_ADRP, 0x01020000 },
	{ 0x00dbc4, BD_LIFT_PATCH_ADRP, 0x01020000 },
	{ 0x00dbd8, BD_LIFT_PATCH_ADRP, 0x01462000 },
	{ 0x00dbec, BD_LIFT_PATCH_ADRP, 0x0143d000 },
	{ 0x00dbf8, BD_LIFT_PATCH_ADRP, 0x0143d000 },
	{ 0x00dc04, BD_LIFT_PATCH_ADRP, 0x0143d000 },
	{ 0x00dc20, BD_LIFT_PATCH_ADRP, 0x01462000 },
	{ 0x00dc34, BD_LIFT_PATCH_ADRP, 0x0143d000 },
	{ 0x00dc40, BD_LIFT_PATCH_ADRP, 0x0143d000 },
	{ 0x00dc4c, BD_LIFT_PATCH_ADRP, 0x0143d000 },
	{ 0x00dc68, BD_LIFT_PATCH_ADRP, 0x01020000 },
	{ 0x00dc7c, BD_LIFT_PATCH_ADRP, 0x01020000 },
	{ 0x00dc90, BD_LIFT_PATCH_ADRP, 0x01020000 },
	{ 0x00dca4, BD_LIFT_PATCH_ADRP, 0x01020000 },
	{ 0x00dcb4, BD_LIFT_PATCH_ADRP, 0x01020000 },
	{ 0x00dcc8, BD_LIFT_PATCH_ADRP, 0x01020000 },
	{ 0x00dcdc, BD_LIFT_PATCH_ADRP, 0x01020000 },
	{ 0x00dcf0, BD_LIFT_PATCH_ADRP, 0x01020000 },
	{ 0x00dcfc, BD_LIFT_PATCH_ADRP, 0x01020000 },
	{ 0x00dd10, BD_LIFT_PATCH_ADRP, 0x01462000 },
	{ 0x00dd24, BD_LIFT_PATCH_ADRP, 0x0143d000 },
	{ 0x00dd30, BD_LIFT_PATCH_ADRP, 0x0143d000 },
	{ 0x00dd44, BD_LIFT_PATCH_ADRP, 0x01020000 },
	{ 0x00dd58, BD_LIFT_PATCH_ADRP, 0x01020000 },
	{ 0x00dd6c, BD_LIFT_PATCH_ADRP, 0x01020000 },
	{ 0x00dd7c, BD_LIFT_PATCH_ADRP, 0x0143d000 },
	{ 0x00dd88, BD_LIFT_PATCH_ADRP, 0x0143d000 },
	{ 0x00dd9c, BD_LIFT_PATCH_ADRP, 0x01020000 },
	{ 0x00ddb0, BD_LIFT_PATCH_ADRP, 0x01020000 },
	{ 0x00ddc4, BD_LIFT_PATCH_ADRP, 0x01020000 },
	{ 0x00e02c, BD_LIFT_PATCH_ADRP, 0x0143d000 },
	{ 0x00e074, BD_LIFT_PATCH_ADRP, 0x0143d000 },
	{ 0x00e0d0, BD_LIFT_PATCH_ADRP, 0x0143d000 },
	{ 0x00e11c, BD_LIFT_PATCH_ADRP, 0x0143d000 },
	{ 0x00e130, BD_LIFT_PATCH_ADRP, 0x0143d000 },
	{ 0x00e14c, BD_LIFT_PATCH_ADRP, 0x0143d000 },
	{ 0x00e170, BD_LIFT_PATCH_ADRP, 0x0143d000 },
	{ 0x00e198, BD_LIFT_PATCH_ADRP, 0x0143d000 },
	{ 0x00e1ac, BD_LIFT_PATCH_ADRP, 0x0143d000 },
	{ 0x00e1cc, BD_LIFT_PATCH_ADRP, 0x0143d000 },
	{ 0x00e1f4, BD_LIFT_PATCH_ADRP, 0x0143d000 },
	{ 0x00e220, BD_LIFT_PATCH_ADRP, 0x0143d000 },
	{ 0x00e2b4, BD_LIFT_PATCH_ADRP, 0x0143d000 },
	{ 0x00e33c, BD_LIFT_PATCH_ADRP, 0x0143d000 },
	{ 0x00e350, BD_LIFT_PATCH_ADRP, 0x0143d000 },
	{ 0x00e3d8, BD_LIFT_PATCH_ADRP, 0x0143d000 },
	{ 0x00e3ec, BD_LIFT_PATCH_ADRP, 0x0143d000 },
	{ 0x00e444, BD_LIFT_PATCH_ADRP, 0x0143d000 },
	{ 0x00e468, BD_LIFT_PATCH_ADRP, 0x0143d000 },
	{ 0x00e4a8, BD_LIFT_PATCH_ADRP, 0x0143d000 },
	{ 0x00e4bc, BD_LIFT_PATCH_ADRP, 0x0143d000 },
	{ 0x00e4cc, BD_LIFT_PATCH_ADRP, 0x0143d000 },
	{ 0x00e4f8, BD_LIFT_PATCH_ADRP, 0x0143d000 },
	{ 0x00e518, BD_LIFT_PATCH_ADRP, 0x0143d000 },
	{ 0x00e548, BD_LIFT_PATCH_ADRP, 0x0143d000 },
	{ 0x00e57c, BD_LIFT_PATCH_ADRP, 0x0143d000 },
	{ 0x00e5a0, BD_LIFT_PATCH_ADRP, 0x0143d000 },
	{ 0x00e650, BD_LIFT_PATCH_ADRP, 0x0143d000 },
	{ 0x00e6f0, BD_LIFT_PATCH_ADRP, 0x0143d000 },
	{ 0x00e754, BD_LIFT_PATCH_ADRP, 0x0143d000 },
	{ 0x00e778, BD_LIFT_PATCH_ADRP, 0x0143d000 },
	{ 0x00e7b8, BD_LIFT_PATCH_ADRP, 0x0143d000 },
	{ 0x00e884, BD_LIFT_PATCH_ADRP, 0x0143d000 },
	{ 0x00e8b0, BD_LIFT_PATCH_ADRP, 0x01462000 },
	{ 0x00e8c4, BD_LIFT_PATCH_ADRP, 0x01462000 },
	{ 0x00e8d0, BD_LIFT_PATCH_ADRP, 0x01462000 },
	{ 0x00e8dc, BD_LIFT_PATCH_ADRP, 0x01462000 },
	{ 0x00e8e8, BD_LIFT_PATCH_ADRP, 0x01462000 },
	{ 0x00e8f4, BD_LIFT_PATCH_ADRP, 0x01462000 },
	{ 0x00e900, BD_LIFT_PATCH_ADRP, 0x01462000 },
	{ 0x00e90c, BD_LIFT_PATCH_ADRP, 0x01462000 },
	{ 0x00e920, BD_LIFT_PATCH_ADRP, 0x0143d000 },
	{ 0x00e92c, BD_LIFT_PATCH_ADRP, 0x0143a000 },
	{ 0x00e938, BD_LIFT_PATCH_ADRP, 0x0143d000 },
	{ 0x00e944, BD_LIFT_PATCH_ADRP, 0x01462000 },
	{ 0x00e950, BD_LIFT_PATCH_ADRP, 0x01020000 },
	{ 0x00e960, BD_LIFT_PATCH_ADRP, 0x0143a000 },
	{ 0x00e96c, BD_LIFT_PATCH_ADRP, 0x0143d000 },
	{ 0x00e978, BD_LIFT_PATCH_ADRP, 0x0143d000 },
	{ 0x00e984, BD_LIFT_PATCH_ADRP, 0x0143d000 },
	{ 0x00e990, BD_LIFT_PATCH_ADRP, 0x0143d000 },
	{ 0x00e99c, BD_LIFT_PATCH_ADRP, 0x0143d000 },
	{ 0x00e9a8, BD_LIFT_PATCH_ADRP, 0x0143d000 },
	{ 0x00e9b4, BD_LIFT_PATCH_ADRP, 0x0143d000 },
	{ 0x00e9c0, BD_LIFT_PATCH_ADRP, 0x0143d000 },
	{ 0x00e9cc, BD_LIFT_PATCH_ADRP, 0x0143d000 },
	{ 0x00e9d8, BD_LIFT_PATCH_ADRP, 0x0143d000 },
	{ 0x00e9e4, BD_LIFT_PATCH_ADRP, 0x0143d000 },
	{ 0x00e9f0, BD_LIFT_PATCH_ADRP, 0x0143d000 },
	{ 0x00ea00, BD_LIFT_PATCH_ADRP, 0x0143d000 },
	{ 0x00ea0c, BD_LIFT_PATCH_ADRP, 0x0143d000 },
	{ 0x00ea18, BD_LIFT_PATCH_ADRP, 0x0143d000 },
	{ 0x00ea24, BD_LIFT_PATCH_ADRP, 0x0143d000 },
	{ 0x00ea30, BD_LIFT_PATCH_ADRP, 0x0143d000 },
	{ 0x00ea3c, BD_LIFT_PATCH_ADRP, 0x0143d000 },
	{ 0x00ea48, BD_LIFT_PATCH_ADRP, 0x0143d000 },
	{ 0x00ea58, BD_LIFT_PATCH_ADRP, 0x01020000 },
	{ 0x00ea6c, BD_LIFT_PATCH_ADRP, 0x01020000 },
	{ 0x00ea80, BD_LIFT_PATCH_ADRP, 0x01020000 },
	{ 0x00ea94, BD_LIFT_PATCH_ADRP, 0x01020000 },
	{ 0x00eaa4, BD_LIFT_PATCH_ADRP, 0x01462000 },
	{ 0x00eab8, BD_LIFT_PATCH_ADRP, 0x01020000 },
	{ 0x00eacc, BD_LIFT_PATCH_ADRP, 0x0143d000 },
	{ 0x00ead8, BD_LIFT_PATCH_ADRP, 0x01020000 },
	{ 0x00eae4, BD_LIFT_PATCH_ADRP, 0x0143d000 },
	{ 0x00eaf0, BD_LIFT_PATCH_ADRP, 0x0143d000 },
	{ 0x00eafc, BD_LIFT_PATCH_ADRP, 0x0143d000 },
	{ 0x00eb08, BD_LIFT_PATCH_ADRP, 0x0143d000 },
	{ 0x00eb14, BD_LIFT_PATCH_ADRP, 0x0143d000 },
	{ 0x00eb20, BD_LIFT_PATCH_ADRP, 0x0143d000 },
	{ 0x00eb2c, BD_LIFT_PATCH_ADRP, 0x0143d000 },
	{ 0x00eb38, BD_LIFT_PATCH_ADRP, 0x0143d000 },
	{ 0x00eb44, BD_LIFT_PATCH_ADRP, 0x0143d000 },
	{ 0x00eb50, BD_LIFT_PATCH_ADRP, 0x0143d000 },
	{ 0x00eb5c, BD_LIFT_PATCH_ADRP, 0x0143d000 },
	{ 0x00eb68, BD_LIFT_PATCH_ADRP, 0x0143d000 },
	{ 0x00eb74, BD_LIFT_PATCH_ADRP, 0x0143d000 },
	{ 0x00eb80, BD_LIFT_PATCH_ADRP, 0x01462000 },
	{ 0x00eba0, BD_LIFT_PATCH_ADRP, 0x01462000 },
	{ 0x00ebc0, BD_LIFT_PATCH_ADRP, 0x01462000 },
	{ 0x00ebd8, BD_LIFT_PATCH_ADRP, 0x0143d000 },
	{ 0x00ebe4, BD_LIFT_PATCH_ADRP, 0x0143d000 },
	{ 0x00ebfc, BD_LIFT_PATCH_ADRP, 0x0143d000 },
	{ 0x00ec0c, BD_LIFT_PATCH_ADRP, 0x0143d000 },
	{ 0x00ec20, BD_LIFT_PATCH_ADRP, 0x01462000 },
	{ 0x00ec40, BD_LIFT_PATCH_ADRP, 0x01462000 },
	{ 0x00ec88, BD_LIFT_PATCH_ADRP, 0x01462000 },
	{ 0x00eca0, BD_LIFT_PATCH_ADRP, 0x01462000 },
	{ 0x00ecbc, BD_LIFT_PATCH_ADRP, 0x01462000 },
	{ 0x00ecd0, BD_LIFT_PATCH_ADRP, 0x01462000 },
	{ 0x00ecf8, BD_LIFT_PATCH_ADRP, 0x01462000 },
	{ 0x00ed0c, BD_LIFT_PATCH_ADRP, 0x01462000 },
	{ 0x00ed24, BD_LIFT_PATCH_ADRP, 0x01462000 },
	{ 0x00ed3c, BD_LIFT_PATCH_ADRP, 0x01462000 },
	{ 0x00ed58, BD_LIFT_PATCH_ADRP, 0x01462000 },
	{ 0x00ed6c, BD_LIFT_PATCH_ADRP, 0x01462000 },
	{ 0x00ed98, BD_LIFT_PATCH_ADRP, 0x01462000 },
	{ 0x00edb0, BD_LIFT_PATCH_ADRP, 0x01462000 },
	{ 0x00edcc, BD_LIFT_PATCH_ADRP, 0x01462000 },
	{ 0x00ede0, BD_LIFT_PATCH_ADRP, 0x01462000 },
	{ 0x00ee08, BD_LIFT_PATCH_ADRP, 0x0143d000 },
	{ 0x00ee1c, BD_LIFT_PATCH_ADRP, 0x0143d000 },
	{ 0x00ee28, BD_LIFT_PATCH_ADRP, 0x0143d000 },
	{ 0x00ee3c, BD_LIFT_PATCH_ADRP, 0x0143d000 },
	{ 0x00ee4c, BD_LIFT_PATCH_ADRP, 0x0143d000 },
	{ 0x00ee64, BD_LIFT_PATCH_ADRP, 0x0143d000 },
	{ 0x00ee80, BD_LIFT_PATCH_ADRP, 0x0143d000 },
	{ 0x00ee94, BD_LIFT_PATCH_ADRP, 0x0143d000 },
	{ 0x00eeb8, BD_LIFT_PATCH_ADRP, 0x0143d000 },
	{ 0x00eed4, BD_LIFT_PATCH_ADRP, 0x0143d000 },
	{ 0x00eee0, BD_LIFT_PATCH_ADRP, 0x01462000 },
	{ 0x00eef4, BD_LIFT_PATCH_ADRP, 0x0143d000 },
	{ 0x00ef00, BD_LIFT_PATCH_ADRP, 0x01462000 },
	{ 0x00ef10, BD_LIFT_PATCH_ADRP, 0x01462000 },
	{ 0x00ef24, BD_LIFT_PATCH_ADRP, 0x01462000 },
	{ 0x00ef38, BD_LIFT_PATCH_ADRP, 0x0143d000 },
	{ 0x00ef4c, BD_LIFT_PATCH_ADRP, 0x0143d000 },
	{ 0x00ef60, BD_LIFT_PATCH_ADRP, 0x0143d000 },
	{ 0x00ef70, BD_LIFT_PATCH_ADRP, 0x0143d000 },
	{ 0x00ef7c, BD_LIFT_PATCH_ADRP, 0x01462000 },
	{ 0x00ef8c, BD_LIFT_PATCH_ADRP, 0x0143d000 },
	{ 0x00ef98, BD_LIFT_PATCH_ADRP, 0x01462000 },
	{ 0x00efa4, BD_LIFT_PATCH_ADRP, 0x01462000 },
	{ 0x00efb8, BD_LIFT_PATCH_ADRP, 0x0143d000 },
	{ 0x00efcc, BD_LIFT_PATCH_ADRP, 0x01462000 },
	{ 0x00f014, BD_LIFT_PATCH_ADRP, 0x01462000 },
	{ 0x00f030, BD_LIFT_PATCH_ADRP, 0x01462000 },
	{ 0x00f048, BD_LIFT_PATCH_ADRP, 0x01462000 },
	{ 0x00f064, BD_LIFT_PATCH_ADRP, 0x01462000 },
	{ 0x00f078, BD_LIFT_PATCH_ADRP, 0x01462000 },
	{ 0x00f094, BD_LIFT_PATCH_ADRP, 0x0143d000 },
	{ 0x00f0a4, BD_LIFT_PATCH_ADRP, 0x01462000 },
	{ 0x00f0b4, BD_LIFT_PATCH_ADRP, 0x0143d000 },
	{ 0x00f0dc, BD_LIFT_PATCH_ADRP, 0x01462000 },
	{ 0x00f0e8, BD_LIFT_PATCH_ADRP, 0x01462000 },
	{ 0x00f0f8, BD_LIFT_PATCH_ADRP, 0x01462000 },
	{ 0x00f108, BD_LIFT_PATCH_ADRP, 0x0143d000 },
	{ 0x00f130, BD_LIFT_PATCH_ADRP, 0x01462000 },
	{ 0x00f140, BD_LIFT_PATCH_ADRP, 0x01462000 },
	{ 0x00f150, BD_LIFT_PATCH_ADRP, 0x0143d000 },
	{ 0x00f16c, BD_LIFT_PATCH_ADRP, 0x0143d000 },
	{ 0x00f17c, BD_LIFT_PATCH_ADRP, 0x01462000 },
	{ 0x00f1c0, BD_LIFT_PATCH_ADRP, 0x01462000 },
	{ 0x00f1d0, BD_LIFT_PATCH_ADRP, 0x0143d000 },
	{ 0x00f1e0, BD_LIFT_PATCH_ADRP, 0x01462000 },
	{ 0x00f208, BD_LIFT_PATCH_ADRP, 0x01462000 },
	{ 0x00f21c, BD_LIFT_PATCH_ADRP, 0x0143d000 },
	{ 0x00f234, BD_LIFT_PATCH_ADRP, 0x01462000 },
	{ 0x00f248, BD_LIFT_PATCH_ADRP, 0x01462000 },
	{ 0x00f258, BD_LIFT_PATCH_ADRP, 0x01462000 },
	{ 0x00f268, BD_LIFT_PATCH_ADRP, 0x0143d000 },
	{ 0x00f280, BD_LIFT_PATCH_ADRP, 0x01462000 },
	{ 0x00f290, BD_LIFT_PATCH_ADRP, 0x01462000 },
	{ 0x00f2a0, BD_LIFT_PATCH_ADRP, 0x0143d000 },
	{ 0x00f2c8, BD_LIFT_PATCH_ADRP, 0x01462000 },
	{ 0x00f2d8, BD_LIFT_PATCH_ADRP, 0x01462000 },
	{ 0x00f2e8, BD_LIFT_PATCH_ADRP, 0x0143d000 },
	{ 0x00f304, BD_LIFT_PATCH_ADRP, 0x0143d000 },
	{ 0x00f314, BD_LIFT_PATCH_ADRP, 0x01462000 },
	{ 0x00f358, BD_LIFT_PATCH_ADRP, 0x01462000 },
	{ 0x00f364, BD_LIFT_PATCH_ADRP, 0x0143d000 },
	{ 0x00f38c, BD_LIFT_PATCH_ADRP, 0x0143d000 },
	{ 0x00f3a0, BD_LIFT_PATCH_ADRP, 0x0143d000 },
	{ 0x00f3ac, BD_LIFT_PATCH_ADRP, 0x01462000 },
	{ 0x00f3dc, BD_LIFT_PATCH_ADRP, 0x01462000 },
	{ 0x00f3ec, BD_LIFT_PATCH_ADRP, 0x01462000 },
	{ 0x00f418, BD_LIFT_PATCH_ADRP, 0x01462000 },
	{ 0x00f45c, BD_LIFT_PATCH_ADRP, 0x01462000 },
	{ 0x00f46c, BD_LIFT_PATCH_ADRP, 0x0143d000 },
	{ 0x00f480, BD_LIFT_PATCH_ADRP, 0x0143d000 },
	{ 0x00f48c, BD_LIFT_PATCH_ADRP, 0x0143d000 },
	{ 0x00f4a0, BD_LIFT_PATCH_ADRP, 0x01462000 },
	{ 0x00f4ac, BD_LIFT_PATCH_ADRP, 0x01462000 },
	{ 0x00f4b8, BD_LIFT_PATCH_ADRP, 0x0143d000 },
	{ 0x00f4cc, BD_LIFT_PATCH_ADRP, 0x01462000 },
	{ 0x00f4d8, BD_LIFT_PATCH_ADRP, 0x01462000 },
	{ 0x00f4ec, BD_LIFT_PATCH_ADRP, 0x0143d000 },
	{ 0x00f4f8, BD_LIFT_PATCH_ADRP, 0x01462000 },
	{ 0x00f508, BD_LIFT_PATCH_ADRP, 0x01462000 },
	{ 0x00f524, BD_LIFT_PATCH_ADRP, 0x0143d000 },
	{ 0x00f538, BD_LIFT_PATCH_ADRP, 0x0143d000 },
	{ 0x00f558, BD_LIFT_PATCH_ADRP, 0x01462000 },
	{ 0x00f578, BD_LIFT_PATCH_ADRP, 0x01462000 },
	{ 0x00f58c, BD_LIFT_PATCH_ADRP, 0x0143d000 },
	{ 0x00f5a0, BD_LIFT_PATCH_ADRP, 0x01462000 },
	{ 0x00f5b0, BD_LIFT_PATCH_ADRP, 0x01462000 },
	{ 0x00f5c0, BD_LIFT_PATCH_ADRP, 0x01462000 },
	{ 0x00f5d8, BD_LIFT_PATCH_ADRP, 0x01462000 },
	{ 0x00f5e4, BD_LIFT_PATCH_ADRP, 0x0143d000 },
	{ 0x00f5f4, BD_LIFT_PATCH_ADRP, 0x0143d000 },
	{ 0x00f610, BD_LIFT_PATCH_ADRP, 0x0143d000 },
	{ 0x00f620, BD_LIFT_PATCH_ADRP, 0x0143d000 },
	{ 0x00f638, BD_LIFT_PATCH_ADRP, 0x01462000 },
	{ 0x00f650, BD_LIFT_PATCH_ADRP, 0x01462000 },
	{ 0x00f664, BD_LIFT_PATCH_ADRP, 0x0143a000 },
	{ 0x00f678, BD_LIFT_PATCH_ADRP, 0x0143d000 },
	{ 0x00f68c, BD_LIFT_PATCH_ADRP, 0x01462000 },
	{ 0x00f6a0, BD_LIFT_PATCH_ADRP, 0x01462000 },
	{ 0x00f6ac, BD_LIFT_PATCH_ADRP, 0x0143d000 },
	{ 0x00f6c0, BD_LIFT_PATCH_ADRP, 0x01462000 },
	{ 0x00f6d0, BD_LIFT_PATCH_ADRP, 0x01462000 },
	{ 0x00f6e8, BD_LIFT_PATCH_ADRP, 0x01462000 },
	{ 0x00f6fc, BD_LIFT_PATCH_ADRP, 0x01462000 },
	{ 0x00f70c, BD_LIFT_PATCH_ADRP, 0x01462000 },
	{ 0x00f724, BD_LIFT_PATCH_ADRP, 0x01462000 },
	{ 0x00f730, BD_LIFT_PATCH_ADRP, 0x01462000 },
	{ 0x00f73c, BD_LIFT_PATCH_ADRP, 0x01462000 },
	{ 0x00f748, BD_LIFT_PATCH_ADRP, 0x01462000 },
	{ 0x00f754, BD_LIFT_PATCH_ADRP, 0x01462000 },
	{ 0x00f760, BD_LIFT_PATCH_ADRP, 0x01462000 },
	{ 0x00f76c, BD_LIFT_PATCH_ADRP, 0x0143d000 },
	{ 0x00f778, BD_LIFT_PATCH_ADRP, 0x0143d000 },
	{ 0x00f788, BD_LIFT_PATCH_ADRP, 0x0143d000 },
	{ 0x00f798, BD_LIFT_PATCH_ADRP, 0x0143d000 },
	{ 0x00f7ac, BD_LIFT_PATCH_ADRP, 0x01462000 },
	{ 0x00f7b8, BD_LIFT_PATCH_ADRP, 0x01462000 },
	{ 0x00f7c4, BD_LIFT_PATCH_ADRP, 0x01462000 },
	{ 0x00f7d0, BD_LIFT_PATCH_ADRP, 0x01462000 },
	{ 0x00f7dc, BD_LIFT_PATCH_ADRP, 0x01462000 },
	{ 0x00f7e8, BD_LIFT_PATCH_ADRP, 0x01462000 },
	{ 0x00f7f4, BD_LIFT_PATCH_ADRP, 0x0143d000 },
	{ 0x00f800, BD_LIFT_PATCH_ADRP, 0x0143d000 },
	{ 0x00f814, BD_LIFT_PATCH_ADRP, 0x01462000 },
	{ 0x00f824, BD_LIFT_PATCH_ADRP, 0x01462000 },
	{ 0x00f858, BD_LIFT_PATCH_ADRP, 0x01462000 },
	{ 0x00f864, BD_LIFT_PATCH_ADRP, 0x01462000 },
	{ 0x00f878, BD_LIFT_PATCH_ADRP, 0x01462000 },
	{ 0x00f884, BD_LIFT_PATCH_ADRP, 0x01462000 },
	{ 0x00f890, BD_LIFT_PATCH_ADRP, 0x01462000 },
	{ 0x00f89c, BD_LIFT_PATCH_ADRP, 0x01462000 },
	{ 0x00f8a8, BD_LIFT_PATCH_ADRP, 0x01462000 },
	{ 0x00f8b4, BD_LIFT_PATCH_ADRP, 0x01462000 },
	{ 0x00f8c0, BD_LIFT_PATCH_ADRP, 0x0143d000 },
	{ 0x00f8d0, BD_LIFT_PATCH_ADRP, 0x0143d000 },
	{ 0x00f8dc, BD_LIFT_PATCH_ADRP, 0x0143d000 },
	{ 0x00f8e8, BD_LIFT_PATCH_ADRP, 0x01462000 },
	{ 0x00f8f4, BD_LIFT_PATCH_ADRP, 0x0143d000 },
	{ 0x00f900, BD_LIFT_PATCH_ADRP, 0x0143d000 },
	{ 0x00f910, BD_LIFT_PATCH_ADRP, 0x0143d000 },
	{ 0x00f92c, BD_LIFT_PATCH_ADRP, 0x0143d000 },
	{ 0x00f94c, BD_LIFT_PATCH_ADRP, 0x01462000 },
	{ 0x00f958, BD_LIFT_PATCH_ADRP, 0x01462000 },
	{ 0x00f964, BD_LIFT_PATCH_ADRP, 0x01462000 },
	{ 0x00f970, BD_LIFT_PATCH_ADRP, 0x01462000 },
	{ 0x00f97c, BD_LIFT_PATCH_ADRP, 0x01462000 },
	{ 0x00f988, BD_LIFT_PATCH_ADRP, 0x01462000 },
	{ 0x00f994, BD_LIFT_PATCH_ADRP, 0x0143d000 },
	{ 0x00f9a4, BD_LIFT_PATCH_ADRP, 0x0143d000 },
	{ 0x00f9b8, BD_LIFT_PATCH_ADRP, 0x0143d000 },
	{ 0x00f9cc, BD_LIFT_PATCH_ADRP, 0x0143d000 },
	{ 0x00f9e0, BD_LIFT_PATCH_ADRP, 0x0143d000 },
	{ 0x00f9f0, BD_LIFT_PATCH_ADRP, 0x01462000 },
	{ 0x00fa04, BD_LIFT_PATCH_ADRP, 0x01462000 },
	{ 0x00fa18, BD_LIFT_PATCH_ADRP, 0x01462000 },
	{ 0x00fa2c, BD_LIFT_PATCH_ADRP, 0x0143d000 },
	{ 0x00fa38, BD_LIFT_PATCH_ADRP, 0x0143d000 },
	{ 0x00fa4c, BD_LIFT_PATCH_ADRP, 0x0143d000 },
	{ 0x00fa60, BD_LIFT_PATCH_ADRP, 0x0143d000 },
	{ 0x00fa74, BD_LIFT_PATCH_ADRP, 0x0143d000 },
	{ 0x00fa88, BD_LIFT_PATCH_ADRP, 0x0143d000 },
	{ 0x00fa98, BD_LIFT_PATCH_ADRP, 0x0143d000 },
	{ 0x00faa4, BD_LIFT_PATCH_ADRP, 0x0143d000 },
	{ 0x00fab8, BD_LIFT_PATCH_ADRP, 0x0143d000 },
	{ 0x00facc, BD_LIFT_PATCH_ADRP, 0x0143d000 },
	{ 0x00fae0, BD_LIFT_PATCH_ADRP, 0x0143d000 },
	{ 0x00faec, BD_LIFT_PATCH_ADRP, 0x0143d000 },
	{ 0x00fb00, BD_LIFT_PATCH_ADRP, 0x0143d000 },
	{ 0x00fb10, BD_LIFT_PATCH_ADRP, 0x0143d000 },
	{ 0x00fb28, BD_LIFT_PATCH_ADRP, 0x01462000 },
	{ 0x00fb34, BD_LIFT_PATCH_ADRP, 0x01462000 },
	{ 0x00fb40, BD_LIFT_PATCH_ADRP, 0x01462000 },
	{ 0x00fb4c, BD_LIFT_PATCH_ADRP, 0x0143d000 },
	{ 0x00fb58, BD_LIFT_PATCH_ADRP, 0x0143d000 },
	{ 0x00fb68, BD_LIFT_PATCH_ADRP, 0x0143d000 },
	{ 0x00fb74, BD_LIFT_PATCH_ADRP, 0x0143a000 },
	{ 0x00fb88, BD_LIFT_PATCH_ADRP, 0x0143a000 },
	{ 0x00fb9c, BD_LIFT_PATCH_ADRP, 0x0143d000 },
	{ 0x00fbb0, BD_LIFT_PATCH_ADRP, 0x01462000 },
	{ 0x00fbbc, BD_LIFT_PATCH_ADRP, 0x01462000 },
	{ 0x00fbcc, BD_LIFT_PATCH_ADRP, 0x0143d000 },
	{ 0x00fbe0, BD_LIFT_PATCH_ADRP, 0x0143d000 },
	{ 0x00fbec, BD_LIFT_PATCH_ADRP, 0x01462000 },
	{ 0x00fbfc, BD_LIFT_PATCH_ADRP, 0x0143d000 },
	{ 0x00fc14, BD_LIFT_PATCH_ADRP, 0x01462000 },
	{ 0x00fc20, BD_LIFT_PATCH_ADRP, 0x01462000 },
	{ 0x00fc34, BD_LIFT_PATCH_ADRP, 0x01462000 },
	{ 0x00fc48, BD_LIFT_PATCH_ADRP, 0x01462000 },
	{ 0x00fc5c, BD_LIFT_PATCH_ADRP, 0x01462000 },
	{ 0x00fc6c, BD_LIFT_PATCH_ADRP, 0x01462000 },
	{ 0x00fc78, BD_LIFT_PATCH_ADRP, 0x01462000 },
	{ 0x00fc84, BD_LIFT_PATCH_ADRP, 0x01462000 },
	{ 0x00fc90, BD_LIFT_PATCH_ADRP, 0x0143d000 },
	{ 0x00fc9c, BD_LIFT_PATCH_ADRP, 0x0143d000 },
	{ 0x00fca8, BD_LIFT_PATCH_ADRP, 0x0143a000 },
	{ 0x00fcb8, BD_LIFT_PATCH_ADRP, 0x01462000 },
	{ 0x00fcc4, BD_LIFT_PATCH_ADRP, 0x01462000 },
	{ 0x00fcd0, BD_LIFT_PATCH_ADRP, 0x01462000 },
	{ 0x00fce0, BD_LIFT_PATCH_ADRP, 0x01462000 },
	{ 0x00fd08, BD_LIFT_PATCH_ADRP, 0x01462000 },
	{ 0x00fd1c, BD_LIFT_PATCH_ADRP, 0x01462000 },
	{ 0x00fd2c, BD_LIFT_PATCH_ADRP, 0x01462000 },
	{ 0x00fd3c, BD_LIFT_PATCH_ADRP, 0x01462000 },
	{ 0x00fd58, BD_LIFT_PATCH_ADRP, 0x01462000 },
	{ 0x00fd68, BD_LIFT_PATCH_ADRP, 0x01462000 },
	{ 0x00fd98, BD_LIFT_PATCH_ADRP, 0x01462000 },
	{ 0x00fda8, BD_LIFT_PATCH_ADRP, 0x01462000 },
	{ 0x00fdb8, BD_LIFT_PATCH_ADRP, 0x01462000 },
	{ 0x00fdd4, BD_LIFT_PATCH_ADRP, 0x01462000 },
	{ 0x00fde4, BD_LIFT_PATCH_ADRP, 0x01462000 },
	{ 0x00fe28, BD_LIFT_PATCH_ADRP, 0x01462000 },
	{ 0x00fe34, BD_LIFT_PATCH_ADRP, 0x0143d000 },
	{ 0x00fe48, BD_LIFT_PATCH_ADRP, 0x0143a000 },
	{ 0x00fe5c, BD_LIFT_PATCH_ADRP, 0x01462000 },
	{ 0x00fe68, BD_LIFT_PATCH_ADRP, 0x0143d000 },
	{ 0x00fe7c, BD_LIFT_PATCH_ADRP, 0x0143d000 },
	{ 0x00fe90, BD_LIFT_PATCH_ADRP, 0x01462000 },
	{ 0x00fea4, BD_LIFT_PATCH_ADRP, 0x0143d000 },
	{ 0x00feb8, BD_LIFT_PATCH_ADRP, 0x0143d000 },
	{ 0x00fecc, BD_LIFT_PATCH_ADRP, 0x01462000 },
	{ 0x00fed8, BD_LIFT_PATCH_ADRP, 0x0143d000 },
	{ 0x00feec, BD_LIFT_PATCH_ADRP, 0x0143d000 },
	{ 0x00fef8, BD_LIFT_PATCH_ADRP, 0x01462000 },
	{ 0x00ff04, BD_LIFT_PATCH_ADRP, 0x01462000 },
	{ 0x00ff10, BD_LIFT_PATCH_ADRP, 0x01462000 },
	{ 0x00ff1c, BD_LIFT_PATCH_ADRP, 0x01462000 },
	{ 0x00ff28, BD_LIFT_PATCH_ADRP, 0x0143d000 },
	{ 0x00ff34, BD_LIFT_PATCH_ADRP, 0x01462000 },
	{ 0x00ff40, BD_LIFT_PATCH_ADRP, 0x01462000 },
	{ 0x00ff4c, BD_LIFT_PATCH_ADRP, 0x0143d000 },
	{ 0x00ff60, BD_LIFT_PATCH_ADRP, 0x0143d000 },
	{ 0x00ff6c, BD_LIFT_PATCH_ADRP, 0x01462000 },
	{ 0x00ff80, BD_LIFT_PATCH_ADRP, 0x0143d000 },
	{ 0x00ff8c, BD_LIFT_PATCH_ADRP, 0x0143d000 },
	{ 0x00ffa0, BD_LIFT_PATCH_ADRP, 0x0143d000 },
	{ 0x00ffac, BD_LIFT_PATCH_ADRP, 0x0143d000 },
	{ 0x00ffb8, BD_LIFT_PATCH_ADRP, 0x0143d000 },
	{ 0x00ffc4, BD_LIFT_PATCH_ADRP, 0x0143d000 },
	{ 0x00ffd4, BD_LIFT_PATCH_ADRP, 0x0143d000 },
	{ 0x00ffe0, BD_LIFT_PATCH_ADRP, 0x0143d000 },
	{ 0x00ffec, BD_LIFT_PATCH_ADRP, 0x0143d000 },
	{ 0x010004, BD_LIFT_PATCH_ADRP, 0x0143d000 },
	{ 0x010038, BD_LIFT_PATCH_ADRP, 0x0143d000 },
	{ 0x010060, BD_LIFT_PATCH_ADRP, 0x0143d000 },
	{ 0x01006c, BD_LIFT_PATCH_ADRP, 0x0143d000 },
	{ 0x010078, BD_LIFT_PATCH_ADRP, 0x0143d000 },
	{ 0x010084, BD_LIFT_PATCH_ADRP, 0x0143d000 },
	{ 0x010094, BD_LIFT_PATCH_ADRP, 0x0143d000 },
	{ 0x0100a8, BD_LIFT_PATCH_ADRP, 0x0143d000 },
	{ 0x0100bc, BD_LIFT_PATCH_ADRP, 0x0143d000 },
	{ 0x0100cc, BD_LIFT_PATCH_ADRP, 0x0143d000 },
	{ 0x0100dc, BD_LIFT_PATCH_ADRP, 0x0143d000 },
	{ 0x0100e8, BD_LIFT_PATCH_ADRP, 0x0143d000 },
	{ 0x0100f4, BD_LIFT_PATCH_ADRP, 0x0143d000 },
	{ 0x010104, BD_LIFT_PATCH_ADRP, 0x01462000 },
	{ 0x010118, BD_LIFT_PATCH_ADRP, 0x01020000 },
	{ 0x01012c, BD_LIFT_PATCH_ADRP, 0x0143d000 },
	{ 0x010138, BD_LIFT_PATCH_ADRP, 0x0143d000 },
	{ 0x010150, BD_LIFT_PATCH_ADRP, 0x0143d000 },
	{ 0x010164, BD_LIFT_PATCH_ADRP, 0x0143d000 },
	{ 0x010178, BD_LIFT_PATCH_ADRP, 0x0143d000 },
	{ 0x010184, BD_LIFT_PATCH_ADRP, 0x0143d000 },
	{ 0x010194, BD_LIFT_PATCH_ADRP, 0x0143d000 },
	{ 0x0101a8, BD_LIFT_PATCH_ADRP, 0x0143d000 },
	{ 0x0101bc, BD_LIFT_PATCH_ADRP, 0x0143d000 },
	{ 0x0101c8, BD_LIFT_PATCH_ADRP, 0x0143d000 },
	{ 0x0101d4, BD_LIFT_PATCH_ADRP, 0x0143d000 },
	{ 0x0101e4, BD_LIFT_PATCH_ADRP, 0x01020000 },
	{ 0x0101f0, BD_LIFT_PATCH_ADRP, 0x01462000 },
	{ 0x0101fc, BD_LIFT_PATCH_ADRP, 0x0143d000 },
	{ 0x010208, BD_LIFT_PATCH_ADRP, 0x0143d000 },
	{ 0x010214, BD_LIFT_PATCH_ADRP, 0x0143d000 },
	{ 0x010220, BD_LIFT_PATCH_ADRP, 0x0143d000 },
	{ 0x010230, BD_LIFT_PATCH_ADRP, 0x0143d000 },
	{ 0x010240, BD_LIFT_PATCH_ADRP, 0x0143a000 },
	{ 0x010250, BD_LIFT_PATCH_ADRP, 0x0143d000 },
	{ 0x01026c, BD_LIFT_PATCH_ADRP, 0x0143d000 },
	{ 0x010278, BD_LIFT_PATCH_ADRP, 0x0143d000 },
	{ 0x010284, BD_LIFT_PATCH_ADRP, 0x0143d000 },
	{ 0x010290, BD_LIFT_PATCH_ADRP, 0x0143d000 },
	{ 0x0102f4, BD_LIFT_PATCH_ADRP, 0x0143d000 },
	{ 0x010358, BD_LIFT_PATCH_ADRP, 0x0143d000 },
	{ 0x0103a8, BD_LIFT_PATCH_ADRP, 0x0143d000 },
	{ 0x0103c8, BD_LIFT_PATCH_ADRP, 0x0143d000 },
	{ 0x0103ec, BD_LIFT_PATCH_ADRP, 0x0143d000 },
	{ 0x010408, BD_LIFT_PATCH_ADRP, 0x0143d000 },
	{ 0x010414, BD_LIFT_PATCH_ADRP, 0x0143d000 },
	{ 0x010424, BD_LIFT_PATCH_ADRP, 0x0143d000 },
	{ 0x01043c, BD_LIFT_PATCH_ADRP, 0x0143d000 },
	{ 0x01044c, BD_LIFT_PATCH_ADRP, 0x0143d000 },
	{ 0x010464, BD_LIFT_PATCH_ADRP, 0x0143d000 },
	{ 0x010478, BD_LIFT_PATCH_ADRP, 0x0143d000 },
	{ 0x01048c, BD_LIFT_PATCH_ADRP, 0x0143d000 },
	{ 0x01049c, BD_LIFT_PATCH_ADRP, 0x0143d000 },
	{ 0x0104bc, BD_LIFT_PATCH_ADRP, 0x0143d000 },
	{ 0x0104cc, BD_LIFT_PATCH_ADRP, 0x0143d000 },
	{ 0x010500, BD_LIFT_PATCH_ADRP, 0x0143d000 },
	{ 0x01050c, BD_LIFT_PATCH_ADRP, 0x0143d000 },
	{ 0x010518, BD_LIFT_PATCH_ADRP, 0x0143d000 },
	{ 0x010530, BD_LIFT_PATCH_ADRP, 0x0143d000 },
	{ 0x01053c, BD_LIFT_PATCH_ADRP, 0x0143d000 },
	{ 0x0105b4, BD_LIFT_PATCH_ADRP, 0x0143d000 },
	{ 0x0105c0, BD_LIFT_PATCH_ADRP, 0x0143d000 },
	{ 0x0105cc, BD_LIFT_PATCH_ADRP, 0x0143d000 },
	{ 0x0105dc, BD_LIFT_PATCH_ADRP, 0x0143d000 },
	{ 0x0105f4, BD_LIFT_PATCH_ADRP, 0x0143d000 },
	{ 0x010604, BD_LIFT_PATCH_ADRP, 0x0143d000 },
	{ 0x01061c, BD_LIFT_PATCH_ADRP, 0x0143d000 },
	{ 0x010630, BD_LIFT_PATCH_ADRP, 0x0143d000 },
	{ 0x010644, BD_LIFT_PATCH_ADRP, 0x0143d000 },
	{ 0x010654, BD_LIFT_PATCH_ADRP, 0x0143d000 },
	{ 0x010670, BD_LIFT_PATCH_ADRP, 0x0143d000 },
	{ 0x0106b0, BD_LIFT_PATCH_ADRP, 0x0143d000 },
	{ 0x0106bc, BD_LIFT_PATCH_ADRP, 0x0143d000 },
	{ 0x0106d4, BD_LIFT_PATCH_ADRP, 0x0143d000 },
	{ 0x0106f8, BD_LIFT_PATCH_ADRP, 0x0143d000 },
	{ 0x010708, BD_LIFT_PATCH_ADRP, 0x0143d000 },
	{ 0x010744, BD_LIFT_PATCH_ADRP, 0x0143d000 },
	{ 0x010750, BD_LIFT_PATCH_ADRP, 0x0143d000 },
	{ 0x010764, BD_LIFT_PATCH_ADRP, 0x0143d000 },
	{ 0x010788, BD_LIFT_PATCH_ADRP, 0x0143d000 },
	{ 0x0107b8, BD_LIFT_PATCH_ADRP, 0x0143d000 },
	{ 0x010808, BD_LIFT_PATCH_ADRP, 0x0143d000 },
	{ 0x010814, BD_LIFT_PATCH_ADRP, 0x0143d000 },
	{ 0x010820, BD_LIFT_PATCH_ADRP, 0x0143d000 },
	{ 0x01082c, BD_LIFT_PATCH_ADRP, 0x0143d000 },
	{ 0x010838, BD_LIFT_PATCH_ADRP, 0x0143d000 },
	{ 0x010850, BD_LIFT_PATCH_ADRP, 0x0143d000 },
	{ 0x01085c, BD_LIFT_PATCH_ADRP, 0x0143d000 },
	{ 0x010870, BD_LIFT_PATCH_ADRP, 0x0143d000 },
	{ 0x010884, BD_LIFT_PATCH_ADRP, 0x0143d000 },
	{ 0x010898, BD_LIFT_PATCH_ADRP, 0x0143d000 },
	{ 0x0108ac, BD_LIFT_PATCH_ADRP, 0x0143d000 },
	{ 0x0108c8, BD_LIFT_PATCH_ADRP, 0x0143d000 },
	{ 0x0108dc, BD_LIFT_PATCH_ADRP, 0x0143d000 },
	{ 0x0108f0, BD_LIFT_PATCH_ADRP, 0x0143d000 },
	{ 0x010900, BD_LIFT_PATCH_ADRP, 0x0143d000 },
	{ 0x01090c, BD_LIFT_PATCH_ADRP, 0x0143d000 },
	{ 0x010918, BD_LIFT_PATCH_ADRP, 0x0143d000 },
	{ 0x010924, BD_LIFT_PATCH_ADRP, 0x0143d000 },
	{ 0x010938, BD_LIFT_PATCH_ADRP, 0x0143d000 },
	{ 0x010954, BD_LIFT_PATCH_ADRP, 0x0143d000 },
	{ 0x010964, BD_LIFT_PATCH_ADRP, 0x0143d000 },
	{ 0x010978, BD_LIFT_PATCH_ADRP, 0x0143d000 },
	{ 0x01098c, BD_LIFT_PATCH_ADRP, 0x0143d000 },
	{ 0x0109a0, BD_LIFT_PATCH_ADRP, 0x0143d000 },
	{ 0x0109b4, BD_LIFT_PATCH_ADRP, 0x0143d000 },
	{ 0x0109c8, BD_LIFT_PATCH_ADRP, 0x0143d000 },
	{ 0x0109d8, BD_LIFT_PATCH_ADRP, 0x0143d000 },
	{ 0x0109e4, BD_LIFT_PATCH_ADRP, 0x0143d000 },
	{ 0x0109f4, BD_LIFT_PATCH_ADRP, 0x0143d000 },
	{ 0x010a08, BD_LIFT_PATCH_ADRP, 0x0143d000 },
	{ 0x010a1c, BD_LIFT_PATCH_ADRP, 0x0143d000 },
	{ 0x010a2c, BD_LIFT_PATCH_ADRP, 0x0143d000 },
	{ 0x010a3c, BD_LIFT_PATCH_ADRP, 0x0143d000 },
	{ 0x010a50, BD_LIFT_PATCH_ADRP, 0x0143d000 },
	{ 0x010a5c, BD_LIFT_PATCH_ADRP, 0x0143d000 },
	{ 0x010a68, BD_LIFT_PATCH_ADRP, 0x0143d000 },
	{ 0x010a7c, BD_LIFT_PATCH_ADRP, 0x0143d000 },
	{ 0x010a90, BD_LIFT_PATCH_ADRP, 0x0143d000 },
	{ 0x010aa0, BD_LIFT_PATCH_ADRP, 0x0143d000 },
	{ 0x010ab0, BD_LIFT_PATCH_ADRP, 0x0143d000 },
	{ 0x010ac4, BD_LIFT_PATCH_ADRP, 0x0143d000 },
	{ 0x010ad8, BD_LIFT_PATCH_ADRP, 0x0143d000 },
	{ 0x010ae4, BD_LIFT_PATCH_ADRP, 0x0143d000 },
	{ 0x010af8, BD_LIFT_PATCH_ADRP, 0x0143d000 },
	{ 0x010b04, BD_LIFT_PATCH_ADRP, 0x0143d000 },
	{ 0x010b14, BD_LIFT_PATCH_ADRP, 0x0143d000 },
	{ 0x010b28, BD_LIFT_PATCH_ADRP, 0x0143d000 },
	{ 0x010b34, BD_LIFT_PATCH_ADRP, 0x0143d000 },
	{ 0x010b40, BD_LIFT_PATCH_ADRP, 0x0143d000 },
	{ 0x010b4c, BD_LIFT_PATCH_ADRP, 0x0143d000 },
	{ 0x010b88, BD_LIFT_PATCH_ADRP, 0x0143d000 },
	{ 0x010b94, BD_LIFT_PATCH_ADRP, 0x0143d000 },
	{ 0x010ba0, BD_LIFT_PATCH_ADRP, 0x0143d000 },
	{ 0x010bac, BD_LIFT_PATCH_ADRP, 0x0143d000 },
	{ 0x010bb8, BD_LIFT_PATCH_ADRP, 0x0143d000 },
	{ 0x010bcc, BD_LIFT_PATCH_ADRP, 0x0143d000 },
	{ 0x010bd8, BD_LIFT_PATCH_ADRP, 0x0143d000 },
	{ 0x010be4, BD_LIFT_PATCH_ADRP, 0x0143d000 },
	{ 0x010bf0, BD_LIFT_PATCH_ADRP, 0x0143d000 },
	{ 0x010bfc, BD_LIFT_PATCH_ADRP, 0x0143d000 },
	{ 0x010c08, BD_LIFT_PATCH_ADRP, 0x0143d000 },
	{ 0x010c1c, BD_LIFT_PATCH_ADRP, 0x0143d000 },
	{ 0x010c30, BD_LIFT_PATCH_ADRP, 0x0143d000 },
	{ 0x010c44, BD_LIFT_PATCH_ADRP, 0x0143d000 },
	{ 0x010c54, BD_LIFT_PATCH_ADRP, 0x0143d000 },
	{ 0x010c6c, BD_LIFT_PATCH_ADRP, 0x0143d000 },
	{ 0x010c7c, BD_LIFT_PATCH_ADRP, 0x0143d000 },
	{ 0x010c94, BD_LIFT_PATCH_ADRP, 0x0143d000 },
	{ 0x010ca0, BD_LIFT_PATCH_ADRP, 0x0143d000 },
	{ 0x010cb0, BD_LIFT_PATCH_ADRP, 0x0143d000 },
	{ 0x010cbc, BD_LIFT_PATCH_ADRP, 0x0143d000 },
	{ 0x010cd0, BD_LIFT_PATCH_ADRP, 0x0143d000 },
	{ 0x010ce4, BD_LIFT_PATCH_ADRP, 0x0143d000 },
	{ 0x010cf4, BD_LIFT_PATCH_ADRP, 0x0143d000 },
	{ 0x010d08, BD_LIFT_PATCH_ADRP, 0x0143d000 },
	{ 0x010d14, BD_LIFT_PATCH_ADRP, 0x0143d000 },
	{ 0x010d20, BD_LIFT_PATCH_ADRP, 0x0143d000 },
	{ 0x010d2c, BD_LIFT_PATCH_ADRP, 0x0143d000 },
	{ 0x010d38, BD_LIFT_PATCH_ADRP, 0x0143d000 },
	{ 0x010d44, BD_LIFT_PATCH_ADRP, 0x0143d000 },
	{ 0x010d50, BD_LIFT_PATCH_ADRP, 0x0143d000 },
	{ 0x010d5c, BD_LIFT_PATCH_ADRP, 0x0143d000 },
	{ 0x010d68, BD_LIFT_PATCH_ADRP, 0x0143d000 },
	{ 0x010d7c, BD_LIFT_PATCH_ADRP, 0x0143d000 },
	{ 0x010d9c, BD_LIFT_PATCH_ADRP, 0x0143d000 },
	{ 0x010da8, BD_LIFT_PATCH_ADRP, 0x0143d000 },
	{ 0x010dbc, BD_LIFT_PATCH_ADRP, 0x0143d000 },
	{ 0x010dc8, BD_LIFT_PATCH_ADRP, 0x0143d000 },
	{ 0x010dd8, BD_LIFT_PATCH_ADRP, 0x0143d000 },
	{ 0x010dec, BD_LIFT_PATCH_ADRP, 0x0143d000 },
	{ 0x010e00, BD_LIFT_PATCH_ADRP, 0x0143d000 },
	{ 0x010e10, BD_LIFT_PATCH_ADRP, 0x0143d000 },
	{ 0x010e24, BD_LIFT_PATCH_ADRP, 0x0143d000 },
	{ 0x010e38, BD_LIFT_PATCH_ADRP, 0x0143d000 },
	{ 0x010e48, BD_LIFT_PATCH_ADRP, 0x0143d000 },
	{ 0x010e5c, BD_LIFT_PATCH_ADRP, 0x0143d000 },
	{ 0x010e68, BD_LIFT_PATCH_ADRP, 0x0143d000 },
	{ 0x010e90, BD_LIFT_PATCH_ADRP, 0x0143d000 },
	{ 0x010ea4, BD_LIFT_PATCH_ADRP, 0x0143d000 },
	{ 0x010ecc, BD_LIFT_PATCH_ADRP, 0x0143d000 },
	{ 0x010f08, BD_LIFT_PATCH_ADRP, 0x0143d000 },
	{ 0x010f1c, BD_LIFT_PATCH_ADRP, 0x0143d000 },
	{ 0x010f44, BD_LIFT_PATCH_ADRP, 0x0143d000 },
	{ 0x010f58, BD_LIFT_PATCH_ADRP, 0x0143d000 },
	{ 0x010f8c, BD_LIFT_PATCH_ADRP, 0x0143d000 },
	{ 0x010fd0, BD_LIFT_PATCH_ADRP, 0x0143d000 },
	{ 0x010ff0, BD_LIFT_PATCH_ADRP, 0x0143d000 },
	{ 0x011018, BD_LIFT_PATCH_ADRP, 0x0143d000 },
	{ 0x01103c, BD_LIFT_PATCH_ADRP, 0x0143d000 },
	{ 0x011050, BD_LIFT_PATCH_ADRP, 0x0143d000 },
	{ 0x011064, BD_LIFT_PATCH_ADRP, 0x0143d000 },
	{ 0x011078, BD_LIFT_PATCH_ADRP, 0x0143d000 },
	{ 0x011140, BD_LIFT_PATCH_ADRP, 0x0143d000 },
	{ 0x01114c, BD_LIFT_PATCH_ADRP, 0x0143d000 },
	{ 0x01115c, BD_LIFT_PATCH_ADRP, 0x0143d000 },
	{ 0x011168, BD_LIFT_PATCH_ADRP, 0x0143d000 },
	{ 0x011178, BD_LIFT_PATCH_ADRP, 0x0143d000 },
	{ 0x011190, BD_LIFT_PATCH_ADRP, 0x0143d000 },
	{ 0x0111a0, BD_LIFT_PATCH_ADRP, 0x0143d000 },
	{ 0x0111bc, BD_LIFT_PATCH_ADRP, 0x0143d000 },
	{ 0x0111d0, BD_LIFT_PATCH_ADRP, 0x0143d000 },
	{ 0x0111e8, BD_LIFT_PATCH_ADRP, 0x0143d000 },
	{ 0x0111fc, BD_LIFT_PATCH_ADRP, 0x0143d000 },
	{ 0x011214, BD_LIFT_PATCH_ADRP, 0x0143d000 },
	{ 0x011230, BD_LIFT_PATCH_ADRP, 0x0143d000 },
	{ 0x011254, BD_LIFT_PATCH_ADRP, 0x0143d000 },
	{ 0x011268, BD_LIFT_PATCH_ADRP, 0x0143d000 },
	{ 0x011274, BD_LIFT_PATCH_ADRP, 0x0143d000 },
	{ 0x011284, BD_LIFT_PATCH_ADRP, 0x0143d000 },
	{ 0x01129c, BD_LIFT_PATCH_ADRP, 0x0143d000 },
	{ 0x0112b8, BD_LIFT_PATCH_ADRP, 0x0143d000 },
	{ 0x0112d0, BD_LIFT_PATCH_ADRP, 0x0143d000 },
	{ 0x0112ec, BD_LIFT_PATCH_ADRP, 0x0143d000 },
	{ 0x011304, BD_LIFT_PATCH_ADRP, 0x0143d000 },
	{ 0x011314, BD_LIFT_PATCH_ADRP, 0x0143d000 },
	{ 0x01132c, BD_LIFT_PATCH_ADRP, 0x0143d000 },
	{ 0x011340, BD_LIFT_PATCH_ADRP, 0x0143d000 },
	{ 0x01134c, BD_LIFT_PATCH_ADRP, 0x0143d000 },
	{ 0x011360, BD_LIFT_PATCH_ADRP, 0x0143d000 },
	{ 0x011374, BD_LIFT_PATCH_ADRP, 0x0143d000 },
	{ 0x011384, BD_LIFT_PATCH_ADRP, 0x0143d000 },
	{ 0x01139c, BD_LIFT_PATCH_ADRP, 0x0143d000 },
	{ 0x0113ac, BD_LIFT_PATCH_ADRP, 0x0143d000 },
	{ 0x0113c8, BD_LIFT_PATCH_ADRP, 0x0143d000 },
	{ 0x0113e4, BD_LIFT_PATCH_ADRP, 0x0143d000 },
	{ 0x011408, BD_LIFT_PATCH_ADRP, 0x0143d000 },
	{ 0x01141c, BD_LIFT_PATCH_ADRP, 0x0143d000 },
	{ 0x011428, BD_LIFT_PATCH_ADRP, 0x0143d000 },
	{ 0x01143c, BD_LIFT_PATCH_ADRP, 0x0143d000 },
	{ 0x01144c, BD_LIFT_PATCH_ADRP, 0x0143d000 },
	{ 0x011464, BD_LIFT_PATCH_ADRP, 0x0143d000 },
	{ 0x011474, BD_LIFT_PATCH_ADRP, 0x0143d000 },
	{ 0x011488, BD_LIFT_PATCH_ADRP, 0x0143d000 },
	{ 0x011494, BD_LIFT_PATCH_ADRP, 0x0143d000 },
	{ 0x0114a4, BD_LIFT_PATCH_ADRP, 0x0143d000 },
	{ 0x0114f0, BD_LIFT_PATCH_ADRP, 0x0143d000 },
	{ 0x011504, BD_LIFT_PATCH_ADRP, 0x0143d000 },
	{ 0x01151c, BD_LIFT_PATCH_ADRP, 0x0143d000 },
	{ 0x011528, BD_LIFT_PATCH_ADRP, 0x0143d000 },
	{ 0x01153c, BD_LIFT_PATCH_ADRP, 0x0143d000 },
	{ 0x011548, BD_LIFT_PATCH_ADRP, 0x0143d000 },
	{ 0x01155c, BD_LIFT_PATCH_ADRP, 0x0143d000 },
	{ 0x011568, BD_LIFT_PATCH_ADRP, 0x0143d000 },
	{ 0x011618, BD_LIFT_PATCH_ADRP, 0x0143d000 },
	{ 0x01162c, BD_LIFT_PATCH_ADRP, 0x0143d000 },
	{ 0x011654, BD_LIFT_PATCH_ADRP, 0x0143d000 },
	{ 0x0116e8, BD_LIFT_PATCH_ADRP, 0x0143d000 },
	{ 0x011710, BD_LIFT_PATCH_ADRP, 0x0143d000 },
	{ 0x011748, BD_LIFT_PATCH_ADRP, 0x0143d000 },
	{ 0x0117e4, BD_LIFT_PATCH_ADRP, 0x0143d000 },
	{ 0x01180c, BD_LIFT_PATCH_ADRP, 0x0143d000 },
	{ 0x011848, BD_LIFT_PATCH_ADRP, 0x0143d000 },
	{ 0x01186c, BD_LIFT_PATCH_ADRP, 0x0143d000 },
	{ 0x011894, BD_LIFT_PATCH_ADRP, 0x0143d000 },
	{ 0x0118e8, BD_LIFT_PATCH_ADRP, 0x0143d000 },
	{ 0x0118f8, BD_LIFT_PATCH_ADRP, 0x0143d000 },
	{ 0x011918, BD_LIFT_PATCH_ADRP, 0x0143d000 },
	{ 0x01194c, BD_LIFT_PATCH_ADRP, 0x0143d000 },
	{ 0x01198c, BD_LIFT_PATCH_ADRP, 0x0143d000 },
	{ 0x0119cc, BD_LIFT_PATCH_ADRP, 0x0143d000 },
	{ 0x011a10, BD_LIFT_PATCH_ADRP, 0x0143d000 },
	{ 0x011a20, BD_LIFT_PATCH_ADRP, 0x0143d000 },
	{ 0x011a40, BD_LIFT_PATCH_ADRP, 0x0143d000 },
	{ 0x011a4c, BD_LIFT_PATCH_ADRP, 0x0143d000 },
	{ 0x011a60, BD_LIFT_PATCH_ADRP, 0x0143d000 },
	{ 0x011a74, BD_LIFT_PATCH_ADRP, 0x0143d000 },
	{ 0x011a84, BD_LIFT_PATCH_ADRP, 0x0143d000 },
	{ 0x011a9c, BD_LIFT_PATCH_ADRP, 0x0143d000 },
	{ 0x011ab0, BD_LIFT_PATCH_ADRP, 0x0143d000 },
	{ 0x011ac0, BD_LIFT_PATCH_ADRP, 0x0143d000 },
	{ 0x011ad4, BD_LIFT_PATCH_ADRP, 0x0143d000 },
	{ 0x011ae0, BD_LIFT_PATCH_ADRP, 0x0143d000 },
	{ 0x011aec, BD_LIFT_PATCH_ADRP, 0x0143d000 },
	{ 0x011afc, BD_LIFT_PATCH_ADRP, 0x0143d000 },
	{ 0x011b10, BD_LIFT_PATCH_ADRP, 0x0143d000 },
	{ 0x011b24, BD_LIFT_PATCH_ADRP, 0x0143d000 },
	{ 0x011b38, BD_LIFT_PATCH_ADRP, 0x0143d000 },
	{ 0x011b48, BD_LIFT_PATCH_ADRP, 0x0143d000 },
	{ 0x011b5c, BD_LIFT_PATCH_ADRP, 0x0143d000 },
	{ 0x011b6c, BD_LIFT_PATCH_ADRP, 0x0143d000 },
	{ 0x011b80, BD_LIFT_PATCH_ADRP, 0x0143d000 },
	{ 0x011b94, BD_LIFT_PATCH_ADRP, 0x0143d000 },
	{ 0x011ba8, BD_LIFT_PATCH_ADRP, 0x0143d000 },
	{ 0x011bb8, BD_LIFT_PATCH_ADRP, 0x0143d000 },
	{ 0x011bc4, BD_LIFT_PATCH_ADRP, 0x0143d000 },
	{ 0x011bd8, BD_LIFT_PATCH_ADRP, 0x0143d000 },
	{ 0x011c18, BD_LIFT_PATCH_ADRP, 0x0143d000 },
	{ 0x011c2c, BD_LIFT_PATCH_ADRP, 0x0143d000 },
	{ 0x011c38, BD_LIFT_PATCH_ADRP, 0x0143d000 },
	{ 0x011c44, BD_LIFT_PATCH_ADRP, 0x0143d000 },
	{ 0x011c50, BD_LIFT_PATCH_ADRP, 0x0143d000 },
	{ 0x011c5c, BD_LIFT_PATCH_ADRP, 0x0143d000 },
	{ 0x011c68, BD_LIFT_PATCH_ADRP, 0x0143d000 },
	{ 0x011c74, BD_LIFT_PATCH_ADRP, 0x0143d000 },
	{ 0x011c80, BD_LIFT_PATCH_ADRP, 0x0143d000 },
	{ 0x011c90, BD_LIFT_PATCH_ADRP, 0x0143d000 },
	{ 0x011ca4, BD_LIFT_PATCH_ADRP, 0x0143d000 },
	{ 0x011cb8, BD_LIFT_PATCH_ADRP, 0x0143d000 },
	{ 0x011cc4, BD_LIFT_PATCH_ADRP, 0x0143d000 },
	{ 0x011cd0, BD_LIFT_PATCH_ADRP, 0x0143d000 },
	{ 0x011cdc, BD_LIFT_PATCH_ADRP, 0x0143d000 },
	{ 0x011ce8, BD_LIFT_PATCH_ADRP, 0x0143d000 },
	{ 0x011cf4, BD_LIFT_PATCH_ADRP, 0x0143d000 },
	{ 0x011d00, BD_LIFT_PATCH_ADRP, 0x0143d000 },
	{ 0x011d0c, BD_LIFT_PATCH_ADRP, 0x0143d000 },
	{ 0x011d1c, BD_LIFT_PATCH_ADRP, 0x0143d000 },
	{ 0x011d30, BD_LIFT_PATCH_ADRP, 0x0143d000 },
	{ 0x011d44, BD_LIFT_PATCH_ADRP, 0x0143d000 },
	{ 0x011d50, BD_LIFT_PATCH_ADRP, 0x0143d000 },
	{ 0x011d5c, BD_LIFT_PATCH_ADRP, 0x0143d000 },
	{ 0x011d68, BD_LIFT_PATCH_ADRP, 0x0143d000 },
	{ 0x011d74, BD_LIFT_PATCH_ADRP, 0x0143d000 },
	{ 0x011d80, BD_LIFT_PATCH_ADRP, 0x0143d000 },
	{ 0x011d8c, BD_LIFT_PATCH_ADRP, 0x0143d000 },
	{ 0x011d98, BD_LIFT_PATCH_ADRP, 0x0143d000 },
	{ 0x011da8, BD_LIFT_PATCH_ADRP, 0x0143d000 },
	{ 0x011db4, BD_LIFT_PATCH_ADRP, 0x0143d000 },
	{ 0x011dc0, BD_LIFT_PATCH_ADRP, 0x0143d000 },
	{ 0x011dcc, BD_LIFT_PATCH_ADRP, 0x0143d000 },
	{ 0x011de4, BD_LIFT_PATCH_ADRP, 0x0143d000 },
	{ 0x011df8, BD_LIFT_PATCH_ADRP, 0x0143d000 },
	{ 0x011e08, BD_LIFT_PATCH_ADRP, 0x0143d000 },
	{ 0x011e1c, BD_LIFT_PATCH_ADRP, 0x0143d000 },
	{ 0x011e28, BD_LIFT_PATCH_ADRP, 0x0143d000 },
	{ 0x011e34, BD_LIFT_PATCH_ADRP, 0x0143d000 },
	{ 0x011e48, BD_LIFT_PATCH_ADRP, 0x0143d000 },
	{ 0x011e5c, BD_LIFT_PATCH_ADRP, 0x0143d000 },
	{ 0x011e70, BD_LIFT_PATCH_ADRP, 0x0143d000 },
	{ 0x011e80, BD_LIFT_PATCH_ADRP, 0x0143d000 },
	{ 0x011e94, BD_LIFT_PATCH_ADRP, 0x0143d000 },
	{ 0x011ea4, BD_LIFT_PATCH_ADRP, 0x0143d000 },
	{ 0x011ebc, BD_LIFT_PATCH_ADRP, 0x0143d000 },
	{ 0x011ecc, BD_LIFT_PATCH_ADRP, 0x0143d000 },
	{ 0x011ee4, BD_LIFT_PATCH_ADRP, 0x0143d000 },
	{ 0x011ef8, BD_LIFT_PATCH_ADRP, 0x0143d000 },
	{ 0x011f04, BD_LIFT_PATCH_ADRP, 0x0143d000 },
	{ 0x011f18, BD_LIFT_PATCH_ADRP, 0x0143d000 },
	{ 0x011f2c, BD_LIFT_PATCH_ADRP, 0x0143d000 },
	{ 0x011f40, BD_LIFT_PATCH_ADRP, 0x0143d000 },
	{ 0x011f50, BD_LIFT_PATCH_ADRP, 0x0143d000 },
	{ 0x011f64, BD_LIFT_PATCH_ADRP, 0x0143d000 },
	{ 0x011f74, BD_LIFT_PATCH_ADRP, 0x0143d000 },
	{ 0x011f8c, BD_LIFT_PATCH_ADRP, 0x0143d000 },
	{ 0x011f9c, BD_LIFT_PATCH_ADRP, 0x0143d000 },
	{ 0x011fb4, BD_LIFT_PATCH_ADRP, 0x0143d000 },
	{ 0x011fc8, BD_LIFT_PATCH_ADRP, 0x0143d000 },
	{ 0x011fd4, BD_LIFT_PATCH_ADRP, 0x0143d000 },
	{ 0x011ff0, BD_LIFT_PATCH_ADRP, 0x0143d000 },
	{ 0x012004, BD_LIFT_PATCH_ADRP, 0x0143d000 },
	{ 0x012018, BD_LIFT_PATCH_ADRP, 0x0143d000 },
	{ 0x012028, BD_LIFT_PATCH_ADRP, 0x0143d000 },
	{ 0x012040, BD_LIFT_PATCH_ADRP, 0x0143d000 },
	{ 0x012050, BD_LIFT_PATCH_ADRP, 0x0143d000 },
	{ 0x012068, BD_LIFT_PATCH_ADRP, 0x0143d000 },
	{ 0x01207c, BD_LIFT_PATCH_ADRP, 0x0143d000 },
	{ 0x012090, BD_LIFT_PATCH_ADRP, 0x0143d000 },
	{ 0x0120a4, BD_LIFT_PATCH_ADRP, 0x0143d000 },
	{ 0x0120b8, BD_LIFT_PATCH_ADRP, 0x0143d000 },
	{ 0x0120c8, BD_LIFT_PATCH_ADRP, 0x0143d000 },
	{ 0x0120dc, BD_LIFT_PATCH_ADRP, 0x0143d000 },
	{ 0x0120f0, BD_LIFT_PATCH_ADRP, 0x0143d000 },
	{ 0x012100, BD_LIFT_PATCH_ADRP, 0x0143d000 },
	{ 0x012114, BD_LIFT_PATCH_ADRP, 0x0143d000 },
	{ 0x012128, BD_LIFT_PATCH_ADRP, 0x0143d000 },
	{ 0x012138, BD_LIFT_PATCH_ADRP, 0x0143d000 },
	{ 0x01214c, BD_LIFT_PATCH_ADRP, 0x0143d000 },
	{ 0x01215c, BD_LIFT_PATCH_ADRP, 0x0143d000 },
	{ 0x012170, BD_LIFT_PATCH_ADRP, 0x0143d000 },
	{ 0x012184, BD_LIFT_PATCH_ADRP, 0x0143d000 },
	{ 0x012198, BD_LIFT_PATCH_ADRP, 0x0143d000 },
	{ 0x0121ac, BD_LIFT_PATCH_ADRP, 0x0143d000 },
	{ 0x0121b8, BD_LIFT_PATCH_ADRP, 0x0143d000 },
	{ 0x0121c8, BD_LIFT_PATCH_ADRP, 0x0143d000 },
	{ 0x0121dc, BD_LIFT_PATCH_ADRP, 0x0143d000 },
	{ 0x0121f0, BD_LIFT_PATCH_ADRP, 0x0143d000 },
	{ 0x012200, BD_LIFT_PATCH_ADRP, 0x0143d000 },
	{ 0x012214, BD_LIFT_PATCH_ADRP, 0x0143d000 },
	{ 0x012228, BD_LIFT_PATCH_ADRP, 0x0143d000 },
	{ 0x012238, BD_LIFT_PATCH_ADRP, 0x0143d000 },
	{ 0x01224c, BD_LIFT_PATCH_ADRP, 0x0143d000 },
	{ 0x012260, BD_LIFT_PATCH_ADRP, 0x0143d000 },
	{ 0x012274, BD_LIFT_PATCH_ADRP, 0x0143d000 },
	{ 0x012284, BD_LIFT_PATCH_ADRP, 0x0143d000 },
	{ 0x01229c, BD_LIFT_PATCH_ADRP, 0x0143d000 },
	{ 0x0122ac, BD_LIFT_PATCH_ADRP, 0x0143d000 },
	{ 0x0122c4, BD_LIFT_PATCH_ADRP, 0x0143d000 },
	{ 0x0122d8, BD_LIFT_PATCH_ADRP, 0x0143d000 },
	{ 0x0122ec, BD_LIFT_PATCH_ADRP, 0x0143d000 },
	{ 0x0122fc, BD_LIFT_PATCH_ADRP, 0x0143d000 },
	{ 0x012310, BD_LIFT_PATCH_ADRP, 0x0143d000 },
	{ 0x012324, BD_LIFT_PATCH_ADRP, 0x0143d000 },
	{ 0x012338, BD_LIFT_PATCH_ADRP, 0x0143d000 },
	{ 0x01234c, BD_LIFT_PATCH_ADRP, 0x0143d000 },
	{ 0x012360, BD_LIFT_PATCH_ADRP, 0x0143d000 },
	{ 0x012374, BD_LIFT_PATCH_ADRP, 0x0143d000 },
	{ 0x012384, BD_LIFT_PATCH_ADRP, 0x0143d000 },
	{ 0x01239c, BD_LIFT_PATCH_ADRP, 0x0143d000 },
	{ 0x0123ac, BD_LIFT_PATCH_ADRP, 0x0143d000 },
	{ 0x0123c4, BD_LIFT_PATCH_ADRP, 0x0143d000 },
	{ 0x0123d4, BD_LIFT_PATCH_ADRP, 0x0143d000 },
	{ 0x0123e8, BD_LIFT_PATCH_ADRP, 0x0143d000 },
	{ 0x0123fc, BD_LIFT_PATCH_ADRP, 0x0143d000 },
	{ 0x012418, BD_LIFT_PATCH_ADRP, 0x0143d000 },
	{ 0x012438, BD_LIFT_PATCH_ADRP, 0x0143d000 },
	{ 0x012458, BD_LIFT_PATCH_ADRP, 0x0143d000 },
	{ 0x012478, BD_LIFT_PATCH_ADRP, 0x0143d000 },
	{ 0x012490, BD_LIFT_PATCH_ADRP, 0x0143d000 },
	{ 0x01249c, BD_LIFT_PATCH_ADRP, 0x0143d000 },
	{ 0x0124a8, BD_LIFT_PATCH_ADRP, 0x0143d000 },
	{ 0x0124b4, BD_LIFT_PATCH_ADRP, 0x0143d000 },
	{ 0x0124c4, BD_LIFT_PATCH_ADRP, 0x0143d000 },
	{ 0x0124d0, BD_LIFT_PATCH_ADRP, 0x0143d000 },
	{ 0x0124e4, BD_LIFT_PATCH_ADRP, 0x0143d000 },
	{ 0x0124f8, BD_LIFT_PATCH_ADRP, 0x0143d000 },
	{ 0x01250c, BD_LIFT_PATCH_ADRP, 0x0143d000 },
	{ 0x012520, BD_LIFT_PATCH_ADRP, 0x0143d000 },
	{ 0x012534, BD_LIFT_PATCH_ADRP, 0x0143d000 },
	{ 0x012574, BD_LIFT_PATCH_ADRP, 0x0143d000 },
	{ 0x01259c, BD_LIFT_PATCH_ADRP, 0x0143d000 },
	{ 0x0125c8, BD_LIFT_PATCH_ADRP, 0x0143d000 },
	{ 0x01263c, BD_LIFT_PATCH_ADRP, 0x0143d000 },
	{ 0x012658, BD_LIFT_PATCH_ADRP, 0x0143d000 },
	{ 0x012670, BD_LIFT_PATCH_ADRP, 0x0143d000 },
	{ 0x012684, BD_LIFT_PATCH_ADRP, 0x0143d000 },
	{ 0x012690, BD_LIFT_PATCH_ADRP, 0x0143d000 },
	{ 0x0126a4, BD_LIFT_PATCH_ADRP, 0x0143d000 },
	{ 0x0126b4, BD_LIFT_PATCH_ADRP, 0x0143d000 },
	{ 0x0126c0, BD_LIFT_PATCH_ADRP, 0x0143d000 },
	{ 0x0126cc, BD_LIFT_PATCH_ADRP, 0x0143d000 },
	{ 0x0126e0, BD_LIFT_PATCH_ADRP, 0x0143d000 },
	{ 0x0126f0, BD_LIFT_PATCH_ADRP, 0x0143d000 },
	{ 0x0126fc, BD_LIFT_PATCH_ADRP, 0x0143d000 },
	{ 0x012708, BD_LIFT_PATCH_ADRP, 0x0143d000 },
	{ 0x012718, BD_LIFT_PATCH_ADRP, 0x0143d000 },
	{ 0x012748, BD_LIFT_PATCH_ADRP, 0x0143d000 },
	{ 0x012774, BD_LIFT_PATCH_ADRP, 0x0143d000 },
	{ 0x0127a0, BD_LIFT_PATCH_ADRP, 0x0143d000 },
	{ 0x0127cc, BD_LIFT_PATCH_ADRP, 0x0143d000 },
	{ 0x0127fc, BD_LIFT_PATCH_ADRP, 0x0143d000 },
	{ 0x012808, BD_LIFT_PATCH_ADRP, 0x0143d000 },
	{ 0x012814, BD_LIFT_PATCH_ADRP, 0x0143d000 },
	{ 0x012820, BD_LIFT_PATCH_ADRP, 0x0143d000 },
	{ 0x012848, BD_LIFT_PATCH_ADRP, 0x0143d000 },
	{ 0x01285c, BD_LIFT_PATCH_ADRP, 0x0143d000 },
	{ 0x012870, BD_LIFT_PATCH_ADRP, 0x0143d000 },
	{ 0x01287c, BD_LIFT_PATCH_ADRP, 0x0143d000 },
	{ 0x012890, BD_LIFT_PATCH_ADRP, 0x0143d000 },
	{ 0x0128a0, BD_LIFT_PATCH_ADRP, 0x0143d000 },
	{ 0x0128ac, BD_LIFT_PATCH_ADRP, 0x01462000 },
	{ 0x0128b8, BD_LIFT_PATCH_ADRP, 0x0143d000 },
	{ 0x0128cc, BD_LIFT_PATCH_ADRP, 0x01462000 },
	{ 0x0128d8, BD_LIFT_PATCH_ADRP, 0x01462000 },
	{ 0x0128e8, BD_LIFT_PATCH_ADRP, 0x0143d000 },
	{ 0x0128f4, BD_LIFT_PATCH_ADRP, 0x01462000 },
	{ 0x012900, BD_LIFT_PATCH_ADRP, 0x01462000 },
	{ 0x01290c, BD_LIFT_PATCH_ADRP, 0x01462000 },
	{ 0x01291c, BD_LIFT_PATCH_ADRP, 0x0143d000 },
	{ 0x012928, BD_LIFT_PATCH_ADRP, 0x0143d000 },
	{ 0x012948, BD_LIFT_PATCH_ADRP, 0x0143a000 },
	{ 0x01295c, BD_LIFT_PATCH_ADRP, 0x0143a000 },
	{ 0x012970, BD_LIFT_PATCH_ADRP, 0x0143a000 },
	{ 0x012984, BD_LIFT_PATCH_ADRP, 0x0143a000 },
	{ 0x012990, BD_LIFT_PATCH_ADRP, 0x0143a000 },
	{ 0x0129a4, BD_LIFT_PATCH_ADRP, 0x01462000 },
	{ 0x0129c8, BD_LIFT_PATCH_ADRP, 0x0143d000 },
	{ 0x0129d4, BD_LIFT_PATCH_ADRP, 0x0143d000 },
	{ 0x0129e0, BD_LIFT_PATCH_ADRP, 0x0143d000 },
	{ 0x0129ec, BD_LIFT_PATCH_ADRP, 0x0143d000 },
	{ 0x0129f8, BD_LIFT_PATCH_ADRP, 0x0143d000 },
	{ 0x012a08, BD_LIFT_PATCH_ADRP, 0x0143d000 },
	{ 0x012a14, BD_LIFT_PATCH_ADRP, 0x0143d000 },
	{ 0x012a20, BD_LIFT_PATCH_ADRP, 0x0143d000 },
	{ 0x012a34, BD_LIFT_PATCH_ADRP, 0x0143d000 },
	{ 0x012a48, BD_LIFT_PATCH_ADRP, 0x0143d000 },
	{ 0x012a5c, BD_LIFT_PATCH_ADRP, 0x0143d000 },
	{ 0x012a70, BD_LIFT_PATCH_ADRP, 0x0143d000 },
	{ 0x012a7c, BD_LIFT_PATCH_ADRP, 0x0143d000 },
	{ 0x012a88, BD_LIFT_PATCH_ADRP, 0x0143d000 },
	{ 0x012a94, BD_LIFT_PATCH_ADRP, 0x0143d000 },
	{ 0x012aa4, BD_LIFT_PATCH_ADRP, 0x0143d000 },
	{ 0x012ab0, BD_LIFT_PATCH_ADRP, 0x0143d000 },
	{ 0x012abc, BD_LIFT_PATCH_ADRP, 0x0143d000 },
	{ 0x012ad0, BD_LIFT_PATCH_ADRP, 0x0143d000 },
	{ 0x012ae4, BD_LIFT_PATCH_ADRP, 0x0143d000 },
	{ 0x012af8, BD_LIFT_PATCH_ADRP, 0x0143d000 },
	{ 0x012b0c, BD_LIFT_PATCH_ADRP, 0x0143d000 },
	{ 0x012b18, BD_LIFT_PATCH_ADRP, 0x0143d000 },
	{ 0x012b24, BD_LIFT_PATCH_ADRP, 0x0143d000 },
	{ 0x012b30, BD_LIFT_PATCH_ADRP, 0x0143d000 },
	{ 0x012b40, BD_LIFT_PATCH_ADRP, 0x0143d000 },
	{ 0x012b4c, BD_LIFT_PATCH_ADRP, 0x0143d000 },
	{ 0x012b58, BD_LIFT_PATCH_ADRP, 0x0143d000 },
	{ 0x012b64, BD_LIFT_PATCH_ADRP, 0x0143d000 },
	{ 0x012b70, BD_LIFT_PATCH_ADRP, 0x0143d000 },
	{ 0x012b80, BD_LIFT_PATCH_ADRP, 0x01462000 },
	{ 0x012b8c, BD_LIFT_PATCH_ADRP, 0x01462000 },
	{ 0x012b9c, BD_LIFT_PATCH_ADRP, 0x0143a000 },
	{ 0x012bb0, BD_LIFT_PATCH_ADRP, 0x01462000 },
	{ 0x012bbc, BD_LIFT_PATCH_ADRP, 0x01462000 },
	{ 0x012bd0, BD_LIFT_PATCH_ADRP, 0x01462000 },
	{ 0x012bf4, BD_LIFT_PATCH_ADRP, 0x0143d000 },
	{ 0x012c00, BD_LIFT_PATCH_ADRP, 0x0143d000 },
	{ 0x012c0c, BD_LIFT_PATCH_ADRP, 0x0143d000 },
	{ 0x012c18, BD_LIFT_PATCH_ADRP, 0x0143d000 },
	{ 0x012c24, BD_LIFT_PATCH_ADRP, 0x0143d000 },
	{ 0x012c34, BD_LIFT_PATCH_ADRP, 0x0143d000 },
	{ 0x012c40, BD_LIFT_PATCH_ADRP, 0x0143d000 },
	{ 0x012c4c, BD_LIFT_PATCH_ADRP, 0x0143d000 },
	{ 0x012c60, BD_LIFT_PATCH_ADRP, 0x0143d000 },
	{ 0x012c74, BD_LIFT_PATCH_ADRP, 0x0143d000 },
	{ 0x012c88, BD_LIFT_PATCH_ADRP, 0x0143d000 },
	{ 0x012c9c, BD_LIFT_PATCH_ADRP, 0x0143d000 },
	{ 0x012cb0, BD_LIFT_PATCH_ADRP, 0x0143d000 },
	{ 0x012cbc, BD_LIFT_PATCH_ADRP, 0x0143d000 },
	{ 0x012ccc, BD_LIFT_PATCH_ADRP, 0x0143d000 },
	{ 0x012cdc, BD_LIFT_PATCH_ADRP, 0x0143d000 },
	{ 0x012cf4, BD_LIFT_PATCH_ADRP, 0x0143d000 },
	{ 0x012d08, BD_LIFT_PATCH_ADRP, 0x0143d000 },
	{ 0x012d18, BD_LIFT_PATCH_ADRP, 0x0143d000 },
	{ 0x012d28, BD_LIFT_PATCH_ADRP, 0x0143d000 },
	{ 0x012d40, BD_LIFT_PATCH_ADRP, 0x0143d000 },
	{ 0x012d54, BD_LIFT_PATCH_ADRP, 0x0143d000 },
	{ 0x012d64, BD_LIFT_PATCH_ADRP, 0x0143d000 },
	{ 0x012d70, BD_LIFT_PATCH_ADRP, 0x0143d000 },
	{ 0x012d7c, BD_LIFT_PATCH_ADRP, 0x0143d000 },
	{ 0x012d88, BD_LIFT_PATCH_ADRP, 0x0143d000 },
	{ 0x012d98, BD_LIFT_PATCH_ADRP, 0x0143d000 },
	{ 0x012da4, BD_LIFT_PATCH_ADRP, 0x0143d000 },
	{ 0x012db0, BD_LIFT_PATCH_ADRP, 0x0143d000 },
	{ 0x012dc4, BD_LIFT_PATCH_ADRP, 0x0143d000 },
	{ 0x012dd0, BD_LIFT_PATCH_ADRP, 0x0143d000 },
	{ 0x012de0, BD_LIFT_PATCH_ADRP, 0x0143d000 },
	{ 0x012df0, BD_LIFT_PATCH_ADRP, 0x0143d000 },
	{ 0x012e08, BD_LIFT_PATCH_ADRP, 0x0143d000 },
	{ 0x012e1c, BD_LIFT_PATCH_ADRP, 0x0143d000 },
	{ 0x012e2c, BD_LIFT_PATCH_ADRP, 0x0143d000 },
	{ 0x012e3c, BD_LIFT_PATCH_ADRP, 0x0143d000 },
	{ 0x012e54, BD_LIFT_PATCH_ADRP, 0x0143d000 },
	{ 0x012e68, BD_LIFT_PATCH_ADRP, 0x0143d000 },
	{ 0x012e78, BD_LIFT_PATCH_ADRP, 0x0143d000 },
	{ 0x012e84, BD_LIFT_PATCH_ADRP, 0x0143d000 },
	{ 0x012e90, BD_LIFT_PATCH_ADRP, 0x0143d000 },
	{ 0x012e9c, BD_LIFT_PATCH_ADRP, 0x0143d000 },
	{ 0x012eac, BD_LIFT_PATCH_ADRP, 0x0143d000 },
	{ 0x012eb8, BD_LIFT_PATCH_ADRP, 0x0143d000 },
	{ 0x012ec4, BD_LIFT_PATCH_ADRP, 0x0143d000 },
	{ 0x012ed0, BD_LIFT_PATCH_ADRP, 0x0143d000 },
	{ 0x012edc, BD_LIFT_PATCH_ADRP, 0x0143d000 },
	{ 0x012eec, BD_LIFT_PATCH_ADRP, 0x01462000 },
	{ 0x012ef8, BD_LIFT_PATCH_ADRP, 0x01462000 },
	{ 0x012f08, BD_LIFT_PATCH_ADRP, 0x0143a000 },
	{ 0x012f2c, BD_LIFT_PATCH_ADRP, 0x01462000 },
	{ 0x012f50, BD_LIFT_PATCH_ADRP, 0x0143d000 },
	{ 0x012f5c, BD_LIFT_PATCH_ADRP, 0x0143d000 },
	{ 0x012f68, BD_LIFT_PATCH_ADRP, 0x0143d000 },
	{ 0x012f74, BD_LIFT_PATCH_ADRP, 0x0143d000 },
	{ 0x012f80, BD_LIFT_PATCH_ADRP, 0x0143d000 },
	{ 0x012f90, BD_LIFT_PATCH_ADRP, 0x0143d000 },
	{ 0x012f9c, BD_LIFT_PATCH_ADRP, 0x0143d000 },
	{ 0x012fa8, BD_LIFT_PATCH_ADRP, 0x0143d000 },
	{ 0x012fb4, BD_LIFT_PATCH_ADRP, 0x0143d000 },
	{ 0x013004, BD_LIFT_PATCH_ADRP, 0x0143d000 },
	{ 0x013034, BD_LIFT_PATCH_ADRP, 0x0143d000 },
	{ 0x013048, BD_LIFT_PATCH_ADRP, 0x0143d000 },
	{ 0x01305c, BD_LIFT_PATCH_ADRP, 0x0143d000 },
	{ 0x01306c, BD_LIFT_PATCH_ADRP, 0x0143d000 },
	{ 0x013084, BD_LIFT_PATCH_ADRP, 0x0143d000 },
	{ 0x013098, BD_LIFT_PATCH_ADRP, 0x0143d000 },
	{ 0x0130a8, BD_LIFT_PATCH_ADRP, 0x0143d000 },
	{ 0x0130b8, BD_LIFT_PATCH_ADRP, 0x0143d000 },
	{ 0x0130d0, BD_LIFT_PATCH_ADRP, 0x0143d000 },
	{ 0x0130e4, BD_LIFT_PATCH_ADRP, 0x0143d000 },
	{ 0x0130f4, BD_LIFT_PATCH_ADRP, 0x0143d000 },
	{ 0x013100, BD_LIFT_PATCH_ADRP, 0x0143d000 },
	{ 0x013114, BD_LIFT_PATCH_ADRP, 0x0143d000 },
	{ 0x01312c, BD_LIFT_PATCH_ADRP, 0x0143d000 },
	{ 0x013140, BD_LIFT_PATCH_ADRP, 0x0143d000 },
	{ 0x01314c, BD_LIFT_PATCH_ADRP, 0x0143d000 },
	{ 0x013158, BD_LIFT_PATCH_ADRP, 0x0143d000 },
	{ 0x013168, BD_LIFT_PATCH_ADRP, 0x0143d000 },
	{ 0x013174, BD_LIFT_PATCH_ADRP, 0x0143d000 },
	{ 0x013180, BD_LIFT_PATCH_ADRP, 0x0143d000 },
	{ 0x01318c, BD_LIFT_PATCH_ADRP, 0x0143d000 },
	{ 0x0131dc, BD_LIFT_PATCH_ADRP, 0x0143d000 },
	{ 0x01320c, BD_LIFT_PATCH_ADRP, 0x0143d000 },
	{ 0x013220, BD_LIFT_PATCH_ADRP, 0x0143d000 },
	{ 0x013234, BD_LIFT_PATCH_ADRP, 0x0143d000 },
	{ 0x013244, BD_LIFT_PATCH_ADRP, 0x0143d000 },
	{ 0x01325c, BD_LIFT_PATCH_ADRP, 0x0143d000 },
	{ 0x013270, BD_LIFT_PATCH_ADRP, 0x0143d000 },
	{ 0x013284, BD_LIFT_PATCH_ADRP, 0x0143d000 },
	{ 0x013294, BD_LIFT_PATCH_ADRP, 0x0143d000 },
	{ 0x0132a8, BD_LIFT_PATCH_ADRP, 0x0143d000 },
	{ 0x0132b8, BD_LIFT_PATCH_ADRP, 0x0143d000 },
	{ 0x0132c8, BD_LIFT_PATCH_ADRP, 0x0143d000 },
	{ 0x0132e0, BD_LIFT_PATCH_ADRP, 0x0143d000 },
	{ 0x0132f4, BD_LIFT_PATCH_ADRP, 0x0143d000 },
	{ 0x013304, BD_LIFT_PATCH_ADRP, 0x0143d000 },
	{ 0x013310, BD_LIFT_PATCH_ADRP, 0x0143d000 },
	{ 0x013324, BD_LIFT_PATCH_ADRP, 0x0143d000 },
	{ 0x01333c, BD_LIFT_PATCH_ADRP, 0x0143d000 },
	{ 0x013350, BD_LIFT_PATCH_ADRP, 0x0143d000 },
	{ 0x01335c, BD_LIFT_PATCH_ADRP, 0x0143d000 },
	{ 0x013368, BD_LIFT_PATCH_ADRP, 0x0143d000 },
	{ 0x013378, BD_LIFT_PATCH_ADRP, 0x0143d000 },
	{ 0x013384, BD_LIFT_PATCH_ADRP, 0x0143d000 },
	{ 0x013390, BD_LIFT_PATCH_ADRP, 0x0143d000 },
	{ 0x01339c, BD_LIFT_PATCH_ADRP, 0x0143d000 },
	{ 0x0133a8, BD_LIFT_PATCH_ADRP, 0x0143d000 },
	{ 0x0133bc, BD_LIFT_PATCH_ADRP, 0x0143d000 },
	{ 0x0133cc, BD_LIFT_PATCH_ADRP, 0x0143d000 },
	{ 0x0133e4, BD_LIFT_PATCH_ADRP, 0x0143d000 },
	{ 0x0133f4, BD_LIFT_PATCH_ADRP, 0x0143d000 },
	{ 0x01340c, BD_LIFT_PATCH_ADRP, 0x01462000 },
	{ 0x013420, BD_LIFT_PATCH_ADRP, 0x0143d000 },
	{ 0x013430, BD_LIFT_PATCH_ADRP, 0x0143d000 },
	{ 0x013448, BD_LIFT_PATCH_ADRP, 0x0143d000 },
	{ 0x01345c, BD_LIFT_PATCH_ADRP, 0x0143d000 },
	{ 0x01346c, BD_LIFT_PATCH_ADRP, 0x0143d000 },
	{ 0x01347c, BD_LIFT_PATCH_ADRP, 0x0143d000 },
	{ 0x013494, BD_LIFT_PATCH_ADRP, 0x0143d000 },
	{ 0x0134a8, BD_LIFT_PATCH_ADRP, 0x0143d000 },
	{ 0x0134b8, BD_LIFT_PATCH_ADRP, 0x0143d000 },
	{ 0x0134c4, BD_LIFT_PATCH_ADRP, 0x0143d000 },
	{ 0x0134d8, BD_LIFT_PATCH_ADRP, 0x0143d000 },
	{ 0x0134f0, BD_LIFT_PATCH_ADRP, 0x0143d000 },
	{ 0x013504, BD_LIFT_PATCH_ADRP, 0x0143d000 },
	{ 0x013510, BD_LIFT_PATCH_ADRP, 0x0143d000 },
	{ 0x01351c, BD_LIFT_PATCH_ADRP, 0x0143d000 },
	{ 0x01352c, BD_LIFT_PATCH_ADRP, 0x01462000 },
	{ 0x013540, BD_LIFT_PATCH_ADRP, 0x0143d000 },
	{ 0x013550, BD_LIFT_PATCH_ADRP, 0x0143d000 },
	{ 0x013568, BD_LIFT_PATCH_ADRP, 0x0143d000 },
	{ 0x01357c, BD_LIFT_PATCH_ADRP, 0x0143d000 },
	{ 0x013590, BD_LIFT_PATCH_ADRP, 0x0143d000 },
	{ 0x0135a0, BD_LIFT_PATCH_ADRP, 0x0143d000 },
	{ 0x0135b4, BD_LIFT_PATCH_ADRP, 0x0143d000 },
	{ 0x0135c4, BD_LIFT_PATCH_ADRP, 0x0143d000 },
	{ 0x0135d4, BD_LIFT_PATCH_ADRP, 0x0143d000 },
	{ 0x0135ec, BD_LIFT_PATCH_ADRP, 0x0143d000 },
	{ 0x013600, BD_LIFT_PATCH_ADRP, 0x0143d000 },
	{ 0x013610, BD_LIFT_PATCH_ADRP, 0x0143d000 },
	{ 0x01361c, BD_LIFT_PATCH_ADRP, 0x0143d000 },
	{ 0x013630, BD_LIFT_PATCH_ADRP, 0x0143d000 },
	{ 0x013648, BD_LIFT_PATCH_ADRP, 0x0143d000 },
	{ 0x01365c, BD_LIFT_PATCH_ADRP, 0x0143d000 },
	{ 0x013668, BD_LIFT_PATCH_ADRP, 0x0143d000 },
	{ 0x013674, BD_LIFT_PATCH_ADRP, 0x0143d000 },
	{ 0x013684, BD_LIFT_PATCH_ADRP, 0x0143d000 },
	{ 0x013690, BD_LIFT_PATCH_ADRP, 0x0143d000 },
	{ 0x01369c, BD_LIFT_PATCH_ADRP, 0x0143d000 },
	{ 0x0136a8, BD_LIFT_PATCH_ADRP, 0x0143d000 },
	{ 0x0136b4, BD_LIFT_PATCH_ADRP, 0x0143d000 },
	{ 0x0136c0, BD_LIFT_PATCH_ADRP, 0x01462000 },
	{ 0x0136d4, BD_LIFT_PATCH_ADRP, 0x0143d000 },
	{ 0x0136e4, BD_LIFT_PATCH_ADRP, 0x0143a000 },
	{ 0x0136f8, BD_LIFT_PATCH_ADRP, 0x0143d000 },
	{ 0x013708, BD_LIFT_PATCH_ADRP, 0x0143d000 },
	{ 0x013714, BD_LIFT_PATCH_ADRP, 0x0143d000 },
	{ 0x013720, BD_LIFT_PATCH_ADRP, 0x0143d000 },
	{ 0x013734, BD_LIFT_PATCH_ADRP, 0x01462000 },
	{ 0x013740, BD_LIFT_PATCH_ADRP, 0x01462000 },
	{ 0x01374c, BD_LIFT_PATCH_ADRP, 0x0143d000 },
	{ 0x013788, BD_LIFT_PATCH_ADRP, 0x01462000 },
	{ 0x01379c, BD_LIFT_PATCH_ADRP, 0x01462000 },
	{ 0x0137d4, BD_LIFT_PATCH_ADRP, 0x0143a000 },
	{ 0x0137e8, BD_LIFT_PATCH_ADRP, 0x01462000 },
	{ 0x013814, BD_LIFT_PATCH_ADRP, 0x01462000 },
	{ 0x013844, BD_LIFT_PATCH_ADRP, 0x0143d000 },
	{ 0x0146bc, BD_LIFT_PATCH_ADRP, 0x01462000 },
	{ 0x0148a8, BD_LIFT_PATCH_ADRP, 0x0143d000 },
	{ 0x0148b8, BD_LIFT_PATCH_ADRP, 0x0143d000 },
	{ 0x0148c4, BD_LIFT_PATCH_ADRP, 0x0143d000 },
	{ 0x0148d8, BD_LIFT_PATCH_ADRP, 0x0143d000 },
	{ 0x0148ec, BD_LIFT_PATCH_ADRP, 0x0143d000 },
	{ 0x014900, BD_LIFT_PATCH_ADRP, 0x0143d000 },
	{ 0x014910, BD_LIFT_PATCH_ADRP, 0x0143d000 },
	{ 0x014924, BD_LIFT_PATCH_ADRP, 0x0143d000 },
	{ 0x014938, BD_LIFT_PATCH_ADRP, 0x0143d000 },
	{ 0x014948, BD_LIFT_PATCH_ADRP, 0x0143d000 },
	{ 0x014954, BD_LIFT_PATCH_ADRP, 0x0143d000 },
	{ 0x014968, BD_LIFT_PATCH_ADRP, 0x0143d000 },
	{ 0x014994, BD_LIFT_PATCH_ADRP, 0x0143a000 },
	{ 0x0149a4, BD_LIFT_PATCH_ADRP, 0x0143a000 },
	{ 0x014a30, BD_LIFT_PATCH_ADRP, 0x0143a000 },
	{ 0x014cbc, BD_LIFT_PATCH_ADRP, 0x0143a000 },
	{ 0x014ce8, BD_LIFT_PATCH_ADRP, 0x0143a000 },
	{ 0x014d10, BD_LIFT_PATCH_ADRP, 0x0143a000 },
	{ 0x014d38, BD_LIFT_PATCH_ADRP, 0x0143a000 },
	{ 0x014d74, BD_LIFT_PATCH_ADRP, 0x0143a000 },
	{ 0x014df4, BD_LIFT_PATCH_ADRP, 0x0143a000 },
	{ 0x014ebc, BD_LIFT_PATCH_ADRP, 0x0143d000 },
	{ 0x014f04, BD_LIFT_PATCH_ADRP, 0x0143d000 },
	{ 0x014f34, BD_LIFT_PATCH_ADRP, 0x0143d000 },
	{ 0x014f5c, BD_LIFT_PATCH_ADRP, 0x0143d000 },
	{ 0x014f6c, BD_LIFT_PATCH_ADRP, 0x0143d000 },
	{ 0x014f94, BD_LIFT_PATCH_ADRP, 0x0143d000 },
	{ 0x014fa8, BD_LIFT_PATCH_ADRP, 0x0143d000 },
	{ 0x014fbc, BD_LIFT_PATCH_ADRP, 0x0143d000 },
	{ 0x014fd0, BD_LIFT_PATCH_ADRP, 0x0143d000 },
	{ 0x014fe4, BD_LIFT_PATCH_ADRP, 0x0143d000 },
	{ 0x014ff8, BD_LIFT_PATCH_ADRP, 0x0143d000 },
	{ 0x015004, BD_LIFT_PATCH_ADRP, 0x0143d000 },
	{ 0x015028, BD_LIFT_PATCH_ADRP, 0x0143d000 },
	{ 0x01504c, BD_LIFT_PATCH_ADRP, 0x0143d000 },
	{ 0x015098, BD_LIFT_PATCH_ADRP, 0x0143d000 },
	{ 0x0150b8, BD_LIFT_PATCH_ADRP, 0x0143d000 },
	{ 0x0150c8, BD_LIFT_PATCH_ADRP, 0x0143d000 },
	{ 0x0150d4, BD_LIFT_PATCH_ADRP, 0x0143d000 },
	{ 0x0150e8, BD_LIFT_PATCH_ADRP, 0x0143d000 },
	{ 0x0150fc, BD_LIFT_PATCH_ADRP, 0x0143d000 },
	{ 0x01510c, BD_LIFT_PATCH_ADRP, 0x0143d000 },
	{ 0x015120, BD_LIFT_PATCH_ADRP, 0x0143d000 },
	{ 0x01512c, BD_LIFT_PATCH_ADRP, 0x0143d000 },
	{ 0x01513c, BD_LIFT_PATCH_ADRP, 0x0143d000 },
	{ 0x015150, BD_LIFT_PATCH_ADRP, 0x0143d000 },
	{ 0x01515c, BD_LIFT_PATCH_ADRP, 0x0143d000 },
	{ 0x015168, BD_LIFT_PATCH_ADRP, 0x0143a000 },
	{ 0x015178, BD_LIFT_PATCH_ADRP, 0x0143d000 },
	{ 0x01518c, BD_LIFT_PATCH_ADRP, 0x0143d000 },
	{ 0x0151a8, BD_LIFT_PATCH_ADRP, 0x0143d000 },
	{ 0x0151b8, BD_LIFT_PATCH_ADRP, 0x0143d000 },
	{ 0x0151cc, BD_LIFT_PATCH_ADRP, 0x0143d000 },
	{ 0x0151e8, BD_LIFT_PATCH_ADRP, 0x0143d000 },
	{ 0x0151f4, BD_LIFT_PATCH_ADRP, 0x0143d000 },
	{ 0x015308, BD_LIFT_PATCH_ADRP, 0x0143d000 },
	{ 0x015314, BD_LIFT_PATCH_ADRP, 0x0143d000 },
	{ 0x015320, BD_LIFT_PATCH_ADRP, 0x0143d000 },
	{ 0x015340, BD_LIFT_PATCH_ADRP, 0x0143d000 },
	{ 0x015350, BD_LIFT_PATCH_ADRP, 0x0143d000 },
	{ 0x015364, BD_LIFT_PATCH_ADRP, 0x0143d000 },
	{ 0x015374, BD_LIFT_PATCH_ADRP, 0x0143d000 },
	{ 0x015398, BD_LIFT_PATCH_ADRP, 0x0143d000 },
	{ 0x0153c4, BD_LIFT_PATCH_ADRP, 0x0143d000 },
	{ 0x0153e8, BD_LIFT_PATCH_ADRP, 0x0143d000 },
	{ 0x015414, BD_LIFT_PATCH_ADRP, 0x0143d000 },
	{ 0x015424, BD_LIFT_PATCH_ADRP, 0x0143d000 },
	{ 0x01543c, BD_LIFT_PATCH_ADRP, 0x0143d000 },
	{ 0x01544c, BD_LIFT_PATCH_ADRP, 0x0143d000 },
	{ 0x015464, BD_LIFT_PATCH_ADRP, 0x0143d000 },
	{ 0x01549c, BD_LIFT_PATCH_ADRP, 0x0143d000 },
	{ 0x0154ac, BD_LIFT_PATCH_ADRP, 0x0143d000 },
	{ 0x0154c4, BD_LIFT_PATCH_ADRP, 0x0143d000 },
	{ 0x0154e4, BD_LIFT_PATCH_ADRP, 0x0143d000 },
	{ 0x0154f0, BD_LIFT_PATCH_ADRP, 0x0143d000 },
	{ 0x015518, BD_LIFT_PATCH_ADRP, 0x0143d000 },
	{ 0x015528, BD_LIFT_PATCH_ADRP, 0x0143d000 },
	{ 0x015550, BD_LIFT_PATCH_ADRP, 0x0143d000 },
	{ 0x01555c, BD_LIFT_PATCH_ADRP, 0x0143d000 },
	{ 0x015584, BD_LIFT_PATCH_ADRP, 0x0143d000 },
	{ 0x0155a4, BD_LIFT_PATCH_ADRP, 0x0143d000 },
	{ 0x01560c, BD_LIFT_PATCH_ADRP, 0x0143d000 },
	{ 0x01561c, BD_LIFT_PATCH_ADRP, 0x0143d000 },
	{ 0x015630, BD_LIFT_PATCH_ADRP, 0x0143d000 },
	{ 0x015640, BD_LIFT_PATCH_ADRP, 0x0143d000 },
	{ 0x01564c, BD_LIFT_PATCH_ADRP, 0x0143d000 },
	{ 0x015658, BD_LIFT_PATCH_ADRP, 0x0143d000 },
	{ 0x015664, BD_LIFT_PATCH_ADRP, 0x0143d000 },
	{ 0x015670, BD_LIFT_PATCH_ADRP, 0x0143d000 },
	{ 0x01567c, BD_LIFT_PATCH_ADRP, 0x0143d000 },
	{ 0x015690, BD_LIFT_PATCH_ADRP, 0x0143d000 },
	{ 0x0156a4, BD_LIFT_PATCH_ADRP, 0x0143d000 },
	{ 0x0156b8, BD_LIFT_PATCH_ADRP, 0x0143d000 },
	{ 0x0156c8, BD_LIFT_PATCH_ADRP, 0x0143d000 },
	{ 0x0156e0, BD_LIFT_PATCH_ADRP, 0x0143d000 },
	{ 0x0156f0, BD_LIFT_PATCH_ADRP, 0x01462000 },
	{ 0x015704, BD_LIFT_PATCH_ADRP, 0x0143d000 },
	{ 0x015724, BD_LIFT_PATCH_ADRP, 0x0143b000 },
	{ 0x015758, BD_LIFT_PATCH_ADRP, 0x0143a000 },
	{ 0x01578c, BD_LIFT_PATCH_ADRP, 0x0143d000 },
	{ 0x0157b4, BD_LIFT_PATCH_ADRP, 0x0143d000 },
	{ 0x0157cc, BD_LIFT_PATCH_ADRP, 0x0143d000 },
	{ 0x0157f4, BD_LIFT_PATCH_ADRP, 0x0143d000 },
	{ 0x015800, BD_LIFT_PATCH_ADRP, 0x0143d000 },
	{ 0x01580c, BD_LIFT_PATCH_ADRP, 0x0143d000 },
	{ 0x015818, BD_LIFT_PATCH_ADRP, 0x0143d000 },
	{ 0x015824, BD_LIFT_PATCH_ADRP, 0x0143d000 },
	{ 0x015830, BD_LIFT_PATCH_ADRP, 0x0143a000 },
	{ 0x01583c, BD_LIFT_PATCH_ADRP, 0x0143d000 },
	{ 0x015848, BD_LIFT_PATCH_ADRP, 0x0143d000 },
	{ 0x015854, BD_LIFT_PATCH_ADRP, 0x0143d000 },
	{ 0x015860, BD_LIFT_PATCH_ADRP, 0x0143d000 },
	{ 0x0158ac, BD_LIFT_PATCH_ADRP, 0x0143a000 },
	{ 0x0158c0, BD_LIFT_PATCH_ADRP, 0x0143d000 },
	{ 0x0158d4, BD_LIFT_PATCH_ADRP, 0x0143d000 },
	{ 0x0158e8, BD_LIFT_PATCH_ADRP, 0x0143d000 },
	{ 0x0158fc, BD_LIFT_PATCH_ADRP, 0x0143d000 },
	{ 0x015908, BD_LIFT_PATCH_ADRP, 0x0143d000 },
	{ 0x01591c, BD_LIFT_PATCH_ADRP, 0x0143d000 },
	{ 0x015930, BD_LIFT_PATCH_ADRP, 0x0143d000 },
	{ 0x015944, BD_LIFT_PATCH_ADRP, 0x0143d000 },
	{ 0x01597c, BD_LIFT_PATCH_ADRP, 0x0143c000 },
	{ 0x015984, BD_LIFT_PATCH_ADRP, 0x0143d000 },
	{ 0x01598c, BD_LIFT_PATCH_ADRP, 0x0143c000 },
	{ 0x015994, BD_LIFT_PATCH_ADRP, 0x0143d000 },
	{ 0x01599c, BD_LIFT_PATCH_ADRP, 0x0143b000 },
	{ 0x0159a4, BD_LIFT_PATCH_ADRP, 0x0143d000 },
	{ 0x0159cc, BD_LIFT_PATCH_ADRP, 0x0143d000 },
	{ 0x0159f0, BD_LIFT_PATCH_ADRP, 0x0143b000 },
	{ 0x0159f8, BD_LIFT_PATCH_ADRP, 0x0143b000 },
	{ 0x015a08, BD_LIFT_PATCH_ADRP, 0x0143b000 },
	{ 0x015a10, BD_LIFT_PATCH_ADRP, 0x0099d000 },
	{ 0x015a20, BD_LIFT_PATCH_ADRP, 0x0143d000 },
	{ 0x015a28, BD_LIFT_PATCH_ADRP, 0x0143b000 },
	{ 0x015a44, BD_LIFT_PATCH_ADRP, 0x0143b000 },
	{ 0x015a4c, BD_LIFT_PATCH_ADRP, 0x0143c000 },
	{ 0x015a5c, BD_LIFT_PATCH_ADRP, 0x0143b000 },
	{ 0x015a64, BD_LIFT_PATCH_ADRP, 0x0099d000 },
	{ 0x015a74, BD_LIFT_PATCH_ADRP, 0x0143d000 },
	{ 0x015a7c, BD_LIFT_PATCH_ADRP, 0x0143b000 },
	{ 0x015a98, BD_LIFT_PATCH_ADRP, 0x0143b000 },
	{ 0x015aa0, BD_LIFT_PATCH_ADRP, 0x0143c000 },
	{ 0x015ab0, BD_LIFT_PATCH_ADRP, 0x0143b000 },
	{ 0x015ab8, BD_LIFT_PATCH_ADRP, 0x0099d000 },
	{ 0x015ac8, BD_LIFT_PATCH_ADRP, 0x0143d000 },
	{ 0x015ad0, BD_LIFT_PATCH_ADRP, 0x0143b000 },
	{ 0x015af0, BD_LIFT_PATCH_ADRP, 0x0143d000 },
	{ 0x015af8, BD_LIFT_PATCH_ADRP, 0x0143d000 },
	{ 0x015b00, BD_LIFT_PATCH_ADRP, 0x0143d000 },
	{ 0x015b18, BD_LIFT_PATCH_ADRP, 0x01462000 },
	{ 0x015b30, BD_LIFT_PATCH_ADRP, 0x0143d000 },
	{ 0x015b48, BD_LIFT_PATCH_ADRP, 0x0143d000 },
	{ 0x015b60, BD_LIFT_PATCH_ADRP, 0x0143d000 },
	{ 0x015b78, BD_LIFT_PATCH_ADRP, 0x0143d000 },
	{ 0x015b90, BD_LIFT_PATCH_ADRP, 0x0143d000 },
	{ 0x015ba8, BD_LIFT_PATCH_ADRP, 0x0143d000 },
	{ 0x015c9c, BD_LIFT_PATCH_ADRP, 0x0143d000 },
	{ 0x015cc8, BD_LIFT_PATCH_ADRP, 0x0143d000 },
	{ 0x015cdc, BD_LIFT_PATCH_ADRP, 0x0143d000 },
	{ 0x015cf0, BD_LIFT_PATCH_ADRP, 0x0143d000 },
	{ 0x015d28, BD_LIFT_PATCH_ADRP, 0x0143d000 },
	{ 0x015d3c, BD_LIFT_PATCH_ADRP, 0x0143d000 },
	{ 0x015d58, BD_LIFT_PATCH_ADRP, 0x0143d000 },
	{ 0x015d6c, BD_LIFT_PATCH_ADRP, 0x0143d000 },
	{ 0x015d80, BD_LIFT_PATCH_ADRP, 0x0143d000 },
	{ 0x015dc4, BD_LIFT_PATCH_ADRP, 0x0143d000 },
	{ 0x015dd4, BD_LIFT_PATCH_ADRP, 0x0143d000 },
	{ 0x015dfc, BD_LIFT_PATCH_ADRP, 0x0143d000 },
	{ 0x015e0c, BD_LIFT_PATCH_ADRP, 0x0143d000 },
	{ 0x015e20, BD_LIFT_PATCH_ADRP, 0x0143d000 },
	{ 0x015e58, BD_LIFT_PATCH_ADRP, 0x0143d000 },
	{ 0x015e68, BD_LIFT_PATCH_ADRP, 0x0143d000 },
	{ 0x015e94, BD_LIFT_PATCH_ADRP, 0x0143d000 },
	{ 0x015ea4, BD_LIFT_PATCH_ADRP, 0x0143d000 },
	{ 0x015eb8, BD_LIFT_PATCH_ADRP, 0x0143d000 },
	{ 0x015f28, BD_LIFT_PATCH_ADRP, 0x0143d000 },
	{ 0x015f34, BD_LIFT_PATCH_ADRP, 0x0143d000 },
	{ 0x015f50, BD_LIFT_PATCH_ADRP, 0x0143d000 },
	{ 0x015f64, BD_LIFT_PATCH_ADRP, 0x01462000 },
	{ 0x015fb0, BD_LIFT_PATCH_ADRP, 0x0143d000 },
	{ 0x015fc8, BD_LIFT_PATCH_ADRP, 0x01462000 },
	{ 0x015fe0, BD_LIFT_PATCH_ADRP, 0x0143d000 },
	{ 0x015ff4, BD_LIFT_PATCH_ADRP, 0x0143b000 },
	{ 0x015ffc, BD_LIFT_PATCH_ADRP, 0x0143d000 },
	{ 0x016014, BD_LIFT_PATCH_ADRP, 0x0143a000 },
	{ 0x016030, BD_LIFT_PATCH_ADRP, 0x0143b000 },
	{ 0x016054, BD_LIFT_PATCH_ADRP, 0x0143d000 },
	{ 0x016074, BD_LIFT_PATCH_ADRP, 0x0143d000 },
	{ 0x016088, BD_LIFT_PATCH_ADRP, 0x0143d000 },
	{ 0x0160a8, BD_LIFT_PATCH_ADRP, 0x0143d000 },
	{ 0x0160c0, BD_LIFT_PATCH_ADRP, 0x0143d000 },
	{ 0x0160d8, BD_LIFT_PATCH_ADRP, 0x0143d000 },
	{ 0x0160f0, BD_LIFT_PATCH_ADRP, 0x01462000 },
	{ 0x016108, BD_LIFT_PATCH_ADRP, 0x0143d000 },
	{ 0x016120, BD_LIFT_PATCH_ADRP, 0x0143d000 },
	{ 0x016138, BD_LIFT_PATCH_ADRP, 0x0143d000 },
	{ 0x016150, BD_LIFT_PATCH_ADRP, 0x0143d000 },
	{ 0x016168, BD_LIFT_PATCH_ADRP, 0x0143d000 },
	{ 0x016180, BD_LIFT_PATCH_ADRP, 0x0143d000 },
	{ 0x016198, BD_LIFT_PATCH_ADRP, 0x0143d000 },
	{ 0x0161b0, BD_LIFT_PATCH_ADRP, 0x01462000 },
	{ 0x0161c8, BD_LIFT_PATCH_ADRP, 0x0143d000 },
	{ 0x0161e0, BD_LIFT_PATCH_ADRP, 0x01462000 },
	{ 0x0161f8, BD_LIFT_PATCH_ADRP, 0x0143a000 },
	{ 0x016210, BD_LIFT_PATCH_ADRP, 0x0143a000 },
	{ 0x016228, BD_LIFT_PATCH_ADRP, 0x0143a000 },
	{ 0x016240, BD_LIFT_PATCH_ADRP, 0x01462000 },
	{ 0x016258, BD_LIFT_PATCH_ADRP, 0x0143d000 },
	{ 0x016270, BD_LIFT_PATCH_ADRP, 0x01462000 },
	{ 0x016284, BD_LIFT_PATCH_ADRP, 0x0143d000 },
	{ 0x01629c, BD_LIFT_PATCH_ADRP, 0x01462000 },
	{ 0x0162c0, BD_LIFT_PATCH_ADRP, 0x0143d000 },
	{ 0x0162d0, BD_LIFT_PATCH_ADRP, 0x0143d000 },
	{ 0x0162e4, BD_LIFT_PATCH_ADRP, 0x0143d000 },
	{ 0x0162f8, BD_LIFT_PATCH_ADRP, 0x0143d000 },
	{ 0x016304, BD_LIFT_PATCH_ADRP, 0x0143d000 },
	{ 0x016318, BD_LIFT_PATCH_ADRP, 0x0143d000 },
	{ 0x016358, BD_LIFT_PATCH_ADRP, 0x0143d000 },
	{ 0x016380, BD_LIFT_PATCH_ADRP, 0x01462000 },
	{ 0x016398, BD_LIFT_PATCH_ADRP, 0x01462000 },
	{ 0x0163b0, BD_LIFT_PATCH_ADRP, 0x01462000 },
	{ 0x0163e0, BD_LIFT_PATCH_ADRP, 0x01462000 },
	{ 0x0163f8, BD_LIFT_PATCH_ADRP, 0x01462000 },
	{ 0x016410, BD_LIFT_PATCH_ADRP, 0x01462000 },
	{ 0x016428, BD_LIFT_PATCH_ADRP, 0x01462000 },
	{ 0x016440, BD_LIFT_PATCH_ADRP, 0x01462000 },
	{ 0x016458, BD_LIFT_PATCH_ADRP, 0x01462000 },
	{ 0x01646c, BD_LIFT_PATCH_ADRP, 0x0143b000 },
	{ 0x016474, BD_LIFT_PATCH_ADRP, 0x0143d000 },
	{ 0x016490, BD_LIFT_PATCH_ADRP, 0x0143a000 },
	{ 0x0164b8, BD_LIFT_PATCH_ADRP, 0x0143b000 },
	{ 0x0164c0, BD_LIFT_PATCH_ADRP, 0x0143a000 },
	{ 0x0164d0, BD_LIFT_PATCH_ADRP, 0x0143b000 },
	{ 0x0164d8, BD_LIFT_PATCH_ADRP, 0x0099e000 },
	{ 0x0164e8, BD_LIFT_PATCH_ADRP, 0x0143d000 },
	{ 0x0164f0, BD_LIFT_PATCH_ADRP, 0x0143b000 },
	{ 0x01651c, BD_LIFT_PATCH_ADRP, 0x0143b000 },
	{ 0x016524, BD_LIFT_PATCH_ADRP, 0x0143b000 },
	{ 0x016534, BD_LIFT_PATCH_ADRP, 0x0143b000 },
	{ 0x01653c, BD_LIFT_PATCH_ADRP, 0x0099d000 },
	{ 0x01654c, BD_LIFT_PATCH_ADRP, 0x0143b000 },
	{ 0x016568, BD_LIFT_PATCH_ADRP, 0x01462000 },
	{ 0x016574, BD_LIFT_PATCH_ADRP, 0x0143d000 },
	{ 0x01658c, BD_LIFT_PATCH_ADRP, 0x01020000 },
	{ 0x01659c, BD_LIFT_PATCH_ADRP, 0x0143d000 },
	{ 0x0165c0, BD_LIFT_PATCH_ADRP, 0x0143d000 },
	{ 0x016628, BD_LIFT_PATCH_ADRP, 0x0143d000 },
	{ 0x016640, BD_LIFT_PATCH_ADRP, 0x0143d000 },
	{ 0x016664, BD_LIFT_PATCH_ADRP, 0x0143d000 },
	{ 0x01668c, BD_LIFT_PATCH_ADRP, 0x0143d000 },
	{ 0x0166bc, BD_LIFT_PATCH_ADRP, 0x0143d000 },
	{ 0x016778, BD_LIFT_PATCH_ADRP, 0x0143a000 },
	{ 0x016784, BD_LIFT_PATCH_ADRP, 0x0143a000 },
	{ 0x0167b4, BD_LIFT_PATCH_ADRP, 0x0143a000 },
	{ 0x0167c4, BD_LIFT_PATCH_ADRP, 0x0143a000 },
	{ 0x0167fc, BD_LIFT_PATCH_ADRP, 0x0143a000 },
	{ 0x016810, BD_LIFT_PATCH_ADRP, 0x0143a000 },
	{ 0x016824, BD_LIFT_PATCH_ADRP, 0x0143d000 },
	{ 0x016834, BD_LIFT_PATCH_ADRP, 0x01462000 },
	{ 0x016858, BD_LIFT_PATCH_ADRP, 0x0143d000 },
	{ 0x016868, BD_LIFT_PATCH_ADRP, 0x0143d000 },
	{ 0x01687c, BD_LIFT_PATCH_ADRP, 0x0143d000 },
	{ 0x016890, BD_LIFT_PATCH_ADRP, 0x0143d000 },
	{ 0x01689c, BD_LIFT_PATCH_ADRP, 0x0143d000 },
	{ 0x0168b0, BD_LIFT_PATCH_ADRP, 0x0143d000 },
	{ 0x0168dc, BD_LIFT_PATCH_ADRP, 0x01462000 },
	{ 0x0168f4, BD_LIFT_PATCH_ADRP, 0x0143d000 },
	{ 0x01690c, BD_LIFT_PATCH_ADRP, 0x0143d000 },
	{ 0x016924, BD_LIFT_PATCH_ADRP, 0x0143d000 },
	{ 0x01693c, BD_LIFT_PATCH_ADRP, 0x0143d000 },
	{ 0x016954, BD_LIFT_PATCH_ADRP, 0x0143d000 },
	{ 0x01696c, BD_LIFT_PATCH_ADRP, 0x0143d000 },
	{ 0x016984, BD_LIFT_PATCH_ADRP, 0x0143d000 },
	{ 0x01699c, BD_LIFT_PATCH_ADRP, 0x0143d000 },
	{ 0x0169b4, BD_LIFT_PATCH_ADRP, 0x01462000 },
	{ 0x0169cc, BD_LIFT_PATCH_ADRP, 0x01462000 },
	{ 0x0169e4, BD_LIFT_PATCH_ADRP, 0x0143d000 },
	{ 0x0169fc, BD_LIFT_PATCH_ADRP, 0x0143d000 },
	{ 0x016a14, BD_LIFT_PATCH_ADRP, 0x01462000 },
	{ 0x016a2c, BD_LIFT_PATCH_ADRP, 0x01462000 },
	{ 0x016a44, BD_LIFT_PATCH_ADRP, 0x01462000 },
	{ 0x016ebc, BD_LIFT_PATCH_ADRP, 0x0143d000 },
	{ 0x016ee4, BD_LIFT_PATCH_ADRP, 0x00bef000 },
	{ 0x016f08, BD_LIFT_PATCH_BL, (BD_API_I2C_SMBUS_READ_I2C_BLOCK_DATA << 1) | 1 },
	{ 0x016f2c, BD_LIFT_PATCH_BL, (BD_API_DEV_WARN << 1) | 1 },
	{ 0x016f34, BD_LIFT_PATCH_BL, (BD_API_I2C_RECOVER_BUS << 1) | 1 },
	{ 0x016f40, BD_LIFT_PATCH_BL, (BD_API___CONST_UDELAY << 1) | 1 },
	{ 0x016f4c, BD_LIFT_PATCH_ADRP, 0x0099e000 },
	{ 0x016f50, BD_LIFT_PATCH_ADRP, 0x00bf0000 },
	{ 0x016f70, BD_LIFT_PATCH_BL, (BD_API_DEV_ERR << 1) | 1 },
	{ 0x016f94, BD_LIFT_PATCH_ADRP, 0x00f7d000 },
	{ 0x016fd8, BD_LIFT_PATCH_BL, (BD_API_USLEEP_RANGE << 1) | 1 },
	{ 0x016fec, BD_LIFT_PATCH_BL, (BD_API_MSLEEP << 1) | 1 },
	{ 0x017000, BD_LIFT_PATCH_ADRP, 0x0099e000 },
	{ 0x017004, BD_LIFT_PATCH_ADRP, 0x00bf0000 },
	{ 0x017018, BD_LIFT_PATCH_BL, (BD_API_PRINTK << 1) | 1 },
	{ 0x01703c, BD_LIFT_PATCH_BL, (BD_API___STACK_CHK_FAIL << 1) | 1 },
	{ 0x017054, BD_LIFT_PATCH_ADRP, 0x00f7d000 },
	{ 0x01708c, BD_LIFT_PATCH_BL, (BD_API_MEMSET << 1) | 1 },
	{ 0x0170a8, BD_LIFT_PATCH_BL, (BD_API_USLEEP_RANGE << 1) | 1 },
	{ 0x017180, BD_LIFT_PATCH_BL, (BD_API___STACK_CHK_FAIL << 1) | 1 },
};

struct bd_lift_fixup { u16 page_idx; u16 off; u8 kind; u32 arg; };
#define BD_FIXUP_PAGE 1
#define BD_FIXUP_SYM  2
static const struct bd_lift_fixup bd_lift_fixups[] = {
};
